Ident;X;Y;Transfers;InjectedTransfers;PodsHandled;PodHandlingTimeAvg;PodHandlingTimeVar;PodHandlingTimeMin;PodHandlingTimeMax;PileOn;IdleTime;UpTime
InputStation0;0.50;12.50;0;0;0;0;0;0;0;0;1800;1800
OutputStation0;35.50;3.50;241;171;34;29.085672904767996;418.20191226866274;4.210093791413101;82.6318542494925;7.088235294117647;876.9757064074854;1800
OutputStation1;35.50;9.50;235;168;35;27.287107587414503;279.85747396206983;4.04444444444448;65.54953823585765;6.714285714285714;898.5284266138891;1800
OutputStation2;0.50;6.50;283;221;28;41.2650265315342;564.9680721973562;4.20222222222219;82.55878045620102;10.107142857142858;714.2889186822963;1800
