Ident;X;Y;Transfers;InjectedTransfers;PodsHandled;PodHandlingTimeAvg;PodHandlingTimeVar;PodHandlingTimeMin;PodHandlingTimeMax;PileOn;IdleTime;UpTime
InputStation0;0.50;12.50;0;0;0;0;0;0;0;0;1800;1800
OutputStation0;35.50;3.50;213;151;37;23.809041573942217;283.45812578341474;4.04444444444448;71.4600000000001;5.756756756756757;987.776926462135;1800
OutputStation1;35.50;9.50;261;200;31;34.63871852197803;573.5915349472788;4.1474098050478005;79.33676045807954;8.419354838709678;799.6309019495345;1800
OutputStation2;0.50;6.50;268;198;33;33.24630198062463;519.248740372641;4.120093791412501;73.51555555555552;8.121212121212121;769.5644372515366;1800
