Ident;X;Y;Transfers;InjectedTransfers;PodsHandled;PodHandlingTimeAvg;PodHandlingTimeVar;PodHandlingTimeMin;PodHandlingTimeMax;PileOn;IdleTime;UpTime
InputStation0;0.50;12.50;0;0;0;0;0;0;0;0;1800;1800
OutputStation0;35.50;3.50;235;173;33;28.7651961179067;326.52459239407085;4.221298693937342;82.8723160136355;7.121212121212121;901.1476477383278;1800
OutputStation1;35.50;9.50;234;179;35;27.775232119192644;293.8372497189949;4.13388888888835;80.74509379141296;6.685714285714286;905.7510245126132;1800
OutputStation2;0.50;6.50;234;176;34;27.96623652447998;402.3053340469561;4.04444444444448;83.44509379141414;6.882352941176471;904.5831388410154;1800
