Ident;X;Y;Transfers;InjectedTransfers;PodsHandled;PodHandlingTimeAvg;PodHandlingTimeVar;PodHandlingTimeMin;PodHandlingTimeMax;PileOn;IdleTime;UpTime
InputStation0;0.50;12.50;0;0;0;0;0;0;0;0;1800;1800
OutputStation0;31.50;3.50;171;144;13;120.77017926149861;2097.862652312394;32.5847186257605;185.0399999999998;13.153846153846153;123.79911271973361;1800
OutputStation1;31.50;9.50;173;138;14;124.44549731619664;4263.939262635977;22.336666666666815;206.91907647171297;12.357142857142858;107.7498699605419;1800
OutputStation2;0.50;6.50;175;135;15;109.05045213579015;3361.1548690369054;21.73999999999978;208.24648627676424;11.666666666666666;87.37821048680408;1800
