Ident;X;Y;Transfers;InjectedTransfers;PodsHandled;PodHandlingTimeAvg;PodHandlingTimeVar;PodHandlingTimeMin;PodHandlingTimeMax;PileOn;IdleTime;UpTime
InputStation0;0.50;12.50;0;0;0;0;0;0;0;0;1800;1800
OutputStation0;35.50;3.50;265;204;32;33.893133343387326;524.3050729478382;4.04444444444448;75.7083333333328;8.28125;785.5313852924352;1800
OutputStation1;35.50;9.50;257;192;32;33.176828778629904;564.226810918186;4.04444444444448;82.87499999999972;8.03125;816.2539611015206;1800
OutputStation2;0.50;6.50;221;160;35;25.935965368701588;251.2627242220963;4.179538235857763;66.39295816768242;6.314285714285714;950.9191774560469;1800
