Ident;X;Y;Transfers;InjectedTransfers;PodsHandled;PodHandlingTimeAvg;PodHandlingTimeVar;PodHandlingTimeMin;PodHandlingTimeMax;PileOn;IdleTime;UpTime
InputStation0;0.50;12.50;0;0;0;0;0;0;0;0;1800;1800
OutputStation0;35.50;3.50;201;141;38;21.924495519391318;350.2134499462798;4.04444444444448;84.83676045807977;5.2894736842105265;1033.633520916161;1800
OutputStation1;35.50;9.50;247;196;33;30.634141196174124;483.1145217954519;4.044444444444423;77.41870130606318;7.484848484848484;856.3623954192055;1800
OutputStation2;0.50;6.50;207;152;37;22.57574841025101;194.50619547650427;4.116111111111081;53.222222222222626;5.594594594594595;1006.533318947482;1800
