Ident;X;Y;Transfers;InjectedTransfers;PodsHandled;PodHandlingTimeAvg;PodHandlingTimeVar;PodHandlingTimeMin;PodHandlingTimeMax;PileOn;IdleTime;UpTime
InputStation0;0.50;12.50;0;0;0;0;0;0;0;0;1800;1800
OutputStation0;31.50;3.50;173;141;20;89.88929617641442;2252.781895607696;32.11925686161902;204.61888888888893;8.65;99.22142844995324;1800
OutputStation1;31.50;9.50;174;141;23;77.14643860537855;1762.3191987231523;20.044444444444444;186.5077777777767;7.565217391304348;92.10927844037342;1800
OutputStation2;0.50;6.50;174;137;23;75.12105966225218;1835.8689130195287;11.931111111110908;164.44888888888954;7.565217391304348;99.25217158833564;1800
