Ident;X;Y;Transfers;InjectedTransfers;PodsHandled;PodHandlingTimeAvg;PodHandlingTimeVar;PodHandlingTimeMin;PodHandlingTimeMax;PileOn;IdleTime;UpTime
InputStation0;0.50;12.50;0;0;0;0;0;0;0;0;1800;1800
OutputStation0;35.50;3.50;250;188;32;32.322219740798694;458.91282336467907;4.04444444444448;81.74185424949701;7.8125;839.8464862767712;1800
OutputStation1;35.50;9.50;233;163;35;27.490534117518195;338.46290543008445;4.1195382358573625;73.80333333333442;6.6571428571428575;911.0427849707012;1800
OutputStation2;0.50;6.50;224;160;32;28.79859375000007;291.4003336470225;4.16944444444448;82.90101731969838;7;942.2862843080932;1800
