Ident;X;Y;Transfers;InjectedTransfers;PodsHandled;PodHandlingTimeAvg;PodHandlingTimeVar;PodHandlingTimeMin;PodHandlingTimeMax;PileOn;IdleTime;UpTime
InputStation0;0.50;12.50;0;0;0;0;0;0;0;0;1800;1800
OutputStation0;35.50;3.50;253;180;30;34.35055218941105;538.0148017711132;4.04444444444448;85.05731601363539;8.433333333333334;828.392914726729;1800
OutputStation1;35.50;9.50;259;183;33;32.191101930716655;370.754239461262;4.04444444444448;74.47287156919106;7.848484848484849;805.2012699222317;1800
OutputStation2;0.50;6.50;268;196;31;35.51900549235901;463.2446918365902;4.178795097476268;84.52111111111162;8.64516129032258;774.670454571204;1800
