Ident;X;Y;Transfers;InjectedTransfers;PodsHandled;PodHandlingTimeAvg;PodHandlingTimeVar;PodHandlingTimeMin;PodHandlingTimeMax;PileOn;IdleTime;UpTime
InputStation0;0.50;12.50;0;0;0;0;0;0;0;0;1800;1800
OutputStation0;35.50;3.50;274;204;30;36.93562602372108;378.8073979690856;4.30944444444458;77.54888888888922;9.133333333333333;748.5336483284514;1800
OutputStation1;35.50;9.50;290;217;31;38.2507026631351;406.84847540923056;4.229444444444425;81.70444444444468;9.35483870967742;684.9154275764311;1800
OutputStation2;0.50;6.50;229;168;34;27.823690686556276;490.8333107293823;4.048701306063094;83.70841993182398;6.735294117647059;920.8858610968718;1800
