Ident;X;Y;Transfers;InjectedTransfers;PodsHandled;PodHandlingTimeAvg;PodHandlingTimeVar;PodHandlingTimeMin;PodHandlingTimeMax;PileOn;IdleTime;UpTime
InputStation0;0.50;12.50;0;0;0;0;0;0;0;0;1800;1800
OutputStation0;35.50;3.50;211;142;38;22.61843814071007;159.52076321166362;4.151486276765127;57.47555555555573;5.552631578947368;990.8810101267595;1800
OutputStation1;35.50;9.50;252;199;32;32.38937500000002;427.17758394104777;4.153888888889128;77.90795816767786;7.875;831.4117101076101;1800
OutputStation2;0.50;6.50;253;195;30;34.06697258186808;520.1854878306566;4.08055555555552;84.76509379141305;8.433333333333334;828.9588529242699;1800
