Ident;X;Y;Transfers;InjectedTransfers;PodsHandled;PodHandlingTimeAvg;PodHandlingTimeVar;PodHandlingTimeMin;PodHandlingTimeMax;PileOn;IdleTime;UpTime
InputStation0;0.50;12.50;0;0;0;0;0;0;0;0;1800;1800
OutputStation0;35.50;3.50;281;207;28;41.26239125835128;491.2424299737462;4.275555555555229;82.29935065303209;10.035714285714286;721.9833767742615;1800
OutputStation1;35.50;9.50;252;194;33;31.348507149862783;518.5481306779624;4.04444444444448;72.87333333333356;7.636363636363637;837.3388526408356;1800
OutputStation2;0.50;6.50;273;207;30;36.65496320272696;522.7158609257048;4.229538235857376;78.5088888888888;9.1;754.1920780803398;1800
