Ident;X;Y;Transfers;InjectedTransfers;PodsHandled;PodHandlingTimeAvg;PodHandlingTimeVar;PodHandlingTimeMin;PodHandlingTimeMax;PileOn;IdleTime;UpTime
InputStation0;0.50;12.50;0;0;0;0;0;0;0;0;1800;1800
OutputStation0;35.50;3.50;174;143;21;84.92261011510365;1408.529962087517;32.17333333333295;195.53703463939564;8.285714285714286;100.76810259295908;1800
OutputStation1;35.50;9.50;171;139;18;94.13593674680138;2272.167728517681;12.65601731969764;195.70795816768214;9.5;129.87163789497305;1800
OutputStation2;0.50;6.50;170;129;19;90.2115159100212;2430.7053220080024;12.006298693937651;185.37833333333538;8.947368421052632;139.1483261404186;1800
