Ident;X;Y;Transfers;InjectedTransfers;PodsHandled;PodHandlingTimeAvg;PodHandlingTimeVar;PodHandlingTimeMin;PodHandlingTimeMax;PileOn;IdleTime;UpTime
InputStation0;0.50;12.50;0;0;0;0;0;0;0;0;1800;1800
OutputStation0;35.50;3.50;238;176;34;28.44184937535613;338.2319269893036;4.30666666666616;73.26342712474661;7;889.2254908192416;1800
OutputStation1;35.50;9.50;227;163;35;26.18409564911943;384.7676591821458;4.04444444444448;85.73852091615959;6.485714285714286;929.3921643954238;1800
OutputStation2;0.50;6.50;217;158;35;25.210042670562657;206.86239214130822;4.04444444444448;54.168888888890024;6.2;967.0086365697573;1800
