Ident;X;Y;Transfers;InjectedTransfers;PodsHandled;PodHandlingTimeAvg;PodHandlingTimeVar;PodHandlingTimeMin;PodHandlingTimeMax;PileOn;IdleTime;UpTime
InputStation0;0.50;12.50;0;0;0;0;0;0;0;0;1800;1800
OutputStation0;35.50;3.50;223;167;37;24.796804725512047;239.70801977604293;4.114913401515196;71.16435065303222;6.027027027027027;949.8508441227311;1800
OutputStation1;35.50;9.50;198;140;37;22.219820014223128;155.9885832057772;4.122777777776946;62.02165947373919;5.351351351351352;1041.8260317055378;1800
OutputStation2;0.50;6.50;209;148;35;24.311422800894846;238.64929654770336;4.04444444444448;71.2105555555554;5.9714285714285715;997.4361183040373;1800
