Ident;X;Y;Transfers;InjectedTransfers;PodsHandled;PodHandlingTimeAvg;PodHandlingTimeVar;PodHandlingTimeMin;PodHandlingTimeMax;PileOn;IdleTime;UpTime
InputStation0;0.50;12.50;0;0;0;0;0;0;0;0;1800;1800
OutputStation0;35.50;3.50;268;202;31;34.32525554579512;502.394856241578;4.04444444444448;79.9462986939368;8.64516129032258;771.4056421540515;1800
OutputStation1;35.50;9.50;241;184;35;28.13485425759045;357.8967371124075;4.044444444444444;63.36509379141353;6.885714285714286;878.0749565590484;1800
OutputStation2;0.50;6.50;235;176;36;25.40459114928447;275.9773008710246;4.04444444444448;68.23453823585851;6.527777777777778;903.4207503312896;1800
