Ident;X;Y;Transfers;InjectedTransfers;PodsHandled;PodHandlingTimeAvg;PodHandlingTimeVar;PodHandlingTimeMin;PodHandlingTimeMax;PileOn;IdleTime;UpTime
InputStation0;0.50;12.50;0;0;0;0;0;0;0;0;1800;1800
OutputStation0;35.50;3.50;235;168;33;29.446402772758162;463.7837171852039;4.04444444444448;84.20444444444502;7.121212121212121;901.4505339767852;1800
OutputStation1;35.50;9.50;230;167;35;26.952825807849536;225.08622556276708;4.04444444444448;67.4466594737446;6.571428571428571;917.7039823968814;1800
OutputStation2;0.50;6.50;276;210;30;37.82357455360228;516.7848359960141;4.223888888888894;84.53083692979544;9.2;740.9694372515124;1800
