Ident;X;Y;Transfers;InjectedTransfers;PodsHandled;PodHandlingTimeAvg;PodHandlingTimeVar;PodHandlingTimeMin;PodHandlingTimeMax;PileOn;IdleTime;UpTime
InputStation0;0.50;12.50;0;0;0;0;0;0;0;0;1800;1800
OutputStation0;35.50;3.50;209;146;35;24.42227520077906;275.7571499675217;4.04444444444448;63.41601731969354;5.9714285714285715;1004.1221500095984;1800
OutputStation1;35.50;9.50;226;166;37;24.764301704600037;204.54761524120067;4.04444444444448;66.23935065303124;6.108108108108108;931.9056853115738;1800
OutputStation2;0.50;6.50;248;192;35;28.930174808686903;261.4007803314129;4.04444444444448;71.59333333333348;7.085714285714285;856.6699277873774;1800
