Ident;X;Y;Transfers;InjectedTransfers;PodsHandled;PodHandlingTimeAvg;PodHandlingTimeVar;PodHandlingTimeMin;PodHandlingTimeMax;PileOn;IdleTime;UpTime
InputStation0;0.50;12.50;0;0;0;0;0;0;0;0;1800;1800
OutputStation0;35.50;3.50;287;203;30;38.88838263612822;529.5553781098464;4.04444444444448;84.55722222222221;9.566666666666666;704.25501438586;1800
OutputStation1;35.50;9.50;280;213;31;36.534525437650515;458.15974946574784;4.0744444444444525;80.53398268030173;9.03225806451613;724.862893147971;1800
OutputStation2;0.50;6.50;252;190;32;31.634444444444533;430.84773369624736;4.04444444444448;80.25055555555525;7.875;834.1684127389115;1800
