Ident;X;Y;Transfers;InjectedTransfers;PodsHandled;PodHandlingTimeAvg;PodHandlingTimeVar;PodHandlingTimeMin;PodHandlingTimeMax;PileOn;IdleTime;UpTime
InputStation0;0.50;12.50;0;0;0;0;0;0;0;0;1800;1800
OutputStation0;35.50;3.50;258;190;34;31.100746328401737;418.706012147641;4.198795097476477;79.14406927879327;7.588235294117647;814.5450071929232;1800
OutputStation1;35.50;9.50;222;157;38;24.122984735048007;250.02878706980104;4.04444444444448;75.59833333333333;5.842105263157895;949.6534196484176;1800
OutputStation2;0.50;6.50;242;178;32;31.377219516019498;536.1269863804944;4.061111111110677;84.69424966869576;7.5625;873.4599640353892;1800
