Ident;X;Y;Transfers;InjectedTransfers;PodsHandled;PodHandlingTimeAvg;PodHandlingTimeVar;PodHandlingTimeMin;PodHandlingTimeMax;PileOn;IdleTime;UpTime
InputStation0;0.50;12.50;0;0;0;0;0;0;0;0;1800;1800
OutputStation0;35.50;3.50;286;206;28;41.69750695627674;703.602624260356;4.077871569190847;84.82851372323489;10.214285714285714;706.3006349610964;1800
OutputStation1;35.50;9.50;263;193;31;34.87482730364914;813.020687911445;4.275555555555229;85.47222222222274;8.483870967741936;789.6206349611315;1800
OutputStation2;0.50;6.50;293;214;28;42.87917671574658;625.6205040088597;8.464444444444553;83.46971862576106;10.464285714285714;679.2484921444714;1800
