Ident;X;Y;Transfers;InjectedTransfers;PodsHandled;PodHandlingTimeAvg;PodHandlingTimeVar;PodHandlingTimeMin;PodHandlingTimeMax;PileOn;IdleTime;UpTime
InputStation0;0.50;12.50;0;0;0;0;0;0;0;0;1800;1800
OutputStation0;35.50;3.50;261;190;32;33.49216179550163;312.32625831524723;4.04444444444448;76.67555555555532;8.15625;800.6775830020549;1800
OutputStation1;35.50;9.50;261;194;34;31.712516551425974;272.09006214790213;4.204999999999927;73.8728715691916;7.676470588235294;801.7410101267917;1800
OutputStation2;0.50;6.50;223;164;34;26.631436207708543;365.71280550365634;4.04444444444448;79.75453823585738;6.5588235294117645;943.6476333524661;1800
