Ident;X;Y;Transfers;InjectedTransfers;PodsHandled;PodHandlingTimeAvg;PodHandlingTimeVar;PodHandlingTimeMin;PodHandlingTimeMax;PileOn;IdleTime;UpTime
InputStation0;0.50;12.50;0;0;0;0;0;0;0;0;1800;1800
OutputStation0;35.50;3.50;246;178;31;32.65699809187036;372.5589182548636;4.20555555555552;69.74231601363545;7.935483870967742;859.6712822477768;1800
OutputStation1;35.50;9.50;264;203;32;33.94464939723836;489.476660531336;4.04444444444448;81.1817604580798;8.25;791.7795454287915;1800
OutputStation2;0.50;6.50;255;201;31;33.61046594982102;286.0917941697045;4.175649346968839;70.67833333333351;8.225806451612904;823.2715078555162;1800
