Ident;X;Y;Transfers;InjectedTransfers;PodsHandled;PodHandlingTimeAvg;PodHandlingTimeVar;PodHandlingTimeMin;PodHandlingTimeMax;PileOn;IdleTime;UpTime
InputStation0;0.50;12.50;0;0;0;0;0;0;0;0;1800;1800
OutputStation0;35.50;3.50;237;169;34;28.71635816624404;330.8292165159212;4.04444444444448;68.53805915201644;6.970588235294118;891.1895718847227;1800
OutputStation1;35.50;9.50;242;181;32;30.96048495471782;406.4781843972896;4.116111111110968;72.74074313838094;7.5625;871.7543588662799;1800
OutputStation2;0.50;6.50;248;185;35;29.439590392366124;391.3460367114274;4.04444444444448;79.45685424949397;7.085714285714285;854.6268997410195;1800
