Ident;X;Y;Transfers;InjectedTransfers;PodsHandled;PodHandlingTimeAvg;PodHandlingTimeVar;PodHandlingTimeMin;PodHandlingTimeMax;PileOn;IdleTime;UpTime
InputStation0;0.50;12.50;0;0;0;0;0;0;0;0;1800;1800
OutputStation0;35.50;3.50;249;180;31;33.18908881500491;450.523474025179;4.122222222222263;74.72111111111116;8.03225806451613;844.6487879045429;1800
OutputStation1;35.50;9.50;271;203;33;33.219067953811475;318.0611976385147;8.3400000000006;73.28129869393686;8.212121212121213;759.194667991867;1800
OutputStation2;0.50;6.50;237;175;34;27.99702062664911;475.96687070308025;4.04444444444448;83.02055555555648;6.970588235294118;894.6237807116465;1800
