Ident;X;Y;Transfers;InjectedTransfers;PodsHandled;PodHandlingTimeAvg;PodHandlingTimeVar;PodHandlingTimeMin;PodHandlingTimeMax;PileOn;IdleTime;UpTime
InputStation0;0.50;12.50;0;0;0;0;0;0;0;0;1800;1800
OutputStation0;35.50;3.50;255;188;33;31.684095059059224;437.1990093132577;4.24722222222249;83.53222222222223;7.7272727272727275;820.4895963460616;1800
OutputStation1;35.50;9.50;232;164;34;28.164243060427733;295.5944154722607;4.051111111111368;66.53842712474602;6.823529411764706;913.3763418514682;1800
OutputStation2;0.50;6.50;246;181;33;30.495125935675162;401.40677652265316;4.04444444444448;69.59000000000049;7.454545454545454;859.7605273506607;1800
