Ident;X;Y;Transfers;InjectedTransfers;PodsHandled;PodHandlingTimeAvg;PodHandlingTimeVar;PodHandlingTimeMin;PodHandlingTimeMax;PileOn;IdleTime;UpTime
InputStation0;0.50;12.50;0;0;0;0;0;0;0;0;1800;1800
OutputStation0;35.50;3.50;237;174;34;28.761822001203093;383.3630223832042;4.044444444444423;68.87833333333342;6.970588235294118;891.8337231682367;1800
OutputStation1;35.50;9.50;202;144;35;23.45412987669168;375.67188798379135;4.04444444444448;85.15268398636499;5.771428571428571;1023.1151868445227;1800
OutputStation2;0.50;6.50;259;190;31;32.861204438464405;413.8076627190481;4.266385292425866;73.66333333333387;8.35483870967742;802.4552873179866;1800
