Ident;X;Y;Transfers;InjectedTransfers;PodsHandled;PodHandlingTimeAvg;PodHandlingTimeVar;PodHandlingTimeMin;PodHandlingTimeMax;PileOn;IdleTime;UpTime
InputStation0;0.50;12.50;0;0;0;0;0;0;0;0;1800;1800
OutputStation0;35.50;3.50;269;196;31;35.45493762403075;481.011796571661;4.04444444444448;74.71212843080923;8.67741935483871;772.3927274273522;1800
OutputStation1;35.50;9.50;236;180;35;27.522828076580158;434.1211569381536;4.04444444444448;82.60963202727024;6.742857142857143;895.8262120954182;1800
OutputStation2;0.50;6.50;227;161;33;28.401829332506747;499.90932097360394;4.044444444444423;80.4305555555568;6.878787878787879;930.2161617449738;1800
