Ident;X;Y;Transfers;InjectedTransfers;PodsHandled;PodHandlingTimeAvg;PodHandlingTimeVar;PodHandlingTimeMin;PodHandlingTimeMax;PileOn;IdleTime;UpTime
InputStation0;0.50;12.50;0;0;0;0;0;0;0;0;1800;1800
OutputStation0;35.50;3.50;237;173;34;28.34832526917697;418.9144086906337;4.04444444444448;78.50054116970773;6.970588235294118;891.3165872610911;1800
OutputStation1;35.50;9.50;249;187;33;30.880789057529366;370.3791527261741;4.04444444444448;74.20453104293529;7.545454545454546;843.2886141407445;1800
OutputStation2;0.50;6.50;236;168;34;28.40261395597186;299.48812743411366;4.04444444444448;65.19842712474667;6.9411764705882355;897.2071790646728;1800
