Ident;X;Y;Transfers;InjectedTransfers;PodsHandled;PodHandlingTimeAvg;PodHandlingTimeVar;PodHandlingTimeMin;PodHandlingTimeMax;PileOn;IdleTime;UpTime
InputStation0;0.50;12.50;0;0;0;0;0;0;0;0;1800;1800
OutputStation0;35.50;3.50;224;166;36;25.435845760508595;197.14946180225803;4.0743434601108675;54.432128430809485;6.222222222222222;943.3258947565885;1800
OutputStation1;35.50;9.50;227;169;34;27.61170804523121;294.0609868958091;4.044444444444423;76.9811111111112;6.676470588235294;929.6327199509639;1800
OutputStation2;0.50;6.50;184;120;36;21.08396424327931;194.2206305943853;4.04444444444448;60.39999999999981;5.111111111111111;1094.3992640545418;1800
