Ident;X;Y;Transfers;InjectedTransfers;PodsHandled;PodHandlingTimeAvg;PodHandlingTimeVar;PodHandlingTimeMin;PodHandlingTimeMax;PileOn;IdleTime;UpTime
InputStation0;0.50;12.50;0;0;0;0;0;0;0;0;1800;1800
OutputStation0;35.50;3.50;307;225;27;46.675747421848286;578.574147340869;12.558795097476377;82.0361111111112;11.37037037037037;620.9944519207927;1800
OutputStation1;35.50;9.50;258;183;31;34.32182749292972;451.9802165779301;4.265461764142856;81.16185424949191;8.32258064516129;812.3611761308291;1800
OutputStation2;0.50;6.50;229;163;29;32.08034532364991;720.4977090793132;4.04444444444448;84.42036797272965;7.896551724137931;925.0690836646338;1800
