Ident;X;Y;Transfers;InjectedTransfers;PodsHandled;PodHandlingTimeAvg;PodHandlingTimeVar;PodHandlingTimeMin;PodHandlingTimeMax;PileOn;IdleTime;UpTime
InputStation0;0.50;12.50;0;0;0;0;0;0;0;0;1800;1800
OutputStation0;35.50;3.50;219;159;36;24.860596441414323;309.4898239668696;4.04444444444448;75.29018758282746;6.083333333333333;960.0391271055696;1800
OutputStation1;35.50;9.50;254;187;33;31.07445865526456;323.6664438037791;4.04444444444448;79.82111111111107;7.696969696969697;824.1125467539673;1800
OutputStation2;0.50;6.50;238;178;31;31.495901876376692;268.40736915697346;8.649249668696143;68.57777777777824;7.67741935483871;890.1217895132135;1800
