Ident;X;Y;Transfers;InjectedTransfers;PodsHandled;PodHandlingTimeAvg;PodHandlingTimeVar;PodHandlingTimeMin;PodHandlingTimeMax;PileOn;IdleTime;UpTime
InputStation0;0.50;12.50;0;0;0;0;0;0;0;0;1800;1800
OutputStation0;35.50;3.50;245;171;33;30.58373168940915;313.23356931209014;4.158795097475831;82.55546176414262;7.424242424242424;862.6169048833463;1800
OutputStation1;35.50;9.50;223;160;36;25.385193400743326;287.28406879701174;4.14028856716709;65.99370130606314;6.194444444444445;945.7583405262844;1800
OutputStation2;0.50;6.50;272;209;32;35.205830627130666;486.6856009472108;4.04444444444448;79.57296536060358;8.5;757.9223016277952;1800
