Ident;X;Y;Transfers;InjectedTransfers;PodsHandled;PodHandlingTimeAvg;PodHandlingTimeVar;PodHandlingTimeMin;PodHandlingTimeMax;PileOn;IdleTime;UpTime
InputStation0;0.50;12.50;0;0;0;0;0;0;0;0;1800;1800
OutputStation0;35.50;3.50;232;167;34;28.181805872890244;408.45110301985517;4.04444444444448;80.4807431383814;6.823529411764706;909.2778427975063;1800
OutputStation1;35.50;9.50;220;157;33;27.515521449587247;467.22689110272034;4.04444444444448;85.16074313838203;6.666666666666667;959.9024098050473;1800
OutputStation2;0.50;6.50;289;220;31;38.01871293497863;488.48743172480386;8.193427124746336;74.06204183231876;9.32258064516129;692.6661542686436;1800
