Ident;X;Y;Transfers;InjectedTransfers;PodsHandled;PodHandlingTimeAvg;PodHandlingTimeVar;PodHandlingTimeMin;PodHandlingTimeMax;PileOn;IdleTime;UpTime
InputStation0;0.50;12.50;0;0;0;0;0;0;0;0;1800;1800
OutputStation0;35.50;3.50;197;138;36;22.38771012487633;164.38697796339568;4.162683986364755;49.92166666666674;5.472222222222222;1048.5661459789496;1800
OutputStation1;35.50;9.50;238;172;34;28.66757342363351;328.84232294057153;4.06111111111116;66.67722222222301;7;887.1888231042374;1800
OutputStation2;0.50;6.50;235;180;33;29.116020535362907;435.10721918623267;4.04444444444448;71.76147908384166;7.121212121212121;902.5924169979781;1800
