Ident;X;Y;Transfers;InjectedTransfers;PodsHandled;PodHandlingTimeAvg;PodHandlingTimeVar;PodHandlingTimeMin;PodHandlingTimeMax;PileOn;IdleTime;UpTime
InputStation0;0.50;12.50;0;0;0;0;0;0;0;0;1800;1800
OutputStation0;35.50;3.50;222;156;37;24.60958289209549;389.61242004914465;4.04444444444448;80.42585850855903;6;951.7137942471618;1800
OutputStation1;35.50;9.50;247;186;33;30.043762517278893;292.031213502407;8.159999999999854;68.7088888888893;7.484848484848484;855.3825896280791;1800
OutputStation2;0.50;6.50;249;190;32;31.714867638553546;391.2033164147512;4.04444444444448;74.27907647171457;7.78125;847.3427631084921;1800
