Ident;X;Y;Transfers;InjectedTransfers;PodsHandled;PodHandlingTimeAvg;PodHandlingTimeVar;PodHandlingTimeMin;PodHandlingTimeMax;PileOn;IdleTime;UpTime
InputStation0;0.50;12.50;0;0;0;0;0;0;0;0;1800;1800
OutputStation0;35.50;3.50;239;174;33;29.282148761892152;564.5205276219212;4.04444444444448;85.03563496112588;7.242424242424242;891.2675758091077;1800
OutputStation1;35.50;9.50;241;183;35;28.483991960735988;474.95424234857154;4.099812417175485;83.45129869393782;6.885714285714286;879.5766088398614;1800
OutputStation2;0.50;6.50;227;174;33;28.05531461692656;351.0459949518333;4.04444444444448;79.16971862575951;6.878787878787879;929.4823232065726;1800
