Ident;X;Y;Transfers;InjectedTransfers;PodsHandled;PodHandlingTimeAvg;PodHandlingTimeVar;PodHandlingTimeMin;PodHandlingTimeMax;PileOn;IdleTime;UpTime
InputStation0;0.50;12.50;0;0;0;0;0;0;0;0;1800;1800
OutputStation0;35.50;3.50;269;201;31;35.644772844118755;652.3189722853981;4.04444444444448;79.47176045807964;8.67741935483871;765.3074601554996;1800
OutputStation1;35.50;9.50;246;180;35;28.619824985801316;266.68051353788803;4.04444444444448;59.159437251522604;7.0285714285714285;861.1752310237662;1800
OutputStation2;0.50;6.50;283;213;28;41.13580988548015;721.4726961418961;4.04444444444448;80.63731601363521;10.107142857142858;718.6877921636158;1800
