Ident;X;Y;Transfers;InjectedTransfers;PodsHandled;PodHandlingTimeAvg;PodHandlingTimeVar;PodHandlingTimeMin;PodHandlingTimeMax;PileOn;IdleTime;UpTime
InputStation0;0.50;12.50;0;0;0;0;0;0;0;0;1800;1800
OutputStation0;35.50;3.50;234;175;34;28.168175663339227;334.53423829566503;4.044444444444423;66.04286437626865;6.882352941176471;904.818369297946;1800
OutputStation1;35.50;9.50;250;195;34;30.510910150207543;325.7790155497596;4.04444444444448;71.16398268030252;7.352941176470588;839.1331889080329;1800
OutputStation2;0.50;6.50;227;163;34;27.530112255183774;336.94490090178454;4.044444444444423;67.02528137423894;6.676470588235294;928.7506130989528;1800
