Ident;X;Y;Transfers;InjectedTransfers;PodsHandled;PodHandlingTimeAvg;PodHandlingTimeVar;PodHandlingTimeMin;PodHandlingTimeMax;PileOn;IdleTime;UpTime
InputStation0;0.50;12.50;0;0;0;0;0;0;0;0;1800;1800
OutputStation0;35.50;3.50;261;175;29;36.626475343817326;633.2383467179922;4.04444444444448;80.90332614041142;9;802.4751803899071;1800
OutputStation1;35.50;9.50;288;218;28;41.85494356899386;725.5611327937656;8.419999999999959;83.75888888888994;10.285714285714286;699.0755555555553;1800
OutputStation2;0.50;6.50;279;194;27;41.0940639192105;601.3726418235802;8.28777777777782;83.75046176414298;10.333333333333334;735.1763778160923;1800
