Ident;X;Y;Transfers;InjectedTransfers;PodsHandled;PodHandlingTimeAvg;PodHandlingTimeVar;PodHandlingTimeMin;PodHandlingTimeMax;PileOn;IdleTime;UpTime
InputStation0;0.50;12.50;0;0;0;0;0;0;0;0;1800;1800
OutputStation0;35.50;3.50;253;186;33;30.98909965355046;381.3417650768267;4.04444444444448;81.13463202727144;7.666666666666667;830.098290175796;1800
OutputStation1;35.50;9.50;253;188;32;32.13868393609513;377.4170193320749;4.396017319697876;80.32990620858754;7.90625;826.4261614615659;1800
OutputStation2;0.50;6.50;244;170;32;31.601345598500664;329.70995166069014;4.04444444444448;84.02842712474623;7.625;863.0222294151356;1800
