Ident;X;Y;Transfers;InjectedTransfers;PodsHandled;PodHandlingTimeAvg;PodHandlingTimeVar;PodHandlingTimeMin;PodHandlingTimeMax;PileOn;IdleTime;UpTime
InputStation0;0.50;12.50;0;0;0;0;0;0;0;0;1800;1800
OutputStation0;35.50;3.50;300;232;27;45.32077494549205;756.2529568714818;4.04444444444448;84.80111111111114;11.11111111111111;643.9656220888577;1800
OutputStation1;35.50;9.50;288;221;28;42.233030437945615;552.625507595801;8.458955707250425;83.08833333333317;10.285714285714286;698.5575503496477;1800
OutputStation2;0.50;6.50;316;240;27;47.405391002561146;696.9283230001738;4.179538235856853;83.87546176414274;11.703703703703704;589.0094947948983;1800
