Ident;X;Y;Transfers;InjectedTransfers;PodsHandled;PodHandlingTimeAvg;PodHandlingTimeVar;PodHandlingTimeMin;PodHandlingTimeMax;PileOn;IdleTime;UpTime
InputStation0;0.50;12.50;0;0;0;0;0;0;0;0;1800;1800
OutputStation0;35.50;3.50;245;177;33;30.586386591643503;352.2096945097941;4.217683986365046;80.82046176414315;7.424242424242424;861.5918398636427;1800
OutputStation1;35.50;9.50;259;190;35;29.843116265108375;402.462883091685;4.04444444444448;84.23037516565273;7.4;811.1624964035434;1800
OutputStation2;0.50;6.50;246;183;34;29.84810202814904;470.86841010434557;4.04444444444448;80.43703463939647;7.235294117647059;855.3344153893306;1800
