Ident;X;Y;Transfers;InjectedTransfers;PodsHandled;PodHandlingTimeAvg;PodHandlingTimeVar;PodHandlingTimeMin;PodHandlingTimeMax;PileOn;IdleTime;UpTime
InputStation0;0.50;12.50;0;0;0;0;0;0;0;0;1800;1800
OutputStation0;35.50;3.50;251;176;33;31.618692770982303;550.0444209697479;4.305555555555884;81.13222222222214;7.606060606060606;839.1784630893571;1800
OutputStation1;35.50;9.50;284;220;30;39.17357744021883;513.400689079473;4.04444444444448;85.248427124746;9.466666666666667;712.87352091615;1800
OutputStation2;0.50;6.50;265;197;30;35.99282106757569;412.55868786825806;4.118239541920275;85.17444444444436;8.833333333333334;782.5818470565772;1800
