Ident;X;Y;Transfers;InjectedTransfers;PodsHandled;PodHandlingTimeAvg;PodHandlingTimeVar;PodHandlingTimeMin;PodHandlingTimeMax;PileOn;IdleTime;UpTime
InputStation0;0.50;12.50;0;0;0;0;0;0;0;0;1800;1800
OutputStation0;35.50;3.50;287;218;31;37.75486314594273;480.6135808608506;4.407316013635182;81.79620490252421;9.258064516129032;700.4288073731542;1800
OutputStation1;35.50;9.50;206;144;36;23.62288820798271;154.95222062790396;4.113138557583852;55.92555555555646;5.722222222222222;1010.6037013060676;1800
OutputStation2;0.50;6.50;245;181;32;30.933542341003115;361.07404648549937;4.4099999999998545;73.22166666666749;7.65625;863.9362696388182;1800
