Ident;X;Y;Transfers;InjectedTransfers;PodsHandled;PodHandlingTimeAvg;PodHandlingTimeVar;PodHandlingTimeMin;PodHandlingTimeMax;PileOn;IdleTime;UpTime
InputStation0;0.50;12.50;0;0;0;0;0;0;0;0;1800;1800
OutputStation0;35.50;3.50;251;181;32;32.034416033743256;372.53613083213224;4.298333333332721;72.78500000000054;7.84375;835.1674964035236;1800
OutputStation1;35.50;9.50;248;184;31;32.840528557820335;563.9832787289563;4.04444444444448;83.0195382358578;8;848.7539539086113;1800
OutputStation2;0.50;6.50;208;150;34;24.948642733066652;301.5419071731156;4.04444444444448;77.62555555555548;6.117647058823529;999.5715869776736;1800
