Ident;X;Y;Transfers;InjectedTransfers;PodsHandled;PodHandlingTimeAvg;PodHandlingTimeVar;PodHandlingTimeMin;PodHandlingTimeMax;PileOn;IdleTime;UpTime
InputStation0;0.50;12.50;0;0;0;0;0;0;0;0;1800;1800
OutputStation0;35.50;3.50;234;164;32;29.697867739093873;422.1975753366905;4.115000000000691;83.3628715691907;7.3125;901.3934630893523;1800
OutputStation1;35.50;9.50;264;196;33;32.98657702522174;507.37071184052786;8.409350653031588;81.73472581868293;8;787.6976696005045;1800
OutputStation2;0.50;6.50;206;146;36;23.30616582276852;269.1619575211763;4.151666666666415;68.91231601363563;5.722222222222222;1008.8094081963947;1800
