Ident;X;Y;Transfers;InjectedTransfers;PodsHandled;PodHandlingTimeAvg;PodHandlingTimeVar;PodHandlingTimeMin;PodHandlingTimeMax;PileOn;IdleTime;UpTime
InputStation0;0.50;12.50;0;0;0;0;0;0;0;0;1800;1800
OutputStation0;35.50;3.50;276;206;31;36.81637829496473;423.4386759748768;4.091760458079079;83.96658726109808;8.903225806451612;741.3445526216989;1800
OutputStation1;35.50;9.50;223;163;36;25.489429411952603;283.53538581009457;4.04444444444448;62.98935065303169;6.194444444444445;946.4615078555383;1800
OutputStation2;0.50;6.50;243;181;35;28.162569159841006;422.6624857067655;4.105829736872806;72.83047614998657;6.942857142857143;871.0942715308609;1800
