Ident;X;Y;Transfers;InjectedTransfers;PodsHandled;PodHandlingTimeAvg;PodHandlingTimeVar;PodHandlingTimeMin;PodHandlingTimeMax;PileOn;IdleTime;UpTime
InputStation0;0.50;12.50;0;0;0;0;0;0;0;0;1800;1800
OutputStation0;35.50;3.50;232;168;34;27.994929123380842;297.14581385251415;4.185757524230439;63.002669600515674;6.823529411764706;918.0982829828599;1800
OutputStation1;35.50;9.50;256;199;32;32.91744769188786;393.5305715907978;4.0966666666670335;80.38815294343067;8;819.0081313646579;1800
OutputStation2;0.50;6.50;225;162;31;29.229919470853517;325.7828128885634;4.130555555555588;78.4167604580797;7.258064516129032;936.4907575242231;1800
