Ident;X;Y;Transfers;InjectedTransfers;PodsHandled;PodHandlingTimeAvg;PodHandlingTimeVar;PodHandlingTimeMin;PodHandlingTimeMax;PileOn;IdleTime;UpTime
InputStation0;0.50;12.50;0;0;0;0;0;0;0;0;1800;1800
OutputStation0;35.50;3.50;256;195;31;33.39533188926339;365.4596199869884;4.04444444444448;79.35380229039913;8.258064516129032;816.3193074954895;1800
OutputStation1;35.50;9.50;211;153;35;24.822725004733098;356.7446356208481;4.04444444444448;76.04722222222495;6.0285714285714285;995.4322078363712;1800
OutputStation2;0.50;6.50;235;179;33;29.064385848836643;434.05125069639814;4.052034639396425;80.80944444444503;7.121212121212121;905.2448339959449;1800
