Ident;X;Y;Transfers;InjectedTransfers;PodsHandled;PodHandlingTimeAvg;PodHandlingTimeVar;PodHandlingTimeMin;PodHandlingTimeMax;PileOn;IdleTime;UpTime
InputStation0;0.50;12.50;0;0;0;0;0;0;0;0;1800;1800
OutputStation0;35.50;3.50;247;183;30;33.21636099122909;509.54291220072406;4.285555555555447;77.71499280707712;8.233333333333333;852.6758369297963;1800
OutputStation1;35.50;9.50;248;183;32;31.492832567314007;503.0183066610813;4.113232348998864;79.01722222222213;7.75;851.4885787429452;1800
OutputStation2;0.50;6.50;263;207;30;35.5609632027273;666.1650507960112;4.04444444444448;83.993888888889;8.766666666666667;793.7136869202258;1800
