Ident;X;Y;Transfers;InjectedTransfers;PodsHandled;PodHandlingTimeAvg;PodHandlingTimeVar;PodHandlingTimeMin;PodHandlingTimeMax;PileOn;IdleTime;UpTime
InputStation0;0.50;12.50;0;0;0;0;0;0;0;0;1800;1800
OutputStation0;35.50;3.50;252;191;29;34.85102826241704;537.9865356854713;8.47944444444488;77.04388888888894;8.689655172413794;836.4437447470044;1800
OutputStation1;35.50;9.50;226;168;36;25.620938552904448;456.2613891729052;4.04444444444448;78.11065653989078;6.277777777777778;937.4693866176431;1800
OutputStation2;0.50;6.50;259;188;33;32.27650662502344;409.34309525095637;4.327222222222247;80.55342712474615;7.848484848484849;811.4853320081;1800
