Ident;X;Y;Transfers;InjectedTransfers;PodsHandled;PodHandlingTimeAvg;PodHandlingTimeVar;PodHandlingTimeMin;PodHandlingTimeMax;PileOn;IdleTime;UpTime
InputStation0;0.50;12.50;0;0;0;0;0;0;0;0;1800;1800
OutputStation0;35.50;3.50;239;174;33;29.80980628832278;334.3926224657778;4.116111111110968;63.34054836263374;7.242424242424242;885.6239754873889;1800
OutputStation1;35.50;9.50;244;177;35;28.39195238095251;244.25277709860413;4.308982680301597;72.02833333333388;6.9714285714285715;868.4166016469493;1800
OutputStation2;0.50;6.50;217;153;35;25.093558235310223;332.92047567069255;4.064444444444916;72.49277777777775;6.2;970.3297402045384;1800
