Ident;X;Y;Transfers;InjectedTransfers;PodsHandled;PodHandlingTimeAvg;PodHandlingTimeVar;PodHandlingTimeMin;PodHandlingTimeMax;PileOn;IdleTime;UpTime
InputStation0;0.50;12.50;0;0;0;0;0;0;0;0;1800;1800
OutputStation0;35.50;3.50;235;174;35;27.49222387441619;400.40256237436176;4.04444444444448;80.52740980504791;6.714285714285714;901.1641271055855;1800
OutputStation1;35.50;9.50;231;172;34;27.062498087655275;377.3394687795491;4.04444444444448;67.03352091615989;6.794117647058823;917.7440689953814;1800
OutputStation2;0.50;6.50;231;165;34;27.806825182887263;218.98949790340038;4.04444444444448;68.02000000000032;6.794117647058823;915.6708225439381;1800
