Ident;X;Y;Transfers;InjectedTransfers;PodsHandled;PodHandlingTimeAvg;PodHandlingTimeVar;PodHandlingTimeMin;PodHandlingTimeMax;PileOn;IdleTime;UpTime
InputStation0;0.50;12.50;0;0;0;0;0;0;0;0;1800;1800
OutputStation0;35.50;3.50;236;174;33;29.409128075190868;258.0775442595162;4.213513723237838;62.97305915201639;7.151515151515151;899.2664068711904;1800
OutputStation1;35.50;9.50;252;192;34;30.497824461927667;417.82424363680605;4.04444444444448;82.9445382358573;7.411764705882353;840.0498268030124;1800
OutputStation2;0.50;6.50;215;158;34;26.109106824331587;237.96676820461175;4.04444444444448;75.47111111111235;6.323529411764706;975.742814025781;1800
