Ident;X;Y;Transfers;InjectedTransfers;PodsHandled;PodHandlingTimeAvg;PodHandlingTimeVar;PodHandlingTimeMin;PodHandlingTimeMax;PileOn;IdleTime;UpTime
InputStation0;0.50;12.50;0;0;0;0;0;0;0;0;1800;1800
OutputStation0;35.50;3.50;241;180;34;29.184654104174065;497.5352703743107;4.04444444444448;81.00106076065163;7.088235294117647;876.0360751464857;1800
OutputStation1;35.50;9.50;241;181;32;30.354730331973983;430.6363049128857;4.04444444444448;84.39316013635118;7.53125;873.6486288099998;1800
OutputStation2;0.50;6.50;215;151;31;28.645513430172933;369.3219957955518;4.08888888888896;69.18953823585753;6.935483870967742;973.567337025566;1800
