Ident;X;Y;Transfers;InjectedTransfers;PodsHandled;PodHandlingTimeAvg;PodHandlingTimeVar;PodHandlingTimeMin;PodHandlingTimeMax;PileOn;IdleTime;UpTime
InputStation0;0.50;12.50;0;0;0;0;0;0;0;0;1800;1800
OutputStation0;35.50;3.50;259;186;32;31.94375879294516;461.8862353652315;4.112777777777865;75.25370849898485;8.09375;806.9513565207499;1800
OutputStation1;35.50;9.50;245;173;33;30.64660501092742;373.3248634857693;4.086666666666588;79.94999999999982;7.424242424242424;864.4734702822775;1800
OutputStation2;0.50;6.50;275;198;32;34.72511859679645;270.76837477218226;8.248059152022279;71.4201875828287;8.59375;741.5852094450007;1800
