Ident;X;Y;Transfers;InjectedTransfers;PodsHandled;PodHandlingTimeAvg;PodHandlingTimeVar;PodHandlingTimeMin;PodHandlingTimeMax;PileOn;IdleTime;UpTime
InputStation0;0.50;12.50;0;0;0;0;0;0;0;0;1800;1800
OutputStation0;35.50;3.50;264;194;31;34.96175952996055;331.5877401519106;4.055000000000291;80.00796536060466;8.516129032258064;786.9723406085773;1800
OutputStation1;35.50;9.50;244;175;32;31.494065206202787;335.2108304403062;4.160555555555447;67.61620490252426;7.625;866.0143003025776;1800
OutputStation2;0.50;6.50;254;195;31;33.69429548826944;474.5237050651698;4.04444444444448;80.71731601363604;8.193548387096774;824.1130663449228;1800
