Ident;X;Y;Transfers;InjectedTransfers;PodsHandled;PodHandlingTimeAvg;PodHandlingTimeVar;PodHandlingTimeMin;PodHandlingTimeMax;PileOn;IdleTime;UpTime
InputStation0;0.50;12.50;0;0;0;0;0;0;0;0;1800;1800
OutputStation0;35.50;3.50;248;177;32;31.664007260906327;387.1464802413564;4.04444444444448;71.75000000000057;7.75;856.5340042590801;1800
OutputStation1;35.50;9.50;232;170;34;27.030242762581388;365.37239660563677;4.04444444444448;73.13435065303156;6.823529411764706;910.6342715308856;1800
OutputStation2;0.50;6.50;267;209;31;34.89696783657586;557.3488093942734;4.04444444444448;76.67407647171461;8.612903225806452;776.2358585085576;1800
