Ident;X;Y;Transfers;InjectedTransfers;PodsHandled;PodHandlingTimeAvg;PodHandlingTimeVar;PodHandlingTimeMin;PodHandlingTimeMax;PileOn;IdleTime;UpTime
InputStation0;0.50;12.50;0;0;0;0;0;0;0;0;1800;1800
OutputStation0;35.50;3.50;268;198;30;36.67181433528665;300.3611266283864;12.682222222222435;80.32611111111135;8.933333333333334;777.2386941131291;1800
OutputStation1;35.50;9.50;242;174;33;30.16542349961751;413.2876025857522;4.1704617641428285;76.65314575050797;7.333333333333333;873.9063924853423;1800
OutputStation2;0.50;6.50;270;203;30;36.38279653606056;466.22734264783975;4.04444444444448;77.01277777777852;9;765.011940847995;1800
