Ident;X;Y;Transfers;InjectedTransfers;PodsHandled;PodHandlingTimeAvg;PodHandlingTimeVar;PodHandlingTimeMin;PodHandlingTimeMax;PileOn;IdleTime;UpTime
InputStation0;0.50;12.50;0;0;0;0;0;0;0;0;1800;1800
OutputStation0;35.50;3.50;235;171;33;29.18676483460379;378.52447211800023;4.04444444444448;71.06277777777791;7.121212121212121;899.1511111111065;1800
OutputStation1;35.50;9.50;272;211;32;34.69827831901843;434.674938453799;4.085461764142792;79.21657287525409;8.5;754.5572581868278;1800
OutputStation2;0.50;6.50;237;172;33;29.421557130073552;436.9057613630913;4.140555555555466;80.74231601363567;7.181818181818182;888.2726767934595;1800
