Ident;X;Y;Transfers;InjectedTransfers;PodsHandled;PodHandlingTimeAvg;PodHandlingTimeVar;PodHandlingTimeMin;PodHandlingTimeMax;PileOn;IdleTime;UpTime
InputStation0;0.50;12.50;0;0;0;0;0;0;0;0;1800;1800
OutputStation0;35.50;3.50;244;184;33;30.564607110284804;307.25779533984024;4.04444444444448;71.05777777777803;7.393939393939394;865.3197042399182;1800
OutputStation1;35.50;9.50;242;170;36;27.824803993940062;165.50977925288544;4.04444444444448;58.57388888888886;6.722222222222222;872.8371715883396;1800
OutputStation2;0.50;6.50;235;183;30;32.11109860558942;257.18304818450065;4.2071284308092345;67.29445163736477;7.833333333333333;899.1180519590928;1800
