Ident;X;Y;Transfers;InjectedTransfers;PodsHandled;PodHandlingTimeAvg;PodHandlingTimeVar;PodHandlingTimeMin;PodHandlingTimeMax;PileOn;IdleTime;UpTime
InputStation0;0.50;12.50;0;0;0;0;0;0;0;0;1800;1800
OutputStation0;35.50;3.50;235;177;36;26.631939233810442;287.5315923626757;4.044444444444444;70.86360032172786;6.527777777777778;903.8207865793386;1800
OutputStation1;35.50;9.50;227;165;32;28.081380320722825;217.11496186219486;4.04444444444448;71.40342712474626;7.09375;933.6707719100555;1800
OutputStation2;0.50;6.50;288;221;30;38.167827320336514;458.4129106158081;4.04444444444448;77.920555555556;9.6;697.927143100083;1800
