Ident;X;Y;Transfers;InjectedTransfers;PodsHandled;PodHandlingTimeAvg;PodHandlingTimeVar;PodHandlingTimeMin;PodHandlingTimeMax;PileOn;IdleTime;UpTime
InputStation0;0.50;12.50;0;0;0;0;0;0;0;0;1800;1800
OutputStation0;35.50;3.50;245;185;33;30.447528530624226;479.91670850298595;4.133145750507538;72.21573594545953;7.424242424242424;862.4065297177403;1800
OutputStation1;35.50;9.50;232;169;37;25.67697515488629;260.90367312047886;4.04444444444448;66.34805915201662;6.27027027027027;909.2499277873476;1800
OutputStation2;0.50;6.50;256;190;33;31.548964755448438;372.071354430717;8.08888888888896;77.56999999999971;7.757575757575758;819.2172800489944;1800
