Ident;X;Y;Transfers;InjectedTransfers;PodsHandled;PodHandlingTimeAvg;PodHandlingTimeVar;PodHandlingTimeMin;PodHandlingTimeMax;PileOn;IdleTime;UpTime
InputStation0;0.50;12.50;0;0;0;0;0;0;0;0;1800;1800
OutputStation0;35.50;3.50;252;174;31;33.27307149530697;502.07803864451864;4.04444444444448;79.80722222222232;8.129032258064516;837.4786144241584;1800
OutputStation1;35.50;9.50;250;178;34;30.407167677136677;418.72759696647;4.04444444444448;74.66435784595325;7.352941176470588;841.7258150676059;1800
OutputStation2;0.50;6.50;253;180;31;33.85482451014926;364.95444357162455;4.37833333333333;75.05898268030217;8.161290322580646;828.1679003408938;1800
