Ident;X;Y;Transfers;InjectedTransfers;PodsHandled;PodHandlingTimeAvg;PodHandlingTimeVar;PodHandlingTimeMin;PodHandlingTimeMax;PileOn;IdleTime;UpTime
InputStation0;0.50;12.50;0;0;0;0;0;0;0;0;1800;1800
OutputStation0;35.50;3.50;273;194;31;35.95064236779064;410.31173530276953;8.0649999999996;77.17444444444453;8.806451612903226;754.8454476617106;1800
OutputStation1;35.50;9.50;274;198;32;35.15646915814466;387.9417561058835;8.22055555555562;80.71333333333325;8.5625;751.7399493661092;1800
OutputStation2;0.50;6.50;239;167;31;31.775069123117408;318.0534372362317;4.07722222222219;78.78204183231782;7.709677419354839;880.8282179630943;1800
