Ident;X;Y;Transfers;InjectedTransfers;PodsHandled;PodHandlingTimeAvg;PodHandlingTimeVar;PodHandlingTimeMin;PodHandlingTimeMax;PileOn;IdleTime;UpTime
InputStation0;0.50;12.50;0;0;0;0;0;0;0;0;1800;1800
OutputStation0;35.50;3.50;219;162;35;25.920844155107996;336.7486042806921;4.056204902523632;76.76999999999987;6.257142857142857;964.025735945445;1800
OutputStation1;35.50;9.50;248;180;35;28.798947843491856;299.3844111781205;4.38037516565214;66.81731601363572;7.085714285714285;847.2552957600957;1800
OutputStation2;0.50;6.50;241;179;33;29.562009705233763;355.0290556236485;8.464444444444553;81.78176045807936;7.303030303030303;874.7107650005596;1800
