Ident;X;Y;Transfers;InjectedTransfers;PodsHandled;PodHandlingTimeAvg;PodHandlingTimeVar;PodHandlingTimeMin;PodHandlingTimeMax;PileOn;IdleTime;UpTime
InputStation0;0.50;12.50;0;0;0;0;0;0;0;0;1800;1800
OutputStation0;35.50;3.50;269;209;32;33.98259649761599;390.2073799790722;4.04444444444448;69.82055555555576;8.40625;769.6434196484234;1800
OutputStation1;35.50;9.50;257;200;32;33.064629554703316;456.2945096492606;4.079444444444562;82.8562049025245;8.03125;814.0914649814048;1800
OutputStation2;0.50;6.50;276;210;29;38.93460541945466;404.8760098023737;4.072222222222081;69.6594444444442;9.517241379310345;742.914725818682;1800
