Ident;X;Y;Transfers;InjectedTransfers;PodsHandled;PodHandlingTimeAvg;PodHandlingTimeVar;PodHandlingTimeMin;PodHandlingTimeMax;PileOn;IdleTime;UpTime
InputStation0;0.50;12.50;0;0;0;0;0;0;0;0;1800;1800
OutputStation0;35.50;3.50;243;177;33;30.03799094866857;263.144205931258;4.045555555555438;66.24768398636547;7.363636363636363;871.4233551955084;1800
OutputStation1;35.50;9.50;263;200;34;31.905484467380013;238.05694210521804;4.162777777780548;63.976392485349834;7.735294117647059;792.2063562373345;1800
OutputStation2;0.50;6.50;235;175;34;27.585874923454483;256.39585498541226;4.176760458079798;75.03277777777976;6.911764705882353;901.6438960818183;1800
