Ident;X;Y;Transfers;InjectedTransfers;PodsHandled;PodHandlingTimeAvg;PodHandlingTimeVar;PodHandlingTimeMin;PodHandlingTimeMax;PileOn;IdleTime;UpTime
InputStation0;0.50;12.50;0;0;0;0;0;0;0;0;1800;1800
OutputStation0;35.50;3.50;248;173;31;32.64390983556527;436.4604789917286;4.216111111111111;80.6106493469681;8;852.7705195909429;1800
OutputStation1;35.50;9.50;260;193;34;31.253543204619724;413.68565797624717;4.077034639395833;77.58333333333351;7.647058823529412;799.2874316672257;1800
OutputStation2;0.50;6.50;239;176;31;31.92732649154465;485.0628433974952;4.134444444444625;75.4245382358597;7.709677419354839;883.7056277682029;1800
