Ident;X;Y;Transfers;InjectedTransfers;PodsHandled;PodHandlingTimeAvg;PodHandlingTimeVar;PodHandlingTimeMin;PodHandlingTimeMax;PileOn;IdleTime;UpTime
InputStation0;0.50;12.50;0;0;0;0;0;0;0;0;1800;1800
OutputStation0;35.50;3.50;237;174;36;26.905547739604636;331.70290887879247;4.047777777777696;65.36693365506096;6.583333333333333;896.836486276827;1800
OutputStation1;35.50;9.50;221;159;36;25.101299301220262;199.72446179724932;4.298621900494709;54.47388888888918;6.138888888888889;954.21244576967;1800
OutputStation2;0.50;6.50;218;147;37;24.086846652443654;236.18890487040107;4.044444444444451;67.43555555555542;5.891891891891892;964.5415656823618;1800
