Ident;X;Y;Transfers;InjectedTransfers;PodsHandled;PodHandlingTimeAvg;PodHandlingTimeVar;PodHandlingTimeMin;PodHandlingTimeMax;PileOn;IdleTime;UpTime
InputStation0;0.50;12.50;0;0;0;0;0;0;0;0;1800;1800
OutputStation0;35.50;3.50;218;154;36;24.7530272966751;390.73588933577463;4.04444444444448;69.73240980504812;6.055555555555555;966.1377271438988;1800
OutputStation1;35.50;9.50;240;174;35;28.074161820937572;279.55811261120465;4.1383333333328665;65.68777777777768;6.857142857142857;878.3696104485069;1800
OutputStation2;0.50;6.50;271;208;31;35.72089326384813;590.2290088219861;4.070555555555529;81.626666666667;8.741935483870968;758.150461764161;1800
