Ident;X;Y;Transfers;InjectedTransfers;PodsHandled;PodHandlingTimeAvg;PodHandlingTimeVar;PodHandlingTimeMin;PodHandlingTimeMax;PileOn;IdleTime;UpTime
InputStation0;0.50;12.50;0;0;0;0;0;0;0;0;1800;1800
OutputStation0;35.50;3.50;260;206;32;32.658798702793824;409.01242947996377;4.063051959094707;78.18333333333453;8.125;808.1359166187198;1800
OutputStation1;35.50;9.50;221;156;36;25.111273447853247;258.4772990001744;4.044444444444451;61.33231601363548;6.138888888888889;952.5363634302603;1800
OutputStation2;0.50;6.50;241;181;35;28.372169449177346;288.11075651544076;4.130555555555702;71.67277777777781;6.885714285714286;881.8605699414003;1800
