Ident;X;Y;Transfers;InjectedTransfers;PodsHandled;PodHandlingTimeAvg;PodHandlingTimeVar;PodHandlingTimeMin;PodHandlingTimeMax;PileOn;IdleTime;UpTime
InputStation0;0.50;12.50;0;0;0;0;0;0;0;0;1800;1800
OutputStation0;35.50;3.50;221;152;33;27.404785390818187;413.50558916321137;4.04444444444448;76.84212843081104;6.696969696969697;955.5335251347914;1800
OutputStation1;35.50;9.50;265;191;31;34.250683730621994;272.52175232203166;4.2083333333332575;84.05879509747604;8.548387096774194;782.3242134206496;1800
OutputStation2;0.50;6.50;230;173;31;30.574063549726745;374.31794158348936;4.079444444444334;69.84333333333484;7.419354838709677;919.6813688462647;1800
