Ident;X;Y;Transfers;InjectedTransfers;PodsHandled;PodHandlingTimeAvg;PodHandlingTimeVar;PodHandlingTimeMin;PodHandlingTimeMax;PileOn;IdleTime;UpTime
InputStation0;0.50;12.50;0;0;0;0;0;0;0;0;1800;1800
OutputStation0;35.50;3.50;238;173;34;28.787865477976705;446.916776967951;4.07268398636495;73.4211111111116;7;887.5070780803442;1800
OutputStation1;35.50;9.50;212;158;32;27.36913436148353;436.60500773915834;4.04444444444448;76.66444444444448;6.625;987.4870161329213;1800
OutputStation2;0.50;6.50;241;183;32;31.087688490798406;425.153353457602;4.136017319698226;76.87388888888896;7.53125;879.0152361201897;1800
