Ident;X;Y;Transfers;InjectedTransfers;PodsHandled;PodHandlingTimeAvg;PodHandlingTimeVar;PodHandlingTimeMin;PodHandlingTimeMax;PileOn;IdleTime;UpTime
InputStation0;0.50;12.50;0;0;0;0;0;0;0;0;1800;1800
OutputStation0;35.50;3.50;249;186;33;30.920418905127054;385.27638635185355;4.311666666666667;83.04120490252478;7.545454545454546;841.9914137807742;1800
OutputStation1;35.50;9.50;248;190;33;31.023668717278678;540.4283567058469;4.113232348998864;84.47295816768133;7.515151515151516;851.1985496878578;1800
OutputStation2;0.50;6.50;251;184;30;34.51404040318171;490.2431404117917;4.04444444444448;84.5931457505078;8.366666666666667;834.0213130798032;1800
