Ident;X;Y;Transfers;InjectedTransfers;PodsHandled;PodHandlingTimeAvg;PodHandlingTimeVar;PodHandlingTimeMin;PodHandlingTimeMax;PileOn;IdleTime;UpTime
InputStation0;0.50;12.50;0;0;0;0;0;0;0;0;1800;1800
OutputStation0;31.50;3.50;173;143;20;89.73225937914135;1624.432709149822;12.281666666667206;176.28342712474569;8.65;107.63582254395521;1800
OutputStation1;31.50;9.50;172;134;19;91.74174564890946;1793.6976594776647;12.215000000000032;163.07796536060425;9.052631578947368;117.4078568999451;1800
OutputStation2;0.50;6.50;173;141;16;107.64285308418562;1950.4284206720424;32.367770584853815;175.86888888888984;10.8125;109.2841127197328;1800
