Ident;X;Y;Transfers;InjectedTransfers;PodsHandled;PodHandlingTimeAvg;PodHandlingTimeVar;PodHandlingTimeMin;PodHandlingTimeMax;PileOn;IdleTime;UpTime
InputStation0;0.50;12.50;0;0;0;0;0;0;0;0;1800;1800
OutputStation0;35.50;3.50;278;210;31;36.65949169276705;617.7326465193025;4.08055555555552;76.4996248343466;8.96774193548387;735.1204614807035;1800
OutputStation1;35.50;9.50;291;232;31;38.21770004213125;400.712627700427;4.26555555555592;77.4418398636493;9.387096774193548;687.064199318235;1800
OutputStation2;0.50;6.50;231;176;33;28.643285888414272;374.4998522821752;4.122871569190693;74.14953823585745;7;912.8850215787509;1800
