Ident;X;Y;Transfers;InjectedTransfers;PodsHandled;PodHandlingTimeAvg;PodHandlingTimeVar;PodHandlingTimeMin;PodHandlingTimeMax;PileOn;IdleTime;UpTime
InputStation0;0.50;12.50;0;0;0;0;0;0;0;0;1800;1800
OutputStation0;39.50;3.50;251;169;29;44.109488730930536;479.116019161503;10.070555555555302;103.80185424949332;8.655172413793103;597.228715691897;1800
OutputStation1;39.50;9.50;243;190;32;38.90597177266466;752.78457253725;5.04444444444448;105.14777777777795;7.59375;635.717121237881;1800
OutputStation2;0.50;6.50;270;204;27;50.44210544653991;714.2325663695508;10.23805915201865;103.56833333333337;10;505.04474020450414;1800
