Ident;X;Y;Transfers;InjectedTransfers;PodsHandled;PodHandlingTimeAvg;PodHandlingTimeVar;PodHandlingTimeMin;PodHandlingTimeMax;PileOn;IdleTime;UpTime
InputStation0;0.50;12.50;0;0;0;0;0;0;0;0;1800;1800
OutputStation0;35.50;3.50;254;174;30;34.41302501104373;424.05948389109295;4.410555555555447;84.1877777777776;8.466666666666667;824.3575686161928;1800
OutputStation1;35.50;9.50;255;187;34;30.380171674405887;436.8839214353254;4.04444444444448;70.91055555555545;7.5;815.8368614424219;1800
OutputStation2;0.50;6.50;247;181;31;32.58526276614561;469.71633227643684;4.04444444444448;81.2818542494922;7.967741935483871;853.6283117545622;1800
