Ident;X;Y;Transfers;InjectedTransfers;PodsHandled;PodHandlingTimeAvg;PodHandlingTimeVar;PodHandlingTimeMin;PodHandlingTimeMax;PileOn;IdleTime;UpTime
InputStation0;0.50;12.50;0;0;0;0;0;0;0;0;1800;1800
OutputStation0;35.50;3.50;239;176;35;27.424529374545067;216.98837177922383;4.080649346968357;56.51666666666674;6.828571428571428;887.2534417940125;1800
OutputStation1;35.50;9.50;244;179;33;30.448243909855915;341.84779323098115;4.04444444444448;72.19833333333372;7.393939393939394;868.8610101267897;1800
OutputStation2;0.50;6.50;231;166;36;26.56015211527758;242.0889160846435;4.04444444444448;70.7437950974761;6.416666666666667;914.1484993373771;1800
