Ident;X;Y;Transfers;InjectedTransfers;PodsHandled;PodHandlingTimeAvg;PodHandlingTimeVar;PodHandlingTimeMin;PodHandlingTimeMax;PileOn;IdleTime;UpTime
InputStation0;0.50;12.50;0;0;0;0;0;0;0;0;1800;1800
OutputStation0;35.50;3.50;235;160;35;27.461971550259392;332.05513542135463;4.178888888889105;82.20323954192055;6.714285714285714;896.2969914818425;1800
OutputStation1;35.50;9.50;245;185;33;30.042246267339106;447.7002353838963;4.04444444444448;75.88953823585757;7.424242424242424;857.2607359454634;1800
OutputStation2;0.50;6.50;241;173;34;29.23479776975681;413.094170478848;4.04444444444448;69.97888888888872;7.088235294117647;878.9890045424652;1800
