Ident;X;Y;Transfers;InjectedTransfers;PodsHandled;PodHandlingTimeAvg;PodHandlingTimeVar;PodHandlingTimeMin;PodHandlingTimeMax;PileOn;IdleTime;UpTime
InputStation0;0.50;12.50;0;0;0;0;0;0;0;0;1800;1800
OutputStation0;35.50;3.50;226;167;34;27.615272895305633;324.78322135879654;4.066572875253804;84.29564934696873;6.647058823529412;936.1946176414259;1800
OutputStation1;35.50;9.50;248;187;34;29.878847298767486;269.7625447250102;4.320461764142749;67.4991630702068;7.294117647058823;850.3162336742157;1800
OutputStation2;0.50;6.50;272;217;31;35.893208117334694;365.59341416760657;4.051111111110458;76.69194804090603;8.774193548387096;758.9465297177056;1800
