Ident;X;Y;Transfers;InjectedTransfers;PodsHandled;PodHandlingTimeAvg;PodHandlingTimeVar;PodHandlingTimeMin;PodHandlingTimeMax;PileOn;IdleTime;UpTime
InputStation0;0.50;12.50;0;0;0;0;0;0;0;0;1800;1800
OutputStation0;35.50;3.50;240;171;34;28.59866819487526;343.8203082466018;4.04444444444448;76.38730882071013;7.0588235294117645;880.295505205094;1800
OutputStation1;35.50;9.50;241;175;34;29.287513369741756;338.50599637598657;4.178888888888878;76.70417026312771;7.088235294117647;877.680490535854;1800
OutputStation2;0.50;6.50;206;144;34;25.14929802029075;274.11686861241225;4.04444444444448;66.96296536060368;6.0588235294117645;1016.6581819985196;1800
