Ident;X;Y;Transfers;InjectedTransfers;PodsHandled;PodHandlingTimeAvg;PodHandlingTimeVar;PodHandlingTimeMin;PodHandlingTimeMax;PileOn;IdleTime;UpTime
InputStation0;0.50;12.50;0;0;0;0;0;0;0;0;1800;1800
OutputStation0;35.50;3.50;215;154;34;26.014588533140547;281.9840636533629;4.04444444444448;66.34000000000151;6.323529411764706;970.9538816959807;1800
OutputStation1;35.50;9.50;245;187;33;30.528832917477743;206.52879977351245;8.341666666666697;63.889632027270295;7.424242424242424;862.1883405262523;1800
OutputStation2;0.50;6.50;231;165;35;27.05216676942265;339.0967614279582;4.046666666665942;75.5856493469687;6.6;911.4847186257487;1800
