Ident;X;Y;Transfers;InjectedTransfers;PodsHandled;PodHandlingTimeAvg;PodHandlingTimeVar;PodHandlingTimeMin;PodHandlingTimeMax;PileOn;IdleTime;UpTime
InputStation0;0.50;12.50;0;0;0;0;0;0;0;0;1800;1800
OutputStation0;35.50;3.50;225;160;36;25.31803250730918;275.9896547416792;8.125;63.16898268030195;6.25;941.2544588302842;1800
OutputStation1;35.50;9.50;249;179;33;31.174613230547735;404.86139691073157;4.152222222222008;80.79009379141269;7.545454545454546;844.8462049025145;1800
OutputStation2;0.50;6.50;246;188;32;31.785110253408952;441.8895517642464;4.04444444444448;73.18972581868252;7.6875;858.4666307020434;1800
