Ident;X;Y;Transfers;InjectedTransfers;PodsHandled;PodHandlingTimeAvg;PodHandlingTimeVar;PodHandlingTimeMin;PodHandlingTimeMax;PileOn;IdleTime;UpTime
InputStation0;0.50;12.50;0;0;0;0;0;0;0;0;1800;1800
OutputStation0;35.50;3.50;246;180;32;31.473023989093665;465.5078305554064;4.04444444444448;83.87630588685852;7.6875;855.3632030104536;1800
OutputStation1;35.50;9.50;267;206;32;34.48606399062579;621.2712709852797;4.04444444444448;75.05490620858768;8.34375;775.3208372131991;1800
OutputStation2;0.50;6.50;245;176;34;29.269640945988787;393.1047735531514;4.04444444444448;75.28444444444472;7.205882352941177;860.4915153318786;1800
