Ident;X;Y;Transfers;InjectedTransfers;PodsHandled;PodHandlingTimeAvg;PodHandlingTimeVar;PodHandlingTimeMin;PodHandlingTimeMax;PileOn;IdleTime;UpTime
InputStation0;0.50;12.50;0;0;0;0;0;0;0;0;1800;1800
OutputStation0;35.50;3.50;254;184;33;31.50220538720526;316.80300631153744;8.289538235857435;82.14444444444473;7.696969696969697;824.9797836454817;1800
OutputStation1;35.50;9.50;279;213;31;37.107619512984606;548.8604023503842;4.2150000000001455;80.2488888888904;9;732.6679222030305;1800
OutputStation2;0.50;6.50;259;188;30;35.3852099564646;419.2683889507272;4.20555555555552;75.32333333333327;8.633333333333333;809.967950974743;1800
