Ident;X;Y;Transfers;InjectedTransfers;PodsHandled;PodHandlingTimeAvg;PodHandlingTimeVar;PodHandlingTimeMin;PodHandlingTimeMax;PileOn;IdleTime;UpTime
InputStation0;0.50;12.50;0;0;0;0;0;0;0;0;1800;1800
OutputStation0;35.50;3.50;239;176;33;29.928479818058886;454.4302199105586;4.044444444444451;73.40120490252434;7.242424242424242;884.5470706039964;1800
OutputStation1;35.50;9.50;244;174;34;29.2799944828578;293.9688444865638;4.16944444444448;67.66277777777782;7.176470588235294;864.1455699414039;1800
OutputStation2;0.50;6.50;222;158;32;28.371814348500653;302.0532558097;8.12453823585679;79.66518758282677;6.9375;947.9610317055391;1800
