Ident;X;Y;Transfers;InjectedTransfers;PodsHandled;PodHandlingTimeAvg;PodHandlingTimeVar;PodHandlingTimeMin;PodHandlingTimeMax;PileOn;IdleTime;UpTime
InputStation0;0.50;12.50;0;0;0;0;0;0;0;0;1800;1800
OutputStation0;35.50;3.50;225;158;35;26.405137497633728;307.8351161493256;4.044444444444451;58.65722222222212;6.428571428571429;942.581630702051;1800
OutputStation1;35.50;9.50;262;208;32;33.26017924829555;373.63551069099054;4.04444444444448;69.51888888888897;8.1875;796.1155267838631;1800
OutputStation2;0.50;6.50;249;186;31;33.14273588442503;500.1454199259999;4.044444444444423;78.79888888888888;8.03225806451613;846.4738022903914;1800
