Ident;X;Y;Transfers;InjectedTransfers;PodsHandled;PodHandlingTimeAvg;PodHandlingTimeVar;PodHandlingTimeMin;PodHandlingTimeMax;PileOn;IdleTime;UpTime
InputStation0;0.50;12.50;0;0;0;0;0;0;0;0;1800;1800
OutputStation0;35.50;3.50;287;194;27;43.412551706734035;613.2063094567961;8.314632027275138;82.00388888888858;10.62962962962963;705.7092352828759;1800
OutputStation1;35.50;9.50;300;225;29;42.50243618437835;723.5114877761089;8.336204902529744;85.61398268030246;10.344827586206897;654.6259525553729;1800
OutputStation2;0.50;6.50;269;190;28;39.46608096387129;727.1340652684322;4.04444444444448;83.79509379141268;9.607142857142858;770.7549640353737;1800
