Ident;X;Y;Transfers;InjectedTransfers;PodsHandled;PodHandlingTimeAvg;PodHandlingTimeVar;PodHandlingTimeMin;PodHandlingTimeMax;PileOn;IdleTime;UpTime
InputStation0;0.50;12.50;0;0;0;0;0;0;0;0;1800;1800
OutputStation0;35.50;3.50;237;157;34;28.474498769637645;321.4785696069009;4.04444444444448;71.08999999999997;6.970588235294118;894.351010126753;1800
OutputStation1;35.50;9.50;246;181;33;30.627258734419843;464.47352079656747;4.04444444444448;76.82685424949236;7.454545454545454;857.3898774369072;1800
OutputStation2;0.50;6.50;236;167;33;29.13883291747767;369.1309314577231;4.279999999999745;79.4316666666667;7.151515151515151;899.9364068712126;1800
