Ident;X;Y;Transfers;InjectedTransfers;PodsHandled;PodHandlingTimeAvg;PodHandlingTimeVar;PodHandlingTimeMin;PodHandlingTimeMax;PileOn;IdleTime;UpTime
InputStation0;0.50;12.50;0;0;0;0;0;0;0;0;1800;1800
OutputStation0;35.50;3.50;249;179;31;32.56560024240825;666.5315568991866;4.04444444444448;83.4727777777776;8.03225806451613;845.9377633919423;1800
OutputStation1;35.50;9.50;263;181;32;33.87424467927738;333.8589102861973;4.351204902522795;73.407871569191;8.21875;799.5057719100754;1800
OutputStation2;0.50;6.50;259;203;29;36.62758993714712;663.4856074442821;4.04444444444448;81.99009379141262;8.931034482758621;806.6944084798313;1800
