Ident;X;Y;Transfers;InjectedTransfers;PodsHandled;PodHandlingTimeAvg;PodHandlingTimeVar;PodHandlingTimeMin;PodHandlingTimeMax;PileOn;IdleTime;UpTime
InputStation0;0.50;12.50;0;0;0;0;0;0;0;0;1800;1800
OutputStation0;35.50;3.50;235;169;35;27.537407125293914;396.4124413418831;4.110555555555493;81.14166666666756;6.714285714285714;901.9838747864263;1800
OutputStation1;35.50;9.50;248;187;33;30.884550484971395;259.24350680905;4.04444444444448;71.43731601363538;7.515151515151516;847.8847258186786;1800
OutputStation2;0.50;6.50;235;174;35;27.702810970491576;279.6841026062802;4.04444444444448;83.593427124747;6.714285714285714;895.5798558581173;1800
