Ident;X;Y;Transfers;InjectedTransfers;PodsHandled;PodHandlingTimeAvg;PodHandlingTimeVar;PodHandlingTimeMin;PodHandlingTimeMax;PileOn;IdleTime;UpTime
InputStation0;0.50;12.50;0;0;0;0;0;0;0;0;1800;1800
OutputStation0;35.50;3.50;230;174;33;28.85151252731848;442.93929646299694;4.118239541920502;84.79166666666657;6.96969696969697;918.351536627223;1800
OutputStation1;35.50;9.50;238;180;33;29.915923083761996;407.1472692790276;4.04444444444448;75.93453823585764;7.212121212121212;885.9094947949023;1800
OutputStation2;0.50;6.50;229;166;33;28.583886264692378;306.6337287465987;4.167222222222279;72.79833333333329;6.9393939393939394;921.352135623734;1800
