Ident;X;Y;Transfers;InjectedTransfers;PodsHandled;PodHandlingTimeAvg;PodHandlingTimeVar;PodHandlingTimeMin;PodHandlingTimeMax;PileOn;IdleTime;UpTime
InputStation0;0.50;12.50;0;0;0;0;0;0;0;0;1800;1800
OutputStation0;35.50;3.50;253;186;31;33.316148818785365;364.5866728195127;4.044444444444423;70.42823954192045;8.161290322580646;825.706537477341;1800
OutputStation1;35.50;9.50;254;195;33;31.138616686455503;290.96274580293743;4.044444444444444;60.06276339193187;7.696969696969697;827.6029216363169;1800
OutputStation2;0.50;6.50;261;206;31;34.447729833365806;366.30514746193546;4.044444444444451;84.08779216362359;8.419354838709678;794.2644444443968;1800
