Ident;X;Y;Transfers;InjectedTransfers;PodsHandled;PodHandlingTimeAvg;PodHandlingTimeVar;PodHandlingTimeMin;PodHandlingTimeMax;PileOn;IdleTime;UpTime
InputStation0;0.50;12.50;0;0;0;0;0;0;0;0;1800;1800
OutputStation0;35.50;3.50;243;177;34;29.450340590240483;353.7378402770874;4.04444444444448;80.15055555555546;7.147058823529412;872.0233405262557;1800
OutputStation1;35.50;9.50;282;212;30;38.083451416497766;459.21746595420694;4.04444444444448;79.27777777777806;9.4;716.9016378949811;1800
OutputStation2;0.50;6.50;235;171;33;29.01287572774758;194.48526144335645;8.24666666666667;64.45222222222264;7.121212121212121;895.8721572025021;1800
