Ident;X;Y;Transfers;InjectedTransfers;PodsHandled;PodHandlingTimeAvg;PodHandlingTimeVar;PodHandlingTimeMin;PodHandlingTimeMax;PileOn;IdleTime;UpTime
InputStation0;0.50;12.50;0;0;0;0;0;0;0;0;1800;1800
OutputStation0;35.50;3.50;248;179;31;32.42065679934863;482.97933607593876;4.04444444444448;79.68499999999972;8;852.2681673292611;1800
OutputStation1;35.50;9.50;261;187;35;30.212058338066463;380.94791030564477;4.04444444444448;65.12176045807985;7.457142857142857;797.0150143858476;1800
OutputStation2;0.50;6.50;263;186;33;32.33353819569933;373.11244543373493;8.086111111110313;78.15;7.96969696969697;796.703073537866;1800
