Ident;X;Y;Transfers;InjectedTransfers;PodsHandled;PodHandlingTimeAvg;PodHandlingTimeVar;PodHandlingTimeMin;PodHandlingTimeMax;PileOn;IdleTime;UpTime
InputStation0;0.50;12.50;0;0;0;0;0;0;0;0;1800;1800
OutputStation0;35.50;3.50;225;161;35;26.3086613071575;222.77931988326893;4.04444444444448;54.455555555555634;6.428571428571429;938.986399678283;1800
OutputStation1;35.50;9.50;258;188;33;32.133773885935035;334.47012173684254;4.04444444444448;77.08731601363502;7.818181818181818;810.1077633919219;1800
OutputStation2;0.50;6.50;246;179;32;30.974589644854536;298.3097942004331;4.04444444444448;79.75888888888926;7.6875;854.4962986939352;1800
