Ident;X;Y;Transfers;InjectedTransfers;PodsHandled;PodHandlingTimeAvg;PodHandlingTimeVar;PodHandlingTimeMin;PodHandlingTimeMax;PileOn;IdleTime;UpTime
InputStation0;0.50;12.50;0;0;0;0;0;0;0;0;1800;1800
OutputStation0;35.50;3.50;233;167;35;26.640750158183252;241.09951579443404;4.04444444444448;70.68222222222244;6.6571428571428575;907.9565875445114;1800
OutputStation1;35.50;9.50;256;194;33;32.061637373157104;200.89282625992843;8.167683986364864;68.35766960052365;7.757575757575758;818.4683773410934;1800
OutputStation2;0.50;6.50;247;189;31;32.51695922404713;282.2802699523282;4.367871569190925;76.27120490252446;7.967741935483871;853.5862190049351;1800
