Ident;X;Y;Transfers;InjectedTransfers;PodsHandled;PodHandlingTimeAvg;PodHandlingTimeVar;PodHandlingTimeMin;PodHandlingTimeMax;PileOn;IdleTime;UpTime
InputStation0;0.50;12.50;0;0;0;0;0;0;0;0;1800;1800
OutputStation0;35.50;3.50;246;172;33;30.091102802585983;375.9536075623822;4.04444444444448;81.32870130606318;7.454545454545454;856.6979512582559;1800
OutputStation1;35.50;9.50;297;226;31;39.08988595799934;424.63885480086026;8.219999999999573;77.90333333333336;9.580645161290322;661.7856349611192;1800
OutputStation2;0.50;6.50;219;160;35;25.377314369538535;355.11827951548645;4.046572875253787;72.80222222222228;6.257142857142857;961.9359379141013;1800
