Ident;X;Y;Transfers;InjectedTransfers;PodsHandled;PodHandlingTimeAvg;PodHandlingTimeVar;PodHandlingTimeMin;PodHandlingTimeMax;PileOn;IdleTime;UpTime
InputStation0;0.50;12.50;0;0;0;0;0;0;0;0;1800;1800
OutputStation0;35.50;3.50;236;164;34;28.192513853452333;353.5119935784071;4.1538888888885594;71.34842712474597;6.9411764705882355;896.8885442997928;1800
OutputStation1;35.50;9.50;265;205;32;33.910627995366376;358.0935278084215;4.287231475459066;84.13953823585695;8.28125;789.234711432828;1800
OutputStation2;0.50;6.50;206;150;35;24.12890991590193;262.67939744057145;4.04444444444448;59.00166666666676;5.885714285714286;1008.7732107702435;1800
