Ident;X;Y;Transfers;InjectedTransfers;PodsHandled;PodHandlingTimeAvg;PodHandlingTimeVar;PodHandlingTimeMin;PodHandlingTimeMax;PileOn;IdleTime;UpTime
InputStation0;0.50;12.50;0;0;0;0;0;0;0;0;1800;1800
OutputStation0;35.50;3.50;285;216;29;39.4994673317829;546.8100744565763;4.157777777777795;84.70648627676235;9.827586206896552;705.5127328110902;1800
OutputStation1;35.50;9.50;254;180;32;32.58385799676392;533.3582125118129;4.04444444444448;79.73287156919054;7.9375;826.1958317971814;1800
OutputStation2;0.50;6.50;249;179;32;31.75796085617066;372.12464745305533;4.243888888888705;78.18953823585736;7.78125;845.6594947948986;1800
