Ident;X;Y;Transfers;InjectedTransfers;PodsHandled;PodHandlingTimeAvg;PodHandlingTimeVar;PodHandlingTimeMin;PodHandlingTimeMax;PileOn;IdleTime;UpTime
InputStation0;0.50;12.50;0;0;0;0;0;0;0;0;1800;1800
OutputStation0;35.50;3.50;245;183;31;32.66162151575467;375.0223990827677;4.04444444444448;83.07000000000107;7.903225806451613;860.6828212187272;1800
OutputStation1;35.50;9.50;245;175;35;28.50099216624819;309.2664782060787;4.054999999999836;84.50231601363532;7;856.3948558581137;1800
OutputStation2;0.50;6.50;249;187;33;30.883748742393617;369.5624395506263;4.186666666666724;70.74342712474626;7.545454545454546;843.8881313646583;1800
