Ident;X;Y;Transfers;InjectedTransfers;PodsHandled;PodHandlingTimeAvg;PodHandlingTimeVar;PodHandlingTimeMin;PodHandlingTimeMax;PileOn;IdleTime;UpTime
InputStation0;0.50;12.50;0;0;0;0;0;0;0;0;1800;1800
OutputStation0;35.50;3.50;239;179;33;29.06300903068668;352.3904510792533;4.222777777777992;73.18666666666763;7.242424242424242;888.8556475669292;1800
OutputStation1;35.50;9.50;214;149;36;24.08832403042712;226.70269421553647;4.04444444444448;61.70111111111237;5.944444444444445;980.9979730634007;1800
OutputStation2;0.50;6.50;264;196;33;33.0221268964493;233.48921653293309;8.497871569190693;68.86120490252472;8;792.1555742377952;1800
