Ident;X;Y;Transfers;InjectedTransfers;PodsHandled;PodHandlingTimeAvg;PodHandlingTimeVar;PodHandlingTimeMin;PodHandlingTimeMax;PileOn;IdleTime;UpTime
InputStation0;0.50;12.50;0;0;0;0;0;0;0;0;1800;1800
OutputStation0;35.50;3.50;245;182;35;28.85879076552693;241.46479158209993;4.097777777777992;71.36777777777809;7;863.8291486843636;1800
OutputStation1;35.50;9.50;232;171;32;29.12673047392665;375.6136424696335;4.04444444444448;70.85777058485615;7.25;913.3340186448993;1800
OutputStation2;0.50;6.50;232;166;34;27.44823274710318;392.32180681089795;4.04444444444448;76.67101731969824;6.823529411764706;909.496276831765;1800
