Ident;X;Y;Transfers;InjectedTransfers;PodsHandled;PodHandlingTimeAvg;PodHandlingTimeVar;PodHandlingTimeMin;PodHandlingTimeMax;PileOn;IdleTime;UpTime
InputStation0;0.50;12.50;0;0;0;0;0;0;0;0;1800;1800
OutputStation0;35.50;3.50;206;146;34;24.95568372749522;446.7338326147183;4.04444444444448;85.60991340151065;6.0588235294117645;1011.4336581485121;1800
OutputStation1;35.50;9.50;212;157;35;25.006595957387677;367.2537314242838;4.04444444444448;67.27709246620122;6.057142857142857;988.3733551955213;1800
OutputStation2;0.50;6.50;225;166;30;30.82335618650018;345.81413610105295;4.163888888888948;78.12629869393754;7.5;936.7760679535573;1800
