Ident;X;Y;Transfers;InjectedTransfers;PodsHandled;PodHandlingTimeAvg;PodHandlingTimeVar;PodHandlingTimeMin;PodHandlingTimeMax;PileOn;IdleTime;UpTime
InputStation0;0.50;12.50;0;0;0;0;0;0;0;0;1800;1800
OutputStation0;35.50;3.50;215;151;34;26.078619809937102;286.72430387168106;4.04444444444448;74.86852091615992;6.323529411764706;979.2715081389446;1800
OutputStation1;35.50;9.50;233;178;34;28.097069434700146;257.3837489351648;4.04444444444448;69.26777777777767;6.852941176470588;905.3014110479293;1800
OutputStation2;0.50;6.50;244;180;33;30.502129302678647;397.65142496876484;4.04444444444448;80.30823954192056;7.393939393939394;867.8615800681873;1800
