Ident;X;Y;Transfers;InjectedTransfers;PodsHandled;PodHandlingTimeAvg;PodHandlingTimeVar;PodHandlingTimeMin;PodHandlingTimeMax;PileOn;IdleTime;UpTime
InputStation0;0.50;12.50;0;0;0;0;0;0;0;0;1800;1800
OutputStation0;35.50;3.50;230;160;35;27.081708926204843;299.59687636105105;4.18712843080948;80.74166666666667;6.571428571428571;917.8382973687175;1800
OutputStation1;35.50;9.50;241;187;34;27.98911785861545;368.7297491742659;4.08055555555552;77.0026839863649;7.088235294117647;872.9425251752307;1800
OutputStation2;0.50;6.50;253;191;32;32.421628788683954;320.9790736467226;4.202128430809239;83.43120490252454;7.90625;832.2750362480309;1800
