Ident;X;Y;Transfers;InjectedTransfers;PodsHandled;PodHandlingTimeAvg;PodHandlingTimeVar;PodHandlingTimeMin;PodHandlingTimeMax;PileOn;IdleTime;UpTime
InputStation0;0.50;12.50;0;0;0;0;0;0;0;0;1800;1800
OutputStation0;35.50;3.50;237;177;33;29.5761642403585;393.59166875001625;4.04444444444448;75.47777777777765;7.181818181818182;892.792287241941;1800
OutputStation1;35.50;9.50;248;195;32;31.764975194616984;389.3281800772026;4.289083664635882;81.18222222222221;7.75;852.5269983913478;1800
OutputStation2;0.50;6.50;225;164;34;26.891538706283473;411.05306437024194;4.241111111110968;74.327409805048;6.617647058823529;937.0945598146213;1800
