Ident;X;Y;Transfers;InjectedTransfers;PodsHandled;PodHandlingTimeAvg;PodHandlingTimeVar;PodHandlingTimeMin;PodHandlingTimeMax;PileOn;IdleTime;UpTime
InputStation0;0.50;12.50;0;0;0;0;0;0;0;0;1800;1800
OutputStation0;35.50;3.50;246;174;33;30.765114131084335;348.3240061938137;8.193239541920093;83.12777777777768;7.454545454545454;859.8629941322855;1800
OutputStation1;35.50;9.50;243;174;36;27.672725871240644;339.85733672498674;4.04444444444448;79.2294444444444;6.75;871.8916666666679;1800
OutputStation2;0.50;6.50;273;202;29;38.452784494182964;500.727772131328;8.08888888888896;83.63444444444437;9.413793103448276;753.1876767934352;1800
