Ident;X;Y;Transfers;InjectedTransfers;PodsHandled;PodHandlingTimeAvg;PodHandlingTimeVar;PodHandlingTimeMin;PodHandlingTimeMax;PileOn;IdleTime;UpTime
InputStation0;0.50;12.50;0;0;0;0;0;0;0;0;1800;1800
OutputStation0;35.50;3.50;263;196;29;37.120919540229856;567.85401060041;4.04444444444448;80.64555555555216;9.068965517241379;791.0501444252913;1800
OutputStation1;35.50;9.50;264;197;32;33.55871798398068;522.4306021998467;4.275555555555229;82.21490620858685;8.25;787.4960604772302;1800
OutputStation2;0.50;6.50;267;208;30;36.684561808316616;448.3660602064928;4.04444444444448;79.13833333333355;8.9;778.5867460722307;1800
