Ident;X;Y;Transfers;InjectedTransfers;PodsHandled;PodHandlingTimeAvg;PodHandlingTimeVar;PodHandlingTimeMin;PodHandlingTimeMax;PileOn;IdleTime;UpTime
InputStation0;0.50;12.50;0;0;0;0;0;0;0;0;1800;1800
OutputStation0;35.50;3.50;250;184;33;30.776289295575907;482.76707743245703;4.082128430809377;73.0511111111116;7.575757575757576;839.3304764333816;1800
OutputStation1;35.50;9.50;232;171;34;27.685115859980847;378.18988548411704;4.04444444444448;82.70009379141356;6.823529411764706;909.6879296793993;1800
OutputStation2;0.50;6.50;234;180;33;29.102732521120682;400.4801828343751;4.076111111110322;70.13444444444417;7.090909090909091;907.2047983147395;1800
