Ident;X;Y;Transfers;InjectedTransfers;PodsHandled;PodHandlingTimeAvg;PodHandlingTimeVar;PodHandlingTimeMin;PodHandlingTimeMax;PileOn;IdleTime;UpTime
InputStation0;0.50;12.50;0;0;0;0;0;0;0;0;1800;1800
OutputStation0;35.50;3.50;249;182;31;32.22928361818141;397.4754898519095;4.04444444444448;78.72342712474627;8.03225806451613;845.6160967252458;1800
OutputStation1;35.50;9.50;253;188;34;30.81478800481247;454.3327719980191;4.044444444444444;81.30907647171557;7.4411764705882355;828.4973303994832;1800
OutputStation2;0.50;6.50;234;173;35;27.592664397936137;435.5872604670906;4.04444444444448;73.54620490252444;6.685714285714286;902.1880519591091;1800
