Ident;X;Y;Transfers;InjectedTransfers;PodsHandled;PodHandlingTimeAvg;PodHandlingTimeVar;PodHandlingTimeMin;PodHandlingTimeMax;PileOn;IdleTime;UpTime
InputStation0;0.50;12.50;0;0;0;0;0;0;0;0;1800;1800
OutputStation0;35.50;3.50;247;175;31;32.59295744416452;570.0486328028226;4.082150009577163;85.45482680301757;7.967741935483871;854.9042632042856;1800
OutputStation1;35.50;9.50;269;193;32;34.28100514621382;410.3815478550275;4.04444444444448;84.78426405454047;8.40625;770.0008527327266;1800
OutputStation2;0.50;6.50;270;199;33;33.24623267026268;398.87070192062896;4.3583333333333485;80.58398268030157;8.181818181818182;769.2277268604871;1800
