Ident;X;Y;Transfers;InjectedTransfers;PodsHandled;PodHandlingTimeAvg;PodHandlingTimeVar;PodHandlingTimeMin;PodHandlingTimeMax;PileOn;IdleTime;UpTime
InputStation0;0.50;12.50;0;0;0;0;0;0;0;0;1800;1800
OutputStation0;35.50;3.50;274;205;32;35.057778291720325;452.0269579963053;8.08888888888896;81.21305915201663;8.5625;749.7010772068127;1800
OutputStation1;35.50;9.50;253;189;33;31.13433009539292;469.9711675683617;4.044444444444444;78.65120490252525;7.666666666666667;827.3033914435699;1800
OutputStation2;0.50;6.50;249;175;33;30.93585646003057;316.49619479893914;4.0505555555555475;75.5441702631274;7.545454545454546;846.271810525098;1800
