Ident;X;Y;Transfers;InjectedTransfers;PodsHandled;PodHandlingTimeAvg;PodHandlingTimeVar;PodHandlingTimeMin;PodHandlingTimeMax;PileOn;IdleTime;UpTime
InputStation0;0.50;12.50;0;0;0;0;0;0;0;0;1800;1800
OutputStation0;35.50;3.50;249;183;32;31.492679697853145;591.6149073398567;4.04444444444448;79.08083692979409;7.78125;846.4501153701779;1800
OutputStation1;35.50;9.50;272;202;32;35.11568023909374;349.1563358101514;4.2422222222221535;80.53333333333376;8.5;756.7685137232286;1800
OutputStation2;0.50;6.50;231;168;33;28.870151297184126;244.59394691675232;8.16944444444448;77.01601731969845;7;912.965288567154;1800
