Ident;X;Y;Transfers;InjectedTransfers;PodsHandled;PodHandlingTimeAvg;PodHandlingTimeVar;PodHandlingTimeMin;PodHandlingTimeMax;PileOn;IdleTime;UpTime
InputStation0;0.50;12.50;0;0;0;0;0;0;0;0;1800;1800
OutputStation0;35.50;3.50;258;192;32;32.979562142125104;413.2022683159785;4.08055555555552;79.10925686161914;8.0625;809.978694113138;1800
OutputStation1;35.50;9.50;244;171;34;29.4770804689841;208.4710702826587;4.101666666666645;57.53833333333324;7.176470588235294;869.3954545712197;1800
OutputStation2;0.50;6.50;275;202;32;35.36285330896456;513.6903562600788;4.160555555555447;78.26101731969817;8.59375;747.0323810333558;1800
