Ident;X;Y;Transfers;InjectedTransfers;PodsHandled;PodHandlingTimeAvg;PodHandlingTimeVar;PodHandlingTimeMin;PodHandlingTimeMax;PileOn;IdleTime;UpTime
InputStation0;0.50;12.50;0;0;0;0;0;0;0;0;1800;1800
OutputStation0;35.50;3.50;262;185;34;31.456095405911764;407.79851300850254;4.04444444444448;75.75425686161861;7.705882352941177;796.4923756390866;1800
OutputStation1;35.50;9.50;247;189;34;29.947045242231216;358.38692679367216;4.04444444444448;83.97379509747611;7.264705882352941;856.3710442927621;1800
OutputStation2;0.50;6.50;262;195;30;35.52608946621219;513.9864472173766;8.08000000000061;79.43499999999997;8.733333333333333;794.3261959109966;1800
