Ident;X;Y;Transfers;InjectedTransfers;PodsHandled;PodHandlingTimeAvg;PodHandlingTimeVar;PodHandlingTimeMin;PodHandlingTimeMax;PileOn;IdleTime;UpTime
InputStation0;0.50;12.50;0;0;0;0;0;0;0;0;1800;1800
OutputStation0;35.50;3.50;253;198;33;31.180611962901573;356.84549723349716;4.04444444444448;69.22658006817664;7.666666666666667;833.4062120954472;1800
OutputStation1;35.50;9.50;218;154;36;24.614655283193095;190.90680893064282;4.04444444444448;53.63620490252384;6.055555555555555;964.4892424757658;1800
OutputStation2;0.50;6.50;234;165;35;26.834182642438506;145.0697086883814;4.04444444444448;57.662316013635035;6.685714285714286;904.5512264812899;1800
