Ident;X;Y;Transfers;InjectedTransfers;PodsHandled;PodHandlingTimeAvg;PodHandlingTimeVar;PodHandlingTimeMin;PodHandlingTimeMax;PileOn;IdleTime;UpTime
InputStation0;0.50;12.50;0;0;0;0;0;0;0;0;1800;1800
OutputStation0;35.50;3.50;270;200;33;33.858126500672675;381.5306549275224;4.250743138381495;69.30722222222215;8.181818181818182;768.4484340342416;1800
OutputStation1;35.50;9.50;256;192;33;32.093185314248004;284.85104241389246;8.51436503887544;70.27212123788809;7.757575757575758;820.657272572701;1800
OutputStation2;0.50;6.50;242;173;32;31.161792249320417;403.3809250315197;4.07722222222219;79.3703751656517;7.5625;873.2078931479646;1800
