Ident;X;Y;Transfers;InjectedTransfers;PodsHandled;PodHandlingTimeAvg;PodHandlingTimeVar;PodHandlingTimeMin;PodHandlingTimeMax;PileOn;IdleTime;UpTime
InputStation0;0.50;12.50;0;0;0;0;0;0;0;0;1800;1800
OutputStation0;35.50;3.50;241;175;35;28.046534323030386;416.7923972683817;4.04444444444448;77.4317604580794;6.885714285714286;879.6118254778046;1800
OutputStation1;35.50;9.50;320;255;28;46.74928313526277;493.17352940283394;4.04444444444448;83.82564934696916;11.428571428571429;576.1767964226948;1800
OutputStation2;0.50;6.50;261;199;30;35.614015152373916;622.2207940536689;4.04444444444448;82.80833333333305;8.7;804.1147764525526;1800
