Ident;X;Y;Transfers;InjectedTransfers;PodsHandled;PodHandlingTimeAvg;PodHandlingTimeVar;PodHandlingTimeMin;PodHandlingTimeMax;PileOn;IdleTime;UpTime
InputStation0;0.50;12.50;0;0;0;0;0;0;0;0;1800;1800
OutputStation0;35.50;3.50;254;188;33;31.599652709776592;434.14327123627413;4.376572875253714;84.49722222222229;7.696969696969697;823.9334942047803;1800
OutputStation1;35.50;9.50;265;206;31;35.21844221974899;591.2063663461589;8.319999999999993;76.98898268030186;8.548387096774194;784.9408274294722;1800
OutputStation2;0.50;6.50;225;152;33;28.092041942595728;341.37013183595934;8.375555555555593;80.38842712474639;6.818181818181818;937.5048735633627;1800
