Ident;X;Y;Transfers;InjectedTransfers;PodsHandled;PodHandlingTimeAvg;PodHandlingTimeVar;PodHandlingTimeMin;PodHandlingTimeMax;PileOn;IdleTime;UpTime
InputStation0;0.50;12.50;0;0;0;0;0;0;0;0;1800;1800
OutputStation0;35.50;3.50;247;190;30;33.845259499023385;308.5239223898669;4.04444444444448;61.00231601363504;8.233333333333333;852.95062057528;1800
OutputStation1;35.50;9.50;297;234;30;40.44373737459641;484.4055532578184;4.04444444444448;79.9150000000003;9.9;663.1021359071563;1800
OutputStation2;0.50;6.50;235;185;32;30.032027195124247;452.8437843304686;4.04444444444448;74.86555555555557;7.34375;898.5563778160679;1800
