Ident;X;Y;Transfers;InjectedTransfers;PodsHandled;PodHandlingTimeAvg;PodHandlingTimeVar;PodHandlingTimeMin;PodHandlingTimeMax;PileOn;IdleTime;UpTime
InputStation0;0.50;12.50;0;0;0;0;0;0;0;0;1800;1800
OutputStation0;35.50;3.50;258;185;31;34.200141039735776;290.0031472589188;4.122590194951044;67.4806493469689;8.32258064516129;807.5727705848587;1800
OutputStation1;35.50;9.50;262;198;32;33.72641526772394;448.58763244804743;4.04444444444448;79.45888888888953;8.1875;792.489501987847;1800
OutputStation2;0.50;6.50;237;171;33;29.160429401912946;461.07338235932207;4.04444444444448;84.47935065303147;7.181818181818182;891.0567892297884;1800
