Ident;X;Y;Transfers;InjectedTransfers;PodsHandled;PodHandlingTimeAvg;PodHandlingTimeVar;PodHandlingTimeMin;PodHandlingTimeMax;PileOn;IdleTime;UpTime
InputStation0;0.50;12.50;0;0;0;0;0;0;0;0;1800;1800
OutputStation0;35.50;3.50;247;180;35;28.80481983180412;275.7018645143502;4.063982680302161;72.97555555555596;7.057142857142857;850.3861689379199;1800
OutputStation1;35.50;9.50;222;161;38;24.141118326409043;236.185348965955;4.04444444444448;68.94222222222209;5.842105263157895;950.3969408479715;1800
OutputStation2;0.50;6.50;242;180;33;29.445384363223212;324.91001621583206;4.172965360603484;79.9923160136351;7.333333333333333;874.4407143666941;1800
