Ident;X;Y;Transfers;InjectedTransfers;PodsHandled;PodHandlingTimeAvg;PodHandlingTimeVar;PodHandlingTimeMin;PodHandlingTimeMax;PileOn;IdleTime;UpTime
InputStation0;0.50;12.50;0;0;0;0;0;0;0;0;1800;1800
OutputStation0;35.50;3.50;271;209;32;34.98129373994608;376.246122280292;4.116666666666561;76.10518758282603;8.46875;762.9263130797854;1800
OutputStation1;35.50;9.50;236;180;33;28.574405743985015;438.7375078198968;4.04444444444448;75.29861470757214;7.151515151515151;893.3772725726897;1800
OutputStation2;0.50;6.50;247;192;29;34.9935980503487;430.9332694158964;4.3400000000001455;80.26481241717386;8.517241379310345;850.7880591520023;1800
