Ident;X;Y;Transfers;InjectedTransfers;PodsHandled;PodHandlingTimeAvg;PodHandlingTimeVar;PodHandlingTimeMin;PodHandlingTimeMax;PileOn;IdleTime;UpTime
InputStation0;0.50;12.50;0;0;0;0;0;0;0;0;1800;1800
OutputStation0;35.50;3.50;280;207;30;37.93343217868679;514.9118350486926;4.106666666666342;81.42463202727038;9.333333333333334;733.1741630701982;1800
OutputStation1;35.50;9.50;248;185;35;29.320589775829863;386.86611412497643;4.04444444444448;70.92064934696839;7.085714285714285;848.5377849707004;1800
OutputStation2;0.50;6.50;252;181;33;31.597875727747393;381.721023994481;4.27453823585779;80.18666666666655;7.636363636363637;833.0893290742594;1800
