Ident;X;Y;Transfers;InjectedTransfers;PodsHandled;PodHandlingTimeAvg;PodHandlingTimeVar;PodHandlingTimeMin;PodHandlingTimeMax;PileOn;IdleTime;UpTime
InputStation0;0.50;12.50;0;0;0;0;0;0;0;0;1800;1800
OutputStation0;35.50;3.50;225;155;34;27.262870299851343;437.44781004405763;4.04444444444448;85.30342712474612;6.617647058823529;936.285591803581;1800
OutputStation1;35.50;9.50;273;214;31;36.18035609349894;559.081094948889;4.04444444444448;81.26731601363491;8.806451612903226;755.5301947757497;1800
OutputStation2;0.50;6.50;271;202;32;34.23390309423953;711.2718575732246;4.04444444444448;83.78453104293294;8.46875;759.8575470374233;1800
