Ident;X;Y;Transfers;InjectedTransfers;PodsHandled;PodHandlingTimeAvg;PodHandlingTimeVar;PodHandlingTimeMin;PodHandlingTimeMax;PileOn;IdleTime;UpTime
InputStation0;0.50;12.50;0;0;0;0;0;0;0;0;1800;1800
OutputStation0;35.50;3.50;263;191;28;37.8746034314932;500.741993511823;4.14823954192093;80.79028137423873;9.392857142857142;795.8236648211071;1800
OutputStation1;35.50;9.50;257;191;32;33.088860269669446;456.9191343507261;4.04444444444448;83.11787156919127;8.03125;816.662908574467;1800
OutputStation2;0.50;6.50;242;171;32;30.757872926720697;375.3765717329282;4.068982680301588;79.92463202726987;7.5625;874.7278643762558;1800
