Ident;X;Y;Transfers;InjectedTransfers;PodsHandled;PodHandlingTimeAvg;PodHandlingTimeVar;PodHandlingTimeMin;PodHandlingTimeMax;PileOn;IdleTime;UpTime
InputStation0;0.50;12.50;0;0;0;0;0;0;0;0;1800;1800
OutputStation0;35.50;3.50;260;196;34;31.3328376201129;508.8488726535518;4.04444444444448;84.02120490252412;7.647058823529412;803.7623234899756;1800
OutputStation1;35.50;9.50;271;202;30;37.07194107830002;471.9623929806564;4.341298693937006;79.9885209161605;9.033333333333333;761.9838313455135;1800
OutputStation2;0.50;6.50;238;180;31;31.338479960068213;418.679122214242;4.053528109080844;84.91481241717474;7.67741935483871;891.8522150292941;1800
