Ident;X;Y;Transfers;InjectedTransfers;PodsHandled;PodHandlingTimeAvg;PodHandlingTimeVar;PodHandlingTimeMin;PodHandlingTimeMax;PileOn;IdleTime;UpTime
InputStation0;0.50;12.50;0;0;0;0;0;0;0;0;1800;1800
OutputStation0;35.50;3.50;232;172;35;27.380260766347686;336.6008282659567;4.206666666666706;74.59960325558518;6.628571428571429;911.8697559429061;1800
OutputStation1;35.50;9.50;243;182;37;26.90450976871365;353.25263099265726;4.04444444444448;69.82944444444433;6.5675675675675675;865.1445893616515;1800
OutputStation2;0.50;6.50;275;213;28;40.118753349693385;561.1035343149064;4.4161111111111495;84.05613268987645;9.821428571428571;747.8674092847033;1800
