Ident;X;Y;Transfers;InjectedTransfers;PodsHandled;PodHandlingTimeAvg;PodHandlingTimeVar;PodHandlingTimeMin;PodHandlingTimeMax;PileOn;IdleTime;UpTime
InputStation0;0.50;12.50;0;0;0;0;0;0;0;0;1800;1800
OutputStation0;35.50;3.50;245;169;33;30.108361972941193;263.35693574181147;4.04444444444448;68.81842712474614;7.424242424242424;859.6688454479536;1800
OutputStation1;35.50;9.50;230;167;34;27.86202189598845;544.4733693413905;4.044444444444423;84.48833333333323;6.764705882352941;920.3725470373986;1800
OutputStation2;0.50;6.50;263;199;30;36.04152813742412;402.5464719491531;4.170555555555438;74.94676045807958;8.766666666666667;791.0885859358689;1800
