Ident;X;Y;Transfers;InjectedTransfers;PodsHandled;PodHandlingTimeAvg;PodHandlingTimeVar;PodHandlingTimeMin;PodHandlingTimeMax;PileOn;IdleTime;UpTime
InputStation0;0.50;12.50;0;0;0;0;0;0;0;0;1800;1800
OutputStation0;35.50;3.50;240;162;34;29.08472837403379;400.3881131339349;4.215000000000828;72.07444444444445;7.0588235294117645;885.0621068520516;1800
OutputStation1;35.50;9.50;274;205;31;35.953990364711714;451.179521978648;12.08888888888896;78.58055555555552;8.838709677419354;749.0375830020375;1800
OutputStation2;0.50;6.50;262;189;32;33.346824040560556;533.3822182274747;4.04444444444448;83.39222222222227;8.1875;794.5760604772303;1800
