Ident;X;Y;Transfers;InjectedTransfers;PodsHandled;PodHandlingTimeAvg;PodHandlingTimeVar;PodHandlingTimeMin;PodHandlingTimeMax;PileOn;IdleTime;UpTime
InputStation0;0.50;12.50;0;0;0;0;0;0;0;0;1800;1800
OutputStation0;35.50;3.50;224;168;34;26.95115482513371;289.44152654598327;4.04444444444448;65.92684705657081;6.588235294117647;946.603059152016;1800
OutputStation1;35.50;9.50;270;211;32;34.20448232242718;396.42069327669924;4.071666666666488;69.93388888888899;8.4375;769.0079653606012;1800
OutputStation2;0.50;6.50;256;194;30;35.3374843680977;379.55160500629444;4.231111111110749;79.0723160136356;8.533333333333333;821.629018644924;1800
