Ident;X;Y;Transfers;InjectedTransfers;PodsHandled;PodHandlingTimeAvg;PodHandlingTimeVar;PodHandlingTimeMin;PodHandlingTimeMax;PileOn;IdleTime;UpTime
InputStation0;0.50;12.50;0;0;0;0;0;0;0;0;1800;1800
OutputStation0;35.50;3.50;273;193;29;38.312426729850124;639.1772074263231;4.301103918183344;83.57666666666654;9.413793103448276;754.9997258186572;1800
OutputStation1;35.50;9.50;282;207;29;39.661654225983845;739.5543066381576;4.197222222222081;83.84388888888861;9.724137931034482;718.3769696196596;1800
OutputStation2;0.50;6.50;268;178;27;40.9208986686868;555.8817566144013;12.375649346968657;85.54722222222225;9.925925925925926;775.6693218813473;1800
