Ident;X;Y;Transfers;InjectedTransfers;PodsHandled;PodHandlingTimeAvg;PodHandlingTimeVar;PodHandlingTimeMin;PodHandlingTimeMax;PileOn;IdleTime;UpTime
InputStation0;0.50;12.50;0;0;0;0;0;0;0;0;1800;1800
OutputStation0;35.50;3.50;232;170;32;27.771261499147904;311.1968741315696;4.04444444444448;71.745649346969;7.25;914.0353679727257;1800
OutputStation1;35.50;9.50;274;203;32;35.125604932686144;451.6960075745628;4.120649346967639;79.868982680302;8.5625;752.165533976791;1800
OutputStation2;0.50;6.50;219;167;32;28.209788960463936;551.0022565956479;4.04444444444448;79.82842712474616;6.84375;959.8095166570936;1800
