Ident;X;Y;Transfers;InjectedTransfers;PodsHandled;PodHandlingTimeAvg;PodHandlingTimeVar;PodHandlingTimeMin;PodHandlingTimeMax;PileOn;IdleTime;UpTime
InputStation0;0.50;12.50;0;0;0;0;0;0;0;0;1800;1800
OutputStation0;35.50;3.50;257;207;31;34.29175022134254;413.4573644735089;4.051111111110458;81.75500000000079;8.290322580645162;815.2321284308014;1800
OutputStation1;35.50;9.50;237;185;35;27.871913212193;396.66590805194033;4.169350653031557;77.44388888888989;6.771428571428571;888.9744228656798;1800
OutputStation2;0.50;6.50;286;221;29;40.54765884719405;334.2496095769511;12.185764717150278;78.95305195909526;9.862068965517242;703.5356709257335;1800
