Ident;X;Y;Transfers;InjectedTransfers;PodsHandled;PodHandlingTimeAvg;PodHandlingTimeVar;PodHandlingTimeMin;PodHandlingTimeMax;PileOn;IdleTime;UpTime
InputStation0;0.50;12.50;0;0;0;0;0;0;0;0;1800;1800
OutputStation0;35.50;3.50;219;163;33;27.565749703167484;379.43793786974186;4.04444444444448;72.40055555555591;6.636363636363637;963.6875758091068;1800
OutputStation1;35.50;9.50;221;158;36;25.338130310535686;285.7139463384373;4.044444444444444;67.99203463939511;6.138888888888889;952.3207506147152;1800
OutputStation2;0.50;6.50;254;195;33;31.932151604056166;353.3307196021774;4.04444444444448;78.07814575050543;7.696969696969697;827.4157575242373;1800
