Ident;X;Y;Transfers;InjectedTransfers;PodsHandled;PodHandlingTimeAvg;PodHandlingTimeVar;PodHandlingTimeMin;PodHandlingTimeMax;PileOn;IdleTime;UpTime
InputStation0;0.50;12.50;0;0;0;0;0;0;0;0;1800;1800
OutputStation0;35.50;3.50;255;187;32;32.949172978187946;417.03928041946466;4.09093072121027;72.00777777777876;7.96875;822.8659597763358;1800
OutputStation1;35.50;9.50;307;231;30;41.55457407407417;382.6431415469481;8.464444444444553;79.7872222222212;10.233333333333333;627.0198627676448;1800
OutputStation2;0.50;6.50;250;187;33;31.03164152312484;524.7604269298323;4.139812417172834;77.31528137423822;7.575757575757576;841.2026911792751;1800
