Ident;X;Y;Transfers;InjectedTransfers;PodsHandled;PodHandlingTimeAvg;PodHandlingTimeVar;PodHandlingTimeMin;PodHandlingTimeMax;PileOn;IdleTime;UpTime
InputStation0;0.50;12.50;0;0;0;0;0;0;0;0;1800;1800
OutputStation0;35.50;3.50;207;142;36;23.090218454896533;209.76920912565024;4.04444444444448;62.64064934696846;5.75;1007.911876395101;1800
OutputStation1;35.50;9.50;285;222;31;37.685685894494654;438.71585886872447;4.323333333333267;81.7694444444453;9.193548387096774;706.4851585277103;1800
OutputStation2;0.50;6.50;250;186;30;33.80133188530167;465.1785997520421;4.04777777777781;70.9916666666686;8.333333333333334;840.5525971044304;1800
