Ident;X;Y;Transfers;InjectedTransfers;PodsHandled;PodHandlingTimeAvg;PodHandlingTimeVar;PodHandlingTimeMin;PodHandlingTimeMax;PileOn;IdleTime;UpTime
InputStation0;0.50;12.50;0;0;0;0;0;0;0;0;1800;1800
OutputStation0;35.50;3.50;231;172;34;27.82073253554692;545.9220271343648;4.04444444444448;81.0540764717149;6.794117647058823;914.8847836455006;1800
OutputStation1;35.50;9.50;252;185;34;30.197467954931327;473.03307121444885;4.233333333333803;80.97166666666692;7.411764705882353;832.0618398636507;1800
OutputStation2;0.50;6.50;280;205;32;35.04055352368955;429.1420682694335;4.04444444444448;78.78667385959147;8.75;728.8642781569993;1800
