Ident;X;Y;Transfers;InjectedTransfers;PodsHandled;PodHandlingTimeAvg;PodHandlingTimeVar;PodHandlingTimeMin;PodHandlingTimeMax;PileOn;IdleTime;UpTime
InputStation0;0.50;12.50;0;0;0;0;0;0;0;0;1800;1800
OutputStation0;35.50;3.50;261;201;34;31.541925557560784;406.4136047825633;4.162683986364755;80.01666666666645;7.676470588235294;800.8377202343894;1800
OutputStation1;35.50;9.50;249;180;34;29.750519905689448;382.35478007118496;4.1966666666666015;81.77000000000021;7.323529411764706;842.2965584893818;1800
OutputStation2;0.50;6.50;250;181;32;30.96951997563123;495.9828650156776;4.04444444444448;81.64268398636568;7.8125;842.469112719736;1800
