Ident;X;Y;Transfers;InjectedTransfers;PodsHandled;PodHandlingTimeAvg;PodHandlingTimeVar;PodHandlingTimeMin;PodHandlingTimeMax;PileOn;IdleTime;UpTime
InputStation0;0.50;12.50;0;0;0;0;0;0;0;0;1800;1800
OutputStation0;35.50;3.50;233;167;34;27.811271539676515;404.75114068644297;4.071666666666488;70.40777777777839;6.852941176470588;905.7275901949781;1800
OutputStation1;35.50;9.50;277;216;33;34.20301018991471;350.3541471402084;4.060555555555084;70.84944444444447;8.393939393939394;742.9121790646776;1800
OutputStation2;0.50;6.50;238;177;34;28.799967320261462;436.80567334472437;4.04444444444448;82.18879509747694;7;888.7853101459334;1800
