Ident;X;Y;Transfers;InjectedTransfers;PodsHandled;PodHandlingTimeAvg;PodHandlingTimeVar;PodHandlingTimeMin;PodHandlingTimeMax;PileOn;IdleTime;UpTime
InputStation0;0.50;12.50;0;0;0;0;0;0;0;0;1800;1800
OutputStation0;35.50;3.50;268;209;31;35.599231720121345;552.710728338445;4.1299999999999955;69.82722222222223;8.64516129032258;773.6659522999635;1800
OutputStation1;35.50;9.50;287;224;29;40.52466437891021;298.76520733498984;8.589444444444553;73.37666666666746;9.89655172413793;696.4662986939288;1800
OutputStation2;0.50;6.50;250;187;31;33.53407415141725;592.6931090156879;4.04444444444448;83.57907647171487;8.064516129032258;843.1631385575824;1800
