Ident;X;Y;Transfers;InjectedTransfers;PodsHandled;PodHandlingTimeAvg;PodHandlingTimeVar;PodHandlingTimeMin;PodHandlingTimeMax;PileOn;IdleTime;UpTime
InputStation0;0.50;12.50;0;0;0;0;0;0;0;0;1800;1800
OutputStation0;35.50;3.50;267;203;32;34.05445594359246;442.28441482961244;4.04444444444448;77.59444444444466;8.34375;779.8861902332408;1800
OutputStation1;35.50;9.50;288;225;30;39.49934247271065;382.3653518799931;8.711111111111222;80.7727777777776;9.6;696.9734993373777;1800
OutputStation2;0.50;6.50;253;189;30;34.73363588239037;427.73781884446504;4.070555555555302;81.08491340150783;8.433333333333334;830.4766738595831;1800
