Ident;X;Y;Transfers;InjectedTransfers;PodsHandled;PodHandlingTimeAvg;PodHandlingTimeVar;PodHandlingTimeMin;PodHandlingTimeMax;PileOn;IdleTime;UpTime
InputStation0;0.50;12.50;0;0;0;0;0;0;0;0;1800;1800
OutputStation0;35.50;3.50;232;166;32;29.39412337627832;753.8441722266792;4.04444444444448;84.12888888888853;7.25;910.6375182656986;1800
OutputStation1;35.50;9.50;325;244;28;47.294550863960936;494.079955659366;4.160555555555447;82.67111111111124;11.607142857142858;550.8649850474627;1800
OutputStation2;0.50;6.50;303;233;27;46.14039762760922;585.4299838680233;8.04444444444448;83.52990620858793;11.222222222222221;639.5313202727332;1800
