Ident;X;Y;Transfers;InjectedTransfers;PodsHandled;PodHandlingTimeAvg;PodHandlingTimeVar;PodHandlingTimeMin;PodHandlingTimeMax;PileOn;IdleTime;UpTime
InputStation0;0.50;12.50;0;0;0;0;0;0;0;0;1800;1800
OutputStation0;35.50;3.50;260;187;33;31.82160195079604;381.3032301294182;4.059999999999945;79.33398268030166;7.878787878787879;804.2926189666587;1800
OutputStation1;35.50;9.50;223;154;35;25.664158730158785;364.6557858982534;4.109624834346732;75.5027777777791;6.371428571428571;944.5739682944613;1800
OutputStation2;0.50;6.50;240;166;34;29.15847169333077;343.2310052122882;4.118333333333112;79.13120490252385;7.0588235294117645;883.5039251369147;1800
