Ident;X;Y;Transfers;InjectedTransfers;PodsHandled;PodHandlingTimeAvg;PodHandlingTimeVar;PodHandlingTimeMin;PodHandlingTimeMax;PileOn;IdleTime;UpTime
InputStation0;0.50;12.50;0;0;0;0;0;0;0;0;1800;1800
OutputStation0;35.50;3.50;293;215;27;44.20510341346766;686.582683770409;4.08055555555552;81.6233333333339;10.851851851851851;675.0515944540261;1800
OutputStation1;35.50;9.50;329;247;28;47.982913060083106;481.66542528651775;4.204999999999927;81.48055555555595;11.75;535.7277418131732;1800
OutputStation2;0.50;6.50;289;219;27;43.530607395491764;657.1153720591801;4.04444444444448;84.57111111111124;10.703703703703704;692.0224169979713;1800
