Ident;X;Y;Transfers;InjectedTransfers;PodsHandled;PodHandlingTimeAvg;PodHandlingTimeVar;PodHandlingTimeMin;PodHandlingTimeMax;PileOn;IdleTime;UpTime
InputStation0;0.50;12.50;0;0;0;0;0;0;0;0;1800;1800
OutputStation0;35.50;3.50;230;162;34;27.534986418701756;265.13392980864063;4.118239541920467;68.88676045808052;6.764705882352941;922.2459885480057;1800
OutputStation1;35.50;9.50;257;208;34;31.164841695335863;434.2933653569793;4.04444444444448;78.87509379141318;7.5588235294117645;814.455093791408;1800
OutputStation2;0.50;6.50;218;159;34;26.3351443002526;219.10234098020882;4.09842712474574;76.29176045808049;6.411764705882353;965.0179365889098;1800
