Ident;X;Y;Transfers;InjectedTransfers;PodsHandled;PodHandlingTimeAvg;PodHandlingTimeVar;PodHandlingTimeMin;PodHandlingTimeMax;PileOn;IdleTime;UpTime
InputStation0;0.50;12.50;0;0;0;0;0;0;0;0;1800;1800
OutputStation0;35.50;3.50;233;170;33;28.508939611906822;412.3810914629408;4.071111111111122;83.27676045808022;7.0606060606060606;909.5607143666905;1800
OutputStation1;35.50;9.50;254;190;32;32.925252073279474;341.0746923980521;4.04444444444448;71.59953823585761;7.9375;828.0468614424169;1800
OutputStation2;0.50;6.50;229;165;32;29.17985907924512;524.6345092973536;4.04444444444448;77.33111111111123;7.15625;925.2111254969709;1800
