Ident;X;Y;Transfers;InjectedTransfers;PodsHandled;PodHandlingTimeAvg;PodHandlingTimeVar;PodHandlingTimeMin;PodHandlingTimeMax;PileOn;IdleTime;UpTime
InputStation0;0.50;12.50;0;0;0;0;0;0;0;0;1800;1800
OutputStation0;35.50;3.50;225;157;33;27.968488344550888;332.97421543036586;4.249444444444407;77.7199999999998;6.818181818181818;938.5398262361448;1800
OutputStation1;35.50;9.50;240;179;36;26.885420397318654;282.88892589066455;4.04444444444448;63.48833333333391;6.666666666666667;882.2042901807494;1800
OutputStation2;0.50;6.50;267;207;30;36.52068720092793;589.0129489546268;4.04444444444448;81.48407647171463;8.9;775.0861340002438;1800
