Ident;X;Y;Transfers;InjectedTransfers;PodsHandled;PodHandlingTimeAvg;PodHandlingTimeVar;PodHandlingTimeMin;PodHandlingTimeMax;PileOn;IdleTime;UpTime
InputStation0;0.50;12.50;0;0;0;0;0;0;0;0;1800;1800
OutputStation0;35.50;3.50;263;196;31;34.96394242029988;521.8139958555415;4.095093791412637;81.66500000000005;8.483870967741936;789.2646389368288;1800
OutputStation1;35.50;9.50;252;181;32;31.906808261758396;444.2626422105439;4.04444444444448;81.58722222222221;7.875;837.2013130797839;1800
OutputStation2;0.50;6.50;224;169;34;27.270408073618736;426.71966782110127;4.080555555555577;83.12028137423886;6.588235294117647;943.7744084798164;1800
