Ident;X;Y;Transfers;InjectedTransfers;PodsHandled;PodHandlingTimeAvg;PodHandlingTimeVar;PodHandlingTimeMin;PodHandlingTimeMax;PileOn;IdleTime;UpTime
InputStation0;0.50;12.50;0;0;0;0;0;0;0;0;1800;1800
OutputStation0;35.50;3.50;274;209;32;35.02487283503774;457.0454863067524;4.118795097474504;82.60731601363511;8.5625;753.2480663449526;1800
OutputStation1;35.50;9.50;307;247;29;43.629025974660934;533.2352679837406;4.363795097474394;83.67166666666662;10.586206896551724;626.5083983530549;1800
OutputStation2;0.50;6.50;240;182;33;30.062051247857266;493.36485250538453;4.1105555555552655;83.3190764717151;7.2727272727272725;881.316298693946;1800
