Ident;X;Y;Transfers;InjectedTransfers;PodsHandled;PodHandlingTimeAvg;PodHandlingTimeVar;PodHandlingTimeMin;PodHandlingTimeMax;PileOn;IdleTime;UpTime
InputStation0;0.50;12.50;0;0;0;0;0;0;0;0;1800;1800
OutputStation0;35.50;3.50;226;154;37;24.97655883225522;245.181392531872;4.04444444444448;62.47657287525408;6.108108108108108;931.4489611015351;1800
OutputStation1;35.50;9.50;260;193;30;35.354194564326754;419.1532624372586;4.256111111111295;79.05158006817624;8.666666666666666;801.5209235283123;1800
OutputStation2;0.50;6.50;260;197;31;34.106159055522916;413.887671350352;4.04444444444448;80.21120490252406;8.387096774193548;802.9129075338333;1800
