Ident;X;Y;Transfers;InjectedTransfers;PodsHandled;PodHandlingTimeAvg;PodHandlingTimeVar;PodHandlingTimeMin;PodHandlingTimeMax;PileOn;IdleTime;UpTime
InputStation0;0.50;12.50;0;0;0;0;0;0;0;0;1800;1800
OutputStation0;35.50;3.50;258;189;31;34.27186054172394;448.91693975748046;4.066666666666379;84.72046176414264;8.32258064516129;812.7651657206349;1800
OutputStation1;35.50;9.50;258;193;33;32.084996939868525;345.24986913429126;4.04444444444448;67.16731601363585;7.818181818181818;808.281883021186;1800
OutputStation2;0.50;6.50;220;156;35;25.999457843217872;366.5273619800877;4.143333333332976;83.8019480409057;6.285714285714286;956.9528427974999;1800
