Ident;X;Y;Transfers;InjectedTransfers;PodsHandled;PodHandlingTimeAvg;PodHandlingTimeVar;PodHandlingTimeMin;PodHandlingTimeMax;PileOn;IdleTime;UpTime
InputStation0;0.50;12.50;0;0;0;0;0;0;0;0;1800;1800
OutputStation0;35.50;3.50;254;187;31;32.909477029179314;408.3458525781195;4.141017319698221;83.16213562373025;8.193548387096774;825.8281385575857;1800
OutputStation1;35.50;9.50;237;172;34;28.75492954649415;322.8174139110859;4.116111111110968;75.47379509747589;6.970588235294118;893.8031668141335;1800
OutputStation2;0.50;6.50;239;170;31;31.666120195173797;418.64943399440017;4.288333333332957;78.80000719292099;7.709677419354839;881.505858971948;1800
