Ident;X;Y;Transfers;InjectedTransfers;PodsHandled;PodHandlingTimeAvg;PodHandlingTimeVar;PodHandlingTimeMin;PodHandlingTimeMax;PileOn;IdleTime;UpTime
InputStation0;0.50;12.50;0;0;0;0;0;0;0;0;1800;1800
OutputStation0;35.50;3.50;271;191;31;36.002428431427184;502.22092887328347;4.099350653031252;81.29230882071386;8.741935483870968;763.2710967252754;1800
OutputStation1;35.50;9.50;274;201;30;36.94405603508384;328.72058703014056;16.261111111111177;85.71536077980727;9.133333333333333;747.1279075337868;1800
OutputStation2;0.50;6.50;258;178;34;30.65809693412025;382.854483663368;4.137222222221681;83.10722222222233;7.588235294117647;809.1065297176964;1800
