Ident;X;Y;Transfers;InjectedTransfers;PodsHandled;PodHandlingTimeAvg;PodHandlingTimeVar;PodHandlingTimeMin;PodHandlingTimeMax;PileOn;IdleTime;UpTime
InputStation0;0.50;12.50;0;0;0;0;0;0;0;0;1800;1800
OutputStation0;35.50;3.50;248;182;34;29.85080383527882;427.43664847069897;4.04444444444448;84.48323954192142;7.294117647058823;850.7820415488924;1800
OutputStation1;35.50;9.50;282;213;31;37.37985057976557;491.5172788328272;8.342222222222176;80.83111111111168;9.096774193548388;717.1514646980056;1800
OutputStation2;0.50;6.50;214;148;34;25.844757237418666;458.54968504070854;4.04444444444448;79.09676045807964;6.294117647058823;979.1509019495164;1800
