Ident;X;Y;Transfers;InjectedTransfers;PodsHandled;PodHandlingTimeAvg;PodHandlingTimeVar;PodHandlingTimeMin;PodHandlingTimeMax;PileOn;IdleTime;UpTime
InputStation0;0.50;12.50;0;0;0;0;0;0;0;0;1800;1800
OutputStation0;35.50;3.50;256;188;32;32.60955041819836;398.0234181112963;4.04444444444448;76.72055555555568;8;818.6492206135927;1800
OutputStation1;35.50;9.50;268;210;31;35.43542917940757;541.3041088001441;4.1690764717145825;84.8594444444443;8.64516129032258;774.8135928453876;1800
OutputStation2;0.50;6.50;278;211;31;36.60354955638779;355.8823249435913;12.500555555555593;79.65722222222195;8.96774193548387;733.0698702439695;1800
