Ident;X;Y;Transfers;InjectedTransfers;PodsHandled;PodHandlingTimeAvg;PodHandlingTimeVar;PodHandlingTimeMin;PodHandlingTimeMax;PileOn;IdleTime;UpTime
InputStation0;0.50;12.50;0;0;0;0;0;0;0;0;1800;1800
OutputStation0;35.50;3.50;215;153;35;25.312541058161038;340.4093124131459;4.04444444444448;78.76453823585757;6.142857142857143;975.3185981180092;1800
OutputStation1;35.50;9.50;253;191;34;30.430991637997554;413.3200705667559;4.044444444444451;78.99074313838162;7.4411764705882355;827.8734799623235;1800
OutputStation2;0.50;6.50;235;179;33;29.481362613305965;461.0602318379299;4.044444444444423;79.66352091615914;7.121212121212121;897.3623688512155;1800
