Ident;X;Y;Transfers;InjectedTransfers;PodsHandled;PodHandlingTimeAvg;PodHandlingTimeVar;PodHandlingTimeMin;PodHandlingTimeMax;PileOn;IdleTime;UpTime
InputStation0;0.50;12.50;0;0;0;0;0;0;0;0;1800;1800
OutputStation0;35.50;3.50;236;168;33;29.01653745289264;356.16202107011406;4.249444444444407;74.81323954192044;7.151515151515151;895.9645385192224;1800
OutputStation1;35.50;9.50;276;216;29;38.32745260334363;626.3411246937017;4.12166666666667;84.56601731969954;9.517241379310345;740.0660748631035;1800
OutputStation2;0.50;6.50;261;196;31;34.533593538009086;399.9840171410364;4.04444444444448;75.45277777777778;8.419354838709678;797.4625901949539;1800
