Ident;X;Y;Transfers;InjectedTransfers;PodsHandled;PodHandlingTimeAvg;PodHandlingTimeVar;PodHandlingTimeMin;PodHandlingTimeMax;PileOn;IdleTime;UpTime
InputStation0;0.50;12.50;0;0;0;0;0;0;0;0;1800;1800
OutputStation0;35.50;3.50;275;202;31;36.016135315346666;464.63376318402567;4.192777777777337;77.1700000000001;8.870967741935484;747.2759885480202;1800
OutputStation1;35.50;9.50;223;155;34;26.944313725490236;331.2855955225743;4.04444444444448;83.26009379141283;6.5588235294117645;947.3206925045089;1800
OutputStation2;0.50;6.50;230;167;36;26.34040463909872;450.22415439796214;4.08888888888896;84.1255555555556;6.388888888888889;918.360945390469;1800
