Ident;X;Y;Transfers;InjectedTransfers;PodsHandled;PodHandlingTimeAvg;PodHandlingTimeVar;PodHandlingTimeMin;PodHandlingTimeMax;PileOn;IdleTime;UpTime
InputStation0;0.50;12.50;0;0;0;0;0;0;0;0;1800;1800
OutputStation0;35.50;3.50;251;188;32;31.41113072886739;406.4990800447574;4.148888888887086;71.11555555555606;7.84375;837.4980375732551;1800
OutputStation1;35.50;9.50;258;187;31;34.026911511664814;426.8884381920965;4.231111111111204;78.73231601363494;8.32258064516129;807.9472800490225;1800
OutputStation2;0.50;6.50;242;174;33;29.82584699923467;334.4550417347917;4.064170263127153;68.84555555555579;7.333333333333333;870.7547764525692;1800
