Ident;X;Y;Transfers;InjectedTransfers;PodsHandled;PodHandlingTimeAvg;PodHandlingTimeVar;PodHandlingTimeMin;PodHandlingTimeMax;PileOn;IdleTime;UpTime
InputStation0;0.50;12.50;0;0;0;0;0;0;0;0;1800;1800
OutputStation0;39.50;3.50;218;153;34;32.9817352078281;395.34578287288167;5.04444444444448;78.89777777777806;6.411764705882353;751.8992352828475;1800
OutputStation1;39.50;9.50;227;174;33;35.44887467806877;503.4176129306601;5.072222222222308;87.09222222222229;6.878787878787879;708.6796464131133;1800
OutputStation2;0.50;6.50;224;161;35;32.298047824559816;325.4681639393393;5.332777777777892;78.457777777778;6.4;728.6637807116167;1800
