Ident;X;Y;Transfers;InjectedTransfers;PodsHandled;PodHandlingTimeAvg;PodHandlingTimeVar;PodHandlingTimeMin;PodHandlingTimeMax;PileOn;IdleTime;UpTime
InputStation0;0.50;12.50;0;0;0;0;0;0;0;0;1800;1800
OutputStation0;35.50;3.50;262;191;29;36.976662936416275;532.9597918997574;4.32759019494938;79.21953823585704;9.03448275862069;792.014365038857;1800
OutputStation1;35.50;9.50;271;203;33;33.56540447633871;421.7414960471054;4.1456493469681845;71.9557431383821;8.212121212121213;756.1885496878501;1800
OutputStation2;0.50;6.50;242;179;32;30.976388664109983;619.9021969151997;4.04444444444448;79.87296536060444;7.5625;874.4616163161868;1800
