Ident;X;Y;Transfers;InjectedTransfers;PodsHandled;PodHandlingTimeAvg;PodHandlingTimeVar;PodHandlingTimeMin;PodHandlingTimeMax;PileOn;IdleTime;UpTime
InputStation0;0.50;12.50;0;0;0;0;0;0;0;0;1800;1800
OutputStation0;35.50;3.50;291;211;30;39.23944781058923;841.8866046969548;4.04444444444448;81.84166666666692;9.7;681.7511039181691;1800
OutputStation1;35.50;9.50;304;232;29;42.42163482086385;588.1898202952211;4.116111111110968;83.8088888888891;10.482758620689655;635.2478499904399;1800
OutputStation2;0.50;6.50;253;179;31;33.54595866534693;517.0100765794037;4.073888888888632;83.90333333333325;8.161290322580646;829.884971228306;1800
