Ident;X;Y;Transfers;InjectedTransfers;PodsHandled;PodHandlingTimeAvg;PodHandlingTimeVar;PodHandlingTimeMin;PodHandlingTimeMax;PileOn;IdleTime;UpTime
InputStation0;0.50;12.50;0;0;0;0;0;0;0;0;1800;1800
OutputStation0;35.50;3.50;223;164;35;25.65505833806623;339.4145990350339;4.04444444444448;63.764531042933186;6.371428571428571;945.6468542495007;1800
OutputStation1;35.50;9.50;264;199;33;32.57448073867485;395.09591142306016;4.04444444444448;81.70842712474678;8;789.6506565398953;1800
OutputStation2;0.50;6.50;235;176;32;30.216744454498183;379.65751258275037;4.125;67.68166666666664;7.34375;903.2897764525347;1800
