Ident;X;Y;Transfers;InjectedTransfers;PodsHandled;PodHandlingTimeAvg;PodHandlingTimeVar;PodHandlingTimeMin;PodHandlingTimeMax;PileOn;IdleTime;UpTime
InputStation0;0.50;12.50;0;0;0;0;0;0;0;0;1800;1800
OutputStation0;35.50;3.50;220;154;35;25.805680681975982;404.87070657236757;4.04444444444448;80.29777777777795;6.285714285714286;955.2431385575727;1800
OutputStation1;35.50;9.50;258;199;34;30.945694973335875;294.0756874053533;4.044444444444444;67.94888888888931;7.588235294117647;813.4151657206471;1800
OutputStation2;0.50;6.50;210;149;36;24.16484848413266;199.23589725745407;4.04444444444448;57.75944444444434;5.833333333333333;995.5680013252187;1800
