Ident;X;Y;Transfers;InjectedTransfers;PodsHandled;PodHandlingTimeAvg;PodHandlingTimeVar;PodHandlingTimeMin;PodHandlingTimeMax;PileOn;IdleTime;UpTime
InputStation0;0.50;12.50;0;0;0;0;0;0;0;0;1800;1800
OutputStation0;35.50;3.50;270;211;33;33.8424323329816;489.27892087534815;4.252676793440514;79.898333333334;8.181818181818182;763.9191199126676;1800
OutputStation1;35.50;9.50;236;170;36;26.832309803984217;239.40372439068014;4.267683986365228;64.65722222222212;6.555555555555555;896.337965360601;1800
OutputStation2;0.50;6.50;248;180;32;32.19379080896432;576.5005530920973;4.04444444444448;80.94518758282607;7.75;851.0435712666257;1800
