Ident;X;Y;Transfers;InjectedTransfers;PodsHandled;PodHandlingTimeAvg;PodHandlingTimeVar;PodHandlingTimeMin;PodHandlingTimeMax;PileOn;IdleTime;UpTime
InputStation0;0.50;12.50;0;0;0;0;0;0;0;0;1800;1800
OutputStation0;35.50;3.50;217;143;34;26.101600672519915;336.75058036581567;4.065266988391386;81.0328715691926;6.382352941176471;962.7483762074496;1800
OutputStation1;35.50;9.50;244;173;34;29.42529135907607;307.6097594337644;4.306111111110567;74.82861470757149;7.176470588235294;863.5197689762368;1800
OutputStation2;0.50;6.50;258;189;32;32.841789318338655;482.8620873555438;4.04444444444448;85.30055555555555;8.0625;809.2955265004423;1800
