Ident;X;Y;Transfers;InjectedTransfers;PodsHandled;PodHandlingTimeAvg;PodHandlingTimeVar;PodHandlingTimeMin;PodHandlingTimeMax;PileOn;IdleTime;UpTime
InputStation0;0.50;12.50;0;0;0;0;0;0;0;0;1800;1800
OutputStation0;35.50;3.50;241;175;33;30.305597970048606;587.9940158712982;4.149444444444043;84.45120490252441;7.303030303030303;879.8492712474551;1800
OutputStation1;35.50;9.50;259;189;31;34.35795186630743;397.77771188307014;8.125;76.20694804090476;8.35483870967742;806.0518902141133;1800
OutputStation2;0.50;6.50;265;206;29;37.35267278584072;564.7206495156408;4.046111111111372;81.57352091615928;9.137931034482758;784.8121862576015;1800
