Ident;X;Y;Transfers;InjectedTransfers;PodsHandled;PodHandlingTimeAvg;PodHandlingTimeVar;PodHandlingTimeMin;PodHandlingTimeMax;PileOn;IdleTime;UpTime
InputStation0;0.50;12.50;0;0;0;0;0;0;0;0;1800;1800
OutputStation0;35.50;3.50;253;188;33;31.13256504282185;298.285658070328;4.398059152016117;75.7222222222216;7.666666666666667;829.3970562181723;1800
OutputStation1;35.50;9.50;218;165;35;25.542788291284424;288.665899930158;4.074163070206396;57.91888888888866;6.228571428571429;968.6427199509754;1800
OutputStation2;0.50;6.50;235;171;32;29.890202696148755;463.3117227623752;4.04444444444448;71.45277777777778;7.34375;905.6425398444849;1800
