Ident;X;Y;Transfers;InjectedTransfers;PodsHandled;PodHandlingTimeAvg;PodHandlingTimeVar;PodHandlingTimeMin;PodHandlingTimeMax;PileOn;IdleTime;UpTime
InputStation0;0.50;12.50;0;0;0;0;0;0;0;0;1800;1800
OutputStation0;35.50;3.50;261;195;35;30.61447020633284;318.7276703412863;4.04444444444448;70.37287156919035;7.457142857142857;801.3043152552386;1800
OutputStation1;35.50;9.50;222;163;35;25.93254257590405;384.8291602766358;4.04444444444448;72.4416882454318;6.3428571428571425;952.3128856716139;1800
OutputStation2;0.50;6.50;246;180;34;29.92511926155735;313.9768847737952;4.109350653031925;62.920649346969185;7.235294117647059;856.4898992990819;1800
