Ident;X;Y;Transfers;InjectedTransfers;PodsHandled;PodHandlingTimeAvg;PodHandlingTimeVar;PodHandlingTimeMin;PodHandlingTimeMax;PileOn;IdleTime;UpTime
InputStation0;0.50;12.50;0;0;0;0;0;0;0;0;1800;1800
OutputStation0;35.50;3.50;260;184;30;35.37997306139662;495.41694731320905;4.192777777777778;84.53000000000009;8.666666666666666;802.9167532651669;1800
OutputStation1;35.50;9.50;211;141;35;24.695384043159876;342.5493751597811;4.04444444444448;71.99499999999989;6.0285714285714285;995.5019768126062;1800
OutputStation2;0.50;6.50;230;169;32;29.681967892297635;463.55526567088964;4.044444444444423;83.80018758282574;7.1875;919.4017173005319;1800
