Ident;X;Y;Transfers;InjectedTransfers;PodsHandled;PodHandlingTimeAvg;PodHandlingTimeVar;PodHandlingTimeMin;PodHandlingTimeMax;PileOn;IdleTime;UpTime
InputStation0;0.50;12.50;0;0;0;0;0;0;0;0;1800;1800
OutputStation0;35.50;3.50;232;173;32;29.09143555981668;331.6929770829465;4.04444444444448;80.96444444444546;7.25;910.9000575433673;1800
OutputStation1;35.50;9.50;228;165;35;26.91705297855694;343.28062919189097;4.044444444444423;84.28740980504858;6.514285714285714;925.7033914435458;1800
OutputStation2;0.50;6.50;234;176;33;29.372581223936624;438.65832488531487;8.044444444444451;83.2834271247475;7.090909090909091;901.5656709257469;1800
