Ident;X;Y;Transfers;InjectedTransfers;PodsHandled;PodHandlingTimeAvg;PodHandlingTimeVar;PodHandlingTimeMin;PodHandlingTimeMax;PileOn;IdleTime;UpTime
InputStation0;0.50;12.50;0;0;0;0;0;0;0;0;1800;1800
OutputStation0;35.50;3.50;273;204;29;37.949230978352254;492.2573983235616;4.04444444444448;81.16018758282524;9.413793103448276;753.7729122697178;1800
OutputStation1;35.50;9.50;260;187;31;34.291968300635645;547.3103461387758;4.071666666666488;80.68953823585707;8.387096774193548;804.542064439476;1800
OutputStation2;0.50;6.50;208;131;34;24.997540955451687;268.17650972913543;4.04444444444448;69.02064934696843;6.117647058823529;1002.1360823394258;1800
