Ident;X;Y;Transfers;InjectedTransfers;PodsHandled;PodHandlingTimeAvg;PodHandlingTimeVar;PodHandlingTimeMin;PodHandlingTimeMax;PileOn;IdleTime;UpTime
InputStation0;0.50;12.50;0;0;0;0;0;0;0;0;1800;1800
OutputStation0;35.50;3.50;235;175;34;28.50637997850666;317.1248864399951;4.076111111111111;79.60176045808043;6.911764705882353;898.329264621406;1800
OutputStation1;35.50;9.50;272;212;32;34.230686784250786;370.13087132944867;4.0716666666666015;80.75953823585814;8.5;759.3581828488302;1800
OutputStation2;0.50;6.50;234;170;33;29.320604970769654;311.2912602728889;4.04444444444448;78.21856435712243;7.090909090909091;900.8605696579642;1800
