Ident;X;Y;Transfers;InjectedTransfers;PodsHandled;PodHandlingTimeAvg;PodHandlingTimeVar;PodHandlingTimeMin;PodHandlingTimeMax;PileOn;IdleTime;UpTime
InputStation0;0.50;12.50;0;0;0;0;0;0;0;0;1800;1800
OutputStation0;35.50;3.50;223;155;33;27.50480366412607;339.2159706314961;4.04444444444448;83.61166666666676;6.757575757575758;947.053247018242;1800
OutputStation1;35.50;9.50;246;186;33;30.345462853979374;329.3115323431505;4.04444444444448;74.2012049025239;7.454545454545454;857.8469762457713;1800
OutputStation2;0.50;6.50;234;163;35;27.3536316162464;323.4945033363191;4.133701306062449;76.91444444444437;6.685714285714286;899.459039656843;1800
