Ident;X;Y;Transfers;InjectedTransfers;PodsHandled;PodHandlingTimeAvg;PodHandlingTimeVar;PodHandlingTimeMin;PodHandlingTimeMax;PileOn;IdleTime;UpTime
InputStation0;0.50;12.50;0;0;0;0;0;0;0;0;1800;1800
OutputStation0;35.50;3.50;234;167;34;28.352087898470685;377.25704919880377;4.04444444444448;67.66055555555567;6.882352941176471;902.319899299001;1800
OutputStation1;35.50;9.50;264;196;32;34.01652800255713;395.2334878672656;4.04444444444448;79.82055555555621;8.25;781.953484668132;1800
OutputStation2;0.50;6.50;264;189;31;35.04447190623979;461.68362603393564;4.085555555555629;77.46008659849122;8.516129032258064;790.2336075146619;1800
