Ident;X;Y;Transfers;InjectedTransfers;PodsHandled;PodHandlingTimeAvg;PodHandlingTimeVar;PodHandlingTimeMin;PodHandlingTimeMax;PileOn;IdleTime;UpTime
InputStation0;0.50;12.50;0;0;0;0;0;0;0;0;1800;1800
OutputStation0;35.50;3.50;224;165;36;25.589069063243432;313.80374256557917;4.044444444444366;67.8851875828268;6.222222222222222;942.6718902141026;1800
OutputStation1;35.50;9.50;212;145;37;23.225240434643386;271.6424143493728;4.137222222222363;71.80287156919098;5.72972972972973;986.7140333141715;1800
OutputStation2;0.50;6.50;214;153;34;25.96322468294698;222.5816695637144;4.11333333333323;61.32111111111226;6.294117647058823;978.1162915010201;1800
