Ident;X;Y;Transfers;InjectedTransfers;PodsHandled;PodHandlingTimeAvg;PodHandlingTimeVar;PodHandlingTimeMin;PodHandlingTimeMax;PileOn;IdleTime;UpTime
InputStation0;0.50;12.50;0;0;0;0;0;0;0;0;1800;1800
OutputStation0;35.50;3.50;219;157;34;26.485530939973344;338.0718944243988;4.04444444444448;68.82000000000008;6.4411764705882355;962.6397330116062;1800
OutputStation1;35.50;9.50;240;170;34;29.042481113116313;370.8575615302052;4.04444444444448;72.5738888888892;7.0588235294117645;882.1493003025728;1800
OutputStation2;0.50;6.50;242;183;33;30.36260068314997;288.2832818252141;4.267777777777724;77.38323234899917;7.333333333333333;875.0140692787977;1800
