Ident;X;Y;Transfers;InjectedTransfers;PodsHandled;PodHandlingTimeAvg;PodHandlingTimeVar;PodHandlingTimeMin;PodHandlingTimeMax;PileOn;IdleTime;UpTime
InputStation0;0.50;12.50;0;0;0;0;0;0;0;0;1800;1800
OutputStation0;35.50;3.50;280;208;31;36.61824093409885;502.7378288219533;4.308333333333394;78.48722222222224;9.03225806451613;731.2415944540436;1800
OutputStation1;35.50;9.50;295;239;29;41.64466835719254;474.14270181606685;4.334444444444443;78.94342712474736;10.172413793103448;669.7070346394123;1800
OutputStation2;0.50;6.50;254;196;32;32.55004937713053;524.4031800720887;4.145743138380226;78.30176045807889;7.9375;824.8071718717384;1800
