Ident;X;Y;Transfers;InjectedTransfers;PodsHandled;PodHandlingTimeAvg;PodHandlingTimeVar;PodHandlingTimeMin;PodHandlingTimeMax;PileOn;IdleTime;UpTime
InputStation0;0.50;12.50;0;0;0;0;0;0;0;0;1800;1800
OutputStation0;35.50;3.50;255;190;31;33.56127519493346;296.96808807594425;4.065367972730201;71.69796536060369;8.225806451612904;822.2064862767642;1800
OutputStation1;35.50;9.50;263;194;32;33.89373850085217;327.708007866005;4.116111111110968;82.04333333333318;8.21875;787.7379437818419;1800
OutputStation2;0.50;6.50;235;178;35;26.950862502366437;421.5097943453811;4.04444444444448;75.64666666666659;6.714285714285714;899.8745166570886;1800
