Ident;X;Y;Transfers;InjectedTransfers;PodsHandled;PodHandlingTimeAvg;PodHandlingTimeVar;PodHandlingTimeMin;PodHandlingTimeMax;PileOn;IdleTime;UpTime
InputStation0;0.50;12.50;0;0;0;0;0;0;0;0;1800;1800
OutputStation0;35.50;3.50;274;199;31;36.208879812300175;385.0661390281737;4.2856493469684125;72.98888888888865;8.838709677419354;746.8694228656707;1800
OutputStation1;35.50;9.50;269;216;32;34.60325735258877;522.1967743638656;4.04444444444448;77.06111111111085;8.40625;766.7288819793623;1800
OutputStation2;0.50;6.50;245;179;32;31.625553074132;398.98089350336465;4.066760458079898;71.23777777777809;7.65625;859.8564790838515;1800
