Ident;X;Y;Transfers;InjectedTransfers;PodsHandled;PodHandlingTimeAvg;PodHandlingTimeVar;PodHandlingTimeMin;PodHandlingTimeMax;PileOn;IdleTime;UpTime
InputStation0;0.50;12.50;0;0;0;0;0;0;0;0;1800;1800
OutputStation0;35.50;3.50;252;184;31;33.308091281834464;362.84004637098616;4.06703463939607;66.19500000000028;8.129032258064516;833.436277115152;1800
OutputStation1;35.50;9.50;226;172;34;27.374648798588975;261.37497727524556;4.04444444444448;72.20620490252463;6.647058823529412;934.3401444252878;1800
OutputStation2;0.50;6.50;237;175;35;27.37343125118321;340.3264879681942;4.044444444444423;70.98972581868327;6.771428571428571;893.6693578459385;1800
