Ident;X;Y;Transfers;InjectedTransfers;PodsHandled;PodHandlingTimeAvg;PodHandlingTimeVar;PodHandlingTimeMin;PodHandlingTimeMax;PileOn;IdleTime;UpTime
InputStation0;0.50;12.50;0;0;0;0;0;0;0;0;1800;1800
OutputStation0;35.50;3.50;216;153;35;24.936028860765013;374.70456264086965;4.08055555555552;80.34666666666692;6.171428571428572;969.7999277873599;1800
OutputStation1;35.50;9.50;211;155;35;23.707963510995537;305.9841156505246;4.04444444444448;72.46055555555552;6.0285714285714285;992.5568182848765;1800
OutputStation2;0.50;6.50;238;182;31;31.58725829654594;354.45400944777145;4.13453823585769;75.15508659848888;7.67741935483871;888.3825107893952;1800
