Ident;X;Y;Transfers;InjectedTransfers;PodsHandled;PodHandlingTimeAvg;PodHandlingTimeVar;PodHandlingTimeMin;PodHandlingTimeMax;PileOn;IdleTime;UpTime
InputStation0;0.50;12.50;0;0;0;0;0;0;0;0;1800;1800
OutputStation0;35.50;3.50;210;146;38;22.35493183697507;230.28015445137677;4.04444444444448;70.32046176414406;5.526315789473684;997.4184487035234;1800
OutputStation1;35.50;9.50;239;183;33;29.936646989485943;486.5666463779114;4.08055555555552;76.65176045807993;7.242424242424242;886.7946464131131;1800
OutputStation2;0.50;6.50;221;160;37;24.626516710919706;393.6311548754017;4.04444444444448;79.4483333333335;5.972972972972973;953.4391702631299;1800
