Ident;X;Y;Transfers;InjectedTransfers;PodsHandled;PodHandlingTimeAvg;PodHandlingTimeVar;PodHandlingTimeMin;PodHandlingTimeMax;PileOn;IdleTime;UpTime
InputStation0;0.50;12.50;0;0;0;0;0;0;0;0;1800;1800
OutputStation0;35.50;3.50;226;167;38;24.722346396584463;197.36804910836673;4.137777777779775;63.77944444444449;5.947368421052632;937.1525901949548;1800
OutputStation1;35.50;9.50;174;124;39;18.5320227920228;231.5198793775449;4.04444444444448;81.07833333333497;4.461538461538462;1133.0400071929184;1800
OutputStation2;0.50;6.50;221;160;35;25.568346115570378;199.18440229054124;4.04444444444448;59.11490620858763;6.314285714285714;951.5449928070733;1800
