Ident;X;Y;Transfers;InjectedTransfers;PodsHandled;PodHandlingTimeAvg;PodHandlingTimeVar;PodHandlingTimeMin;PodHandlingTimeMax;PileOn;IdleTime;UpTime
InputStation0;0.50;12.50;0;0;0;0;0;0;0;0;1800;1800
OutputStation0;35.50;3.50;251;184;32;32.24803841922338;367.35964699692875;4.121111111111077;84.12620490252493;7.84375;835.7394153893335;1800
OutputStation1;35.50;9.50;258;192;34;30.996661149525064;341.3070306815049;4.04444444444448;70.14369411313896;7.588235294117647;809.5967029146955;1800
OutputStation2;0.50;6.50;230;160;34;27.535795136452794;343.26301837116307;4.04444444444448;65.81898268030159;6.764705882352941;917.4801372323418;1800
