Ident;X;Y;Transfers;InjectedTransfers;PodsHandled;PodHandlingTimeAvg;PodHandlingTimeVar;PodHandlingTimeMin;PodHandlingTimeMax;PileOn;IdleTime;UpTime
InputStation0;0.50;12.50;0;0;0;0;0;0;0;0;1800;1800
OutputStation0;35.50;3.50;234;175;34;28.352483660130776;281.48832380850445;4.224624834347992;68.57722222222259;6.882352941176471;905.9832611206967;1800
OutputStation1;35.50;9.50;265;214;32;34.05329523057188;302.7697481862826;4.259632027270982;80.48111111111007;8.28125;787.3313130798017;1800
OutputStation2;0.50;6.50;205;145;35;23.62706060679686;272.3658873231403;4.04444444444448;70.118888888889;5.857142857142857;1011.8498268030103;1800
