Ident;X;Y;Transfers;InjectedTransfers;PodsHandled;PodHandlingTimeAvg;PodHandlingTimeVar;PodHandlingTimeMin;PodHandlingTimeMax;PileOn;IdleTime;UpTime
InputStation0;0.50;12.50;0;0;0;0;0;0;0;0;1800;1800
OutputStation0;35.50;3.50;239;167;35;28.07220634920635;446.89640388088225;4.04444444444448;77.04231601363519;6.828571428571428;886.3647330116148;1800
OutputStation1;35.50;9.50;254;192;31;33.86125168678689;306.37192528459775;4.401666666666415;66.99898268030176;8.193548387096774;825.8350000000012;1800
OutputStation2;0.50;6.50;265;204;31;35.20664246243115;475.64345025447795;4.04444444444448;75.29249640353942;8.548387096774194;786.5294762399794;1800
