Ident;X;Y;Transfers;InjectedTransfers;PodsHandled;PodHandlingTimeAvg;PodHandlingTimeVar;PodHandlingTimeMin;PodHandlingTimeMax;PileOn;IdleTime;UpTime
InputStation0;0.50;12.50;0;0;0;0;0;0;0;0;1800;1800
OutputStation0;35.50;3.50;233;166;33;28.57497136039233;427.90937735011323;4.120555555554802;72.48888169596648;7.0606060606060606;907.3925249103264;1800
OutputStation1;35.50;9.50;244;183;35;28.549809523809607;386.34858081987585;4.053427124746122;78.1294444444452;6.9714285714285715;864.0838310620858;1800
OutputStation2;0.50;6.50;233;170;30;31.951487254714166;582.0166975021588;4.170555555555666;84.00675326515761;7.766666666666667;907.8726701208577;1800
