Ident;X;Y;Transfers;InjectedTransfers;PodsHandled;PodHandlingTimeAvg;PodHandlingTimeVar;PodHandlingTimeMin;PodHandlingTimeMax;PileOn;IdleTime;UpTime
InputStation0;0.50;12.50;0;0;0;0;0;0;0;0;1800;1800
OutputStation0;35.50;3.50;237;168;33;29.54489330557116;425.9217174058313;4.044444444444423;79.61074313838094;7.181818181818182;895.9415006626131;1800
OutputStation1;35.50;9.50;290;231;31;38.45956104791491;509.4786126126786;4.04444444444448;79.89574313838125;9.35483870967742;688.8370490251808;1800
OutputStation2;0.50;6.50;227;154;37;25.3262439057465;228.51934610560693;4.04444444444448;66.83166666666625;6.135135135135135;928.2006853115995;1800
