Ident;X;Y;Transfers;InjectedTransfers;PodsHandled;PodHandlingTimeAvg;PodHandlingTimeVar;PodHandlingTimeMin;PodHandlingTimeMax;PileOn;IdleTime;UpTime
InputStation0;0.50;12.50;0;0;0;0;0;0;0;0;1800;1800
OutputStation0;35.50;3.50;198;135;37;22.13891638401601;181.45151913545357;4.04444444444448;57.97666666666669;5.351351351351352;1045.472503596455;1800
OutputStation1;35.50;9.50;256;195;33;31.918027460866444;422.33437034429704;4.044444444444423;80.0150000000001;7.757575757575758;818.4822944348548;1800
OutputStation2;0.50;6.50;229;169;32;29.410737959612;365.56960830875835;4.04444444444448;74.91453823585789;7.15625;921.0900578268111;1800
