Ident;X;Y;Transfers;InjectedTransfers;PodsHandled;PodHandlingTimeAvg;PodHandlingTimeVar;PodHandlingTimeMin;PodHandlingTimeMax;PileOn;IdleTime;UpTime
InputStation0;0.50;12.50;0;0;0;0;0;0;0;0;1800;1800
OutputStation0;35.50;3.50;241;175;33;29.570808516743046;376.47195849487696;4.395923528283902;80.92388888888865;7.303030303030303;876.1496536060445;1800
OutputStation1;35.50;9.50;261;200;33;32.061964230609;430.806379598474;8.33888888888896;82.71528137423888;7.909090909090909;803.1982035772882;1800
OutputStation2;0.50;6.50;283;209;31;37.498228831981116;326.41154575376635;8.163333333333412;81.56388888888932;9.129032258064516;719.4421284308162;1800
