Ident;X;Y;Transfers;InjectedTransfers;PodsHandled;PodHandlingTimeAvg;PodHandlingTimeVar;PodHandlingTimeMin;PodHandlingTimeMax;PileOn;IdleTime;UpTime
InputStation0;0.50;12.50;0;0;0;0;0;0;0;0;1800;1800
OutputStation0;35.50;3.50;235;173;32;30.12887987116517;333.53724637617324;8.204999999999984;84.59555555555568;7.34375;900.0805627484833;1800
OutputStation1;35.50;9.50;249;195;34;29.82700683379421;413.00748061280274;4.04444444444448;76.64712843080935;7.323529411764706;847.2496536060378;1800
OutputStation2;0.50;6.50;208;145;35;24.189249430793147;267.45593830262965;4.04444444444448;59.479271247467295;5.942857142857143;1002.678448986919;1800
