Ident;X;Y;Transfers;InjectedTransfers;PodsHandled;PodHandlingTimeAvg;PodHandlingTimeVar;PodHandlingTimeMin;PodHandlingTimeMax;PileOn;IdleTime;UpTime
InputStation0;0.50;12.50;0;0;0;0;0;0;0;0;1800;1800
OutputStation0;35.50;3.50;250;184;31;32.710744075643284;436.7196023458338;8.464444444444439;80.55398268030194;8.064516129032258;844.9136653414408;1800
OutputStation1;35.50;9.50;255;181;32;32.63208355811208;472.872781696868;4.04444444444448;73.63342712474622;7.96875;824.6756922210614;1800
OutputStation2;0.50;6.50;230;163;34;27.656729690685864;368.9562523260753;4.329458830289468;71.16453823585726;6.764705882352941;917.2796173579943;1800
