Ident;X;Y;Transfers;InjectedTransfers;PodsHandled;PodHandlingTimeAvg;PodHandlingTimeVar;PodHandlingTimeMin;PodHandlingTimeMax;PileOn;IdleTime;UpTime
InputStation0;0.50;12.50;0;0;0;0;0;0;0;0;1800;1800
OutputStation0;35.50;3.50;214;148;33;26.28758043511093;394.03876003203465;4.046572875253787;82.01398268030147;6.484848484848484;977.5284097150349;1800
OutputStation1;35.50;9.50;240;172;33;29.695491493587266;267.07459752355425;4.231111111110749;67.1989826803017;7.2727272727272725;879.5479873395886;1800
OutputStation2;0.50;6.50;264;204;29;37.59254257000825;378.4473916664867;4.044444444444444;79.58722222222212;9.10344827586207;790.1249883545887;1800
