Ident;X;Y;Transfers;InjectedTransfers;PodsHandled;PodHandlingTimeAvg;PodHandlingTimeVar;PodHandlingTimeMin;PodHandlingTimeMax;PileOn;IdleTime;UpTime
InputStation0;0.50;12.50;0;0;0;0;0;0;0;0;1800;1800
OutputStation0;35.50;3.50;244;177;33;30.140314180991716;248.31078627195453;4.04444444444448;58.09555555555562;7.393939393939394;864.8247980313254;1800
OutputStation1;35.50;9.50;261;190;34;31.49454778924561;335.92052054489454;4.04444444444448;63.884163070205716;7.676470588235294;804.3371643953972;1800
OutputStation2;0.50;6.50;253;181;32;32.32148696881364;244.20989989071148;4.04444444444448;71.3450865984912;7.90625;831.0852885671706;1800
