Ident;X;Y;Transfers;InjectedTransfers;PodsHandled;PodHandlingTimeAvg;PodHandlingTimeVar;PodHandlingTimeMin;PodHandlingTimeMax;PileOn;IdleTime;UpTime
InputStation0;0.50;12.50;0;0;0;0;0;0;0;0;1800;1800
OutputStation0;35.50;3.50;251;191;35;29.389839001110648;275.55761007865294;4.04444444444448;63.451572875253646;7.171428571428572;842.5907860124735;1800
OutputStation1;35.50;9.50;241;176;34;29.223484005290196;370.1623405585273;4.151760458079522;70.23925686161863;7.088235294117647;875.8486296602701;1800
OutputStation2;0.50;6.50;252;182;33;30.62186890483605;390.43546510769136;4.058239541919647;74.50342712474583;7.636363636363637;834.1613927687845;1800
