Ident;X;Y;Transfers;InjectedTransfers;PodsHandled;PodHandlingTimeAvg;PodHandlingTimeVar;PodHandlingTimeMin;PodHandlingTimeMax;PileOn;IdleTime;UpTime
InputStation0;0.50;12.50;0;0;0;0;0;0;0;0;1800;1800
OutputStation0;35.50;3.50;259;199;31;34.28071754196749;722.4498722795317;4.04444444444448;83.35842712474613;8.35483870967742;805.5471919573496;1800
OutputStation1;35.50;9.50;238;170;34;28.996636957055763;338.0904414152535;8.173888888888769;79.07462483434853;7;887.2604545712113;1800
OutputStation2;0.50;6.50;238;178;31;31.586437181345428;574.7588450934326;4.04444444444448;77.52666666666778;7.67741935483871;886.6530735378622;1800
