Ident;X;Y;Transfers;InjectedTransfers;PodsHandled;PodHandlingTimeAvg;PodHandlingTimeVar;PodHandlingTimeMin;PodHandlingTimeMax;PileOn;IdleTime;UpTime
InputStation0;0.50;12.50;0;0;0;0;0;0;0;0;1800;1800
OutputStation0;35.50;3.50;230;165;31;30.266935715901063;314.51084182029956;4.04444444444448;77.18722222222277;7.419354838709677;914.4773807499705;1800
OutputStation1;35.50;9.50;255;183;34;30.692437610650323;258.5266539926317;4.04444444444448;75.61444444444442;7.5;818.7575323681448;1800
OutputStation2;0.50;6.50;198;135;37;21.337117505923832;241.26349194551688;4.153888888889014;65.62333333333335;5.351351351351352;1038.6352957600955;1800
