Ident;X;Y;Transfers;InjectedTransfers;PodsHandled;PodHandlingTimeAvg;PodHandlingTimeVar;PodHandlingTimeMin;PodHandlingTimeMax;PileOn;IdleTime;UpTime
InputStation0;0.50;12.50;0;0;0;0;0;0;0;0;1800;1800
OutputStation0;35.50;3.50;226;158;35;26.596669757445625;338.71492844416633;4.26657287525336;67.426385292428;6.457142857142857;935.5797186257671;1800
OutputStation1;35.50;9.50;270;205;31;35.727787318425904;313.8449507700792;4.059444444444466;78.7239826803015;8.709677419354838;761.3049421731952;1800
OutputStation2;0.50;6.50;254;186;35;29.889627086883202;335.24339046423626;4.412135623730876;65.34231601363498;7.257142857142857;827.2951081772534;1800
