Ident;X;Y;Transfers;InjectedTransfers;PodsHandled;PodHandlingTimeAvg;PodHandlingTimeVar;PodHandlingTimeMin;PodHandlingTimeMax;PileOn;IdleTime;UpTime
InputStation0;0.50;12.50;0;0;0;0;0;0;0;0;1800;1800
OutputStation0;35.50;3.50;256;190;31;33.618560489214566;449.98594393511;4.070555555555529;77.2117604580796;8.258064516129032;819.6734343176765;1800
OutputStation1;35.50;9.50;276;204;33;34.501416547643636;383.6872004232706;4.4161111111111495;74.91009379141315;8.363636363636363;740.8592568616091;1800
OutputStation2;0.50;6.50;221;164;33;27.498356070645546;370.7995732510628;4.04444444444448;72.04444444444442;6.696969696969697;952.0384415105798;1800
