Ident;X;Y;Transfers;InjectedTransfers;PodsHandled;PodHandlingTimeAvg;PodHandlingTimeVar;PodHandlingTimeMin;PodHandlingTimeMax;PileOn;IdleTime;UpTime
InputStation0;0.50;12.50;0;0;0;0;0;0;0;0;1800;1800
OutputStation0;35.50;3.50;253;187;33;30.88578665988822;446.0749015530408;4.04444444444448;83.26509379141316;7.666666666666667;830.7975395610654;1800
OutputStation1;35.50;9.50;293;229;31;37.263790902655074;423.7365356583176;4.04444444444448;80.81852091615951;9.451612903225806;676.4272728560908;1800
OutputStation2;0.50;6.50;229;162;35;26.77260234445732;215.0127807778864;4.04444444444448;61.125555555555664;6.542857142857143;920.7130303803253;1800
