Ident;X;Y;Transfers;InjectedTransfers;PodsHandled;PodHandlingTimeAvg;PodHandlingTimeVar;PodHandlingTimeMin;PodHandlingTimeMax;PileOn;IdleTime;UpTime
InputStation0;0.50;12.50;0;0;0;0;0;0;0;0;1800;1800
OutputStation0;35.50;3.50;245;182;30;33.13055002208706;484.51330177372984;4.04444444444448;84.79121209544974;8.166666666666666;857.667604580791;1800
OutputStation1;35.50;9.50;222;158;34;26.715498260234774;206.7578387848961;4.16944444444448;66.50500000000011;6.529411764705882;948.9494444444301;1800
OutputStation2;0.50;6.50;266;200;32;33.9573584049085;513.048137269156;4.124444444444407;78.3989826803016;8.3125;775.2557071737501;1800
