Ident;X;Y;Transfers;InjectedTransfers;PodsHandled;PodHandlingTimeAvg;PodHandlingTimeVar;PodHandlingTimeMin;PodHandlingTimeMax;PileOn;IdleTime;UpTime
InputStation0;0.50;12.50;0;0;0;0;0;0;0;0;1800;1800
OutputStation0;35.50;3.50;242;176;33;30.128246969987252;340.67305626747674;4.1683333333333366;79.79787156919087;7.333333333333333;871.4776911792965;1800
OutputStation1;35.50;9.50;240;163;36;27.53340267787595;292.6957391728992;4.04444444444448;73.69342712474617;6.666666666666667;878.645966969229;1800
OutputStation2;0.50;6.50;274;216;29;38.646366621629994;676.7749813672303;4.04444444444448;79.15898268030162;9.448275862068966;746.2534561798612;1800
