Ident;X;Y;Transfers;InjectedTransfers;PodsHandled;PodHandlingTimeAvg;PodHandlingTimeVar;PodHandlingTimeMin;PodHandlingTimeMax;PileOn;IdleTime;UpTime
InputStation0;0.50;12.50;0;0;0;0;0;0;0;0;1800;1800
OutputStation0;35.50;3.50;269;203;32;34.511486968813344;458.31719170613064;4.04444444444448;80.77814575050792;8.40625;770.4516016469395;1800
OutputStation1;35.50;9.50;227;164;34;27.309199134848573;433.1760982705244;4.04444444444448;79.39999999999998;6.676470588235294;930.9083621050127;1800
OutputStation2;0.50;6.50;254;195;32;32.1801179224592;535.4418820106722;4.090086598487005;75.40647908384088;7.9375;826.8410029338431;1800
