Ident;X;Y;Transfers;InjectedTransfers;PodsHandled;PodHandlingTimeAvg;PodHandlingTimeVar;PodHandlingTimeMin;PodHandlingTimeMax;PileOn;IdleTime;UpTime
InputStation0;0.50;12.50;0;0;0;0;0;0;0;0;1800;1800
OutputStation0;35.50;3.50;226;156;35;26.700297049840618;320.09876882981257;4.081111111111113;75.96445163736666;6.457142857142857;933.2794591137331;1800
OutputStation1;35.50;9.50;273;213;32;35.38523110685002;423.60603203128295;4.221666666666664;83.43294378183305;8.53125;752.9708947565687;1800
OutputStation2;0.50;6.50;256;188;31;34.02553204740935;418.6714201109166;4.0838888888888505;83.37028137424477;8.258064516129032;821.0387303611909;1800
