Ident;X;Y;Transfers;InjectedTransfers;PodsHandled;PodHandlingTimeAvg;PodHandlingTimeVar;PodHandlingTimeMin;PodHandlingTimeMax;PileOn;IdleTime;UpTime
InputStation0;0.50;12.50;0;0;0;0;0;0;0;0;1800;1800
OutputStation0;35.50;3.50;278;206;31;36.272424013718705;356.43682331440465;4.04444444444448;75.5128715691917;8.96774193548387;738.4872387817256;1800
OutputStation1;35.50;9.50;225;167;36;25.673726344471202;320.09571843301717;4.050577134331206;76.73852091615913;6.25;936.0237807116409;1800
OutputStation2;0.50;6.50;248;186;31;33.00385025309529;361.51547024176483;4.056017319698412;75.36398268030302;8;849.4539752039602;1800
