Ident;X;Y;Transfers;InjectedTransfers;PodsHandled;PodHandlingTimeAvg;PodHandlingTimeVar;PodHandlingTimeMin;PodHandlingTimeMax;PileOn;IdleTime;UpTime
InputStation0;0.50;12.50;0;0;0;0;0;0;0;0;1800;1800
OutputStation0;35.50;3.50;247;184;33;30.5147614676003;326.30779803952277;4.04444444444448;65.81907647171445;7.484848484848484;854.0976983722321;1800
OutputStation1;35.50;9.50;288;221;29;40.90587799186717;498.0644676391328;4.04444444444448;83.1897258186857;9.931034482758621;693.4608369297914;1800
OutputStation2;0.50;6.50;273;210;31;36.07182446740024;393.96963341307463;8.092777777777883;79.7118542494934;8.806451612903226;761.5961758474393;1800
