Ident;X;Y;Transfers;InjectedTransfers;PodsHandled;PodHandlingTimeAvg;PodHandlingTimeVar;PodHandlingTimeMin;PodHandlingTimeMax;PileOn;IdleTime;UpTime
InputStation0;0.50;12.50;0;0;0;0;0;0;0;0;1800;1800
OutputStation0;35.50;3.50;262;184;30;34.5291791721885;376.5758632278454;4.04444444444448;75.4206493469685;8.733333333333333;793.3853967444227;1800
OutputStation1;35.50;9.50;226;166;35;26.22475675076483;290.8197414044526;4.212777777778001;75.18259019495304;6.457142857142857;934.353282699479;1800
OutputStation2;0.50;6.50;238;184;33;29.602591938690257;518.645066094645;4.089718625760611;84.33509379141276;7.212121212121212;889.6668614424196;1800
