Ident;X;Y;Transfers;InjectedTransfers;PodsHandled;PodHandlingTimeAvg;PodHandlingTimeVar;PodHandlingTimeMin;PodHandlingTimeMax;PileOn;IdleTime;UpTime
InputStation0;0.50;12.50;0;0;0;0;0;0;0;0;1800;1800
OutputStation0;35.50;3.50;248;178;32;31.67881043557654;306.2144627576496;4.04444444444448;67.91582973687241;7.75;850.0164937530758;1800
OutputStation1;35.50;9.50;231;171;34;28.154860793776393;377.6375517684112;4.0644372515223495;72.06231601363538;6.794117647058823;914.0558153510244;1800
OutputStation2;0.50;6.50;214;155;35;25.314044330853427;332.52506329454957;4.04444444444448;80.22064934696846;6.114285714285714;979.9843290742714;1800
