Ident;X;Y;Transfers;InjectedTransfers;PodsHandled;PodHandlingTimeAvg;PodHandlingTimeVar;PodHandlingTimeMin;PodHandlingTimeMax;PileOn;IdleTime;UpTime
InputStation0;0.50;12.50;0;0;0;0;0;0;0;0;1800;1800
OutputStation0;35.50;3.50;243;177;35;28.368759430519457;244.46248318809523;4.116111111111081;69.76388888888874;6.942857142857143;869.5068110919462;1800
OutputStation1;35.50;9.50;241;175;34;28.86735654597344;380.8814262735064;4.04444444444448;70.68278497069969;7.088235294117647;874.640079122122;1800
OutputStation2;0.50;6.50;219;145;35;25.659020821501112;245.33579182488072;4.194999999999709;62.52212123788706;6.257142857142857;962.5248268030176;1800
