Ident;X;Y;Transfers;InjectedTransfers;PodsHandled;PodHandlingTimeAvg;PodHandlingTimeVar;PodHandlingTimeMin;PodHandlingTimeMax;PileOn;IdleTime;UpTime
InputStation0;0.50;12.50;0;0;0;0;0;0;0;0;1800;1800
OutputStation0;35.50;3.50;250;185;33;31.193167607361517;358.8790444017579;4.27120490252355;69.4916666666667;7.575757575757576;838.8061329732685;1800
OutputStation1;35.50;9.50;263;194;35;30.581177282929392;428.33464873153935;4.04444444444448;83.17120490252444;7.514285714285714;793.831803615631;1800
OutputStation2;0.50;6.50;239;171;31;31.545325838204477;382.7884590514252;4.04444444444448;85.55500000000075;7.709677419354839;883.2890620858648;1800
