Ident;X;Y;Transfers;InjectedTransfers;PodsHandled;PodHandlingTimeAvg;PodHandlingTimeVar;PodHandlingTimeMin;PodHandlingTimeMax;PileOn;IdleTime;UpTime
InputStation0;0.50;12.50;0;0;0;0;0;0;0;0;1800;1800
OutputStation0;39.50;3.50;241;184;33;37.021167518457126;512.941486938817;5.04444444444448;95.02379509747601;7.303030303030303;645.0984415105734;1800
OutputStation1;39.50;9.50;276;217;28;50.06739435115448;644.7018667763841;10.31528137424175;97.99888888888938;9.857142857142858;473.6277490060977;1800
OutputStation2;0.50;6.50;258;197;29;45.333512215499645;583.9787811204592;5.063607514647174;103.32231601363515;8.89655172413793;570.0359885480237;1800
