Ident;X;Y;Transfers;InjectedTransfers;PodsHandled;PodHandlingTimeAvg;PodHandlingTimeVar;PodHandlingTimeMin;PodHandlingTimeMax;PileOn;IdleTime;UpTime
InputStation0;0.50;12.50;0;0;0;0;0;0;0;0;1800;1800
OutputStation0;35.50;3.50;247;181;31;32.64185867634326;310.4512429546677;4.077316013635254;71.16953823585766;7.967741935483871;852.4204257995472;1800
OutputStation1;35.50;9.50;211;147;36;24.224823837459393;161.83855902599106;4.231111111110749;51.03578657933895;5.861111111111111;991.761385292412;1800
OutputStation2;0.50;6.50;236;178;34;28.572675702315387;479.8945780307227;4.04444444444448;85.61823954192027;6.9411764705882355;896.1881961009386;1800
