Ident;X;Y;Transfers;InjectedTransfers;PodsHandled;PodHandlingTimeAvg;PodHandlingTimeVar;PodHandlingTimeMin;PodHandlingTimeMax;PileOn;IdleTime;UpTime
InputStation0;0.50;12.50;0;0;0;0;0;0;0;0;1800;1800
OutputStation0;35.50;3.50;231;171;35;27.09718800194792;312.0770489830809;4.04444444444448;72.82398268030158;6.6;914.2835565973306;1800
OutputStation1;35.50;9.50;258;186;31;33.96836289253881;548.2537956435538;4.04444444444448;83.41277777777816;8.32258064516129;808.92677456049;1800
OutputStation2;0.50;6.50;269;195;33;33.68583344231678;533.3720862040333;4.07722222222219;79.7330591520174;8.151515151515152;770.0871359071514;1800
