Ident;X;Y;Transfers;InjectedTransfers;PodsHandled;PodHandlingTimeAvg;PodHandlingTimeVar;PodHandlingTimeMin;PodHandlingTimeMax;PileOn;IdleTime;UpTime
InputStation0;0.50;12.50;0;0;0;0;0;0;0;0;1800;1800
OutputStation0;35.50;3.50;240;169;34;28.791884390552493;444.6780229060163;4.04444444444448;81.0850000000014;7.0588235294117645;883.7103104293659;1800
OutputStation1;35.50;9.50;230;164;35;26.891236862165815;479.6549241008409;4.04444444444448;81.31342712474725;6.571428571428571;919.3979944156994;1800
OutputStation2;0.50;6.50;254;193;33;31.27723009481219;362.3097803306067;4.252128430809307;80.0112915010161;7.696969696969697;826.8627274273106;1800
