Ident;X;Y;Transfers;InjectedTransfers;PodsHandled;PodHandlingTimeAvg;PodHandlingTimeVar;PodHandlingTimeMin;PodHandlingTimeMax;PileOn;IdleTime;UpTime
InputStation0;0.50;12.50;0;0;0;0;0;0;0;0;1800;1800
OutputStation0;35.50;3.50;258;187;34;30.862623984734572;161.71700937973708;4.355555555555156;62.112965360603994;7.588235294117647;810.8270418323135;1800
OutputStation1;35.50;9.50;244;179;34;29.127630930510822;353.1996856762492;4.04444444444448;74.66898268030218;7.176470588235294;864.0572458612944;1800
OutputStation2;0.50;6.50;241;182;31;30.53804124001256;337.6346490605567;4.04444444444448;80.54500000000098;7.774193548387097;879.0084124555033;1800
