Ident;X;Y;Transfers;InjectedTransfers;PodsHandled;PodHandlingTimeAvg;PodHandlingTimeVar;PodHandlingTimeMin;PodHandlingTimeMax;PileOn;IdleTime;UpTime
InputStation0;0.50;12.50;0;0;0;0;0;0;0;0;1800;1800
OutputStation0;35.50;3.50;265;204;31;35.43115859146344;403.2692443715256;4.20611111111117;78.19166666666695;8.548387096774194;784.8426624075968;1800
OutputStation1;35.50;9.50;230;170;35;27.20627849706995;296.22477114267446;4.04444444444448;71.02722222222224;6.571428571428571;915.8544734995414;1800
OutputStation2;0.50;6.50;226;161;35;26.60785033666566;368.45559513879687;4.070555555555302;80.10907647171473;6.457142857142857;932.5154827760822;1800
