Ident;X;Y;Transfers;InjectedTransfers;PodsHandled;PodHandlingTimeAvg;PodHandlingTimeVar;PodHandlingTimeMin;PodHandlingTimeMax;PileOn;IdleTime;UpTime
InputStation0;0.50;12.50;0;0;0;0;0;0;0;0;1800;1800
OutputStation0;35.50;3.50;256;188;33;32.015897940220356;376.18115070953246;4.060555555555425;83.97074313838107;7.757575757575758;815.3461257803751;1800
OutputStation1;35.50;9.50;242;175;34;29.512398990656774;497.0827610904515;4.04444444444448;80.93388888888865;7.117647058823529;871.4670996591004;1800
OutputStation2;0.50;6.50;209;147;37;23.177052764864357;299.9509295855389;4.052777777777919;82.40111111111128;5.648648648648648;999.1605989964972;1800
