Ident;X;Y;Transfers;InjectedTransfers;PodsHandled;PodHandlingTimeAvg;PodHandlingTimeVar;PodHandlingTimeMin;PodHandlingTimeMax;PileOn;IdleTime;UpTime
InputStation0;0.50;12.50;0;0;0;0;0;0;0;0;1800;1800
OutputStation0;35.50;3.50;238;177;33;29.217107009889606;319.3413992349818;4.04444444444448;71.5588166762434;7.212121212121212;891.2387530736232;1800
OutputStation1;35.50;9.50;216;154;38;23.39219240713552;114.41014289116707;4.04444444444448;52.96444444444455;5.684210526315789;970.0494076295629;1800
OutputStation2;0.50;6.50;261;196;31;34.538183217009625;437.82708148596095;4.204999999999927;86.10042579952983;8.419354838709678;802.1349554253561;1800
