Ident;X;Y;Transfers;InjectedTransfers;PodsHandled;PodHandlingTimeAvg;PodHandlingTimeVar;PodHandlingTimeMin;PodHandlingTimeMax;PileOn;IdleTime;UpTime
InputStation0;0.50;12.50;0;0;0;0;0;0;0;0;1800;1800
OutputStation0;35.50;3.50;200;134;37;21.82503666272266;193.47486555158773;4.067409805048555;65.99888888888891;5.405405405405405;1035.0950221456321;1800
OutputStation1;35.50;9.50;242;187;34;29.11676428276916;273.7044931145183;4.04444444444448;61.81417026312738;7.117647058823529;872.5165150484543;1800
OutputStation2;0.50;6.50;206;145;36;23.170587019163293;234.40577919137195;4.0571284308091435;66.67323954192068;5.722222222222222;1008.7716879619934;1800
