Ident;X;Y;Transfers;InjectedTransfers;PodsHandled;PodHandlingTimeAvg;PodHandlingTimeVar;PodHandlingTimeMin;PodHandlingTimeMax;PileOn;IdleTime;UpTime
InputStation0;0.50;12.50;0;0;0;0;0;0;0;0;1800;1800
OutputStation0;35.50;3.50;243;183;31;32.09061257655562;518.9667400578132;4.069444444444343;82.97666666666692;7.838709677419355;872.9223879428754;1800
OutputStation1;35.50;9.50;283;218;30;39.02168831156583;420.8430257111864;4.13601731969834;83.56972581868445;9.433333333333334;715.5543866176477;1800
OutputStation2;0.50;6.50;253;186;31;32.933900294917414;255.6400909120317;4.078888888889082;67.08249640353836;8.161290322580646;835.6024241908941;1800
