Ident;X;Y;Transfers;InjectedTransfers;PodsHandled;PodHandlingTimeAvg;PodHandlingTimeVar;PodHandlingTimeMin;PodHandlingTimeMax;PileOn;IdleTime;UpTime
InputStation0;0.50;12.50;0;0;0;0;0;0;0;0;1800;1800
OutputStation0;35.50;3.50;222;157;34;26.232281641444217;429.7727216111098;4.12166666666576;82.6733333333334;6.529411764705882;950.1665078555325;1800
OutputStation1;35.50;9.50;256;196;32;32.43729099233011;485.4894571883369;4.285555555555561;76.75564934696831;8;826.4169624267513;1800
OutputStation2;0.50;6.50;285;209;30;39.16352140513493;410.2215820777232;12.50500000000011;80.77166666666653;9.5;711.0949421731923;1800
