Ident;X;Y;Transfers;InjectedTransfers;PodsHandled;PodHandlingTimeAvg;PodHandlingTimeVar;PodHandlingTimeMin;PodHandlingTimeMax;PileOn;IdleTime;UpTime
InputStation0;0.50;12.50;0;0;0;0;0;0;0;0;1800;1800
OutputStation0;35.50;3.50;294;227;29;41.880890937421384;737.9925612110926;4.40379509747595;84.8155555555561;10.137931034482758;672.1029435264261;1800
OutputStation1;35.50;9.50;227;157;32;28.588481015167226;485.2445524662916;4.04444444444448;75.31166666666661;7.09375;933.8651873273991;1800
OutputStation2;0.50;6.50;229;160;33;28.253541037863414;379.5803182226626;4.1761111111100035;78.92712843080932;6.9393939393939394;919.814480437042;1800
