Ident;X;Y;Transfers;InjectedTransfers;PodsHandled;PodHandlingTimeAvg;PodHandlingTimeVar;PodHandlingTimeMin;PodHandlingTimeMax;PileOn;IdleTime;UpTime
InputStation0;0.50;12.50;0;0;0;0;0;0;0;0;1800;1800
OutputStation0;35.50;3.50;243;175;32;30.8699855698705;384.7955157259837;4.206666666666365;75.73407647171456;7.59375;864.8766450878759;1800
OutputStation1;35.50;9.50;272;213;30;36.953901394410565;661.7915124922292;4.04444444444448;84.36546176414265;9.066666666666666;754.8012408671616;1800
OutputStation2;0.50;6.50;221;158;34;26.802674432976524;454.8785496138859;4.04444444444448;79.9766666666685;6.5;952.2101875828689;1800
