Ident;X;Y;Transfers;InjectedTransfers;PodsHandled;PodHandlingTimeAvg;PodHandlingTimeVar;PodHandlingTimeMin;PodHandlingTimeMax;PileOn;IdleTime;UpTime
InputStation0;0.50;12.50;0;0;0;0;0;0;0;0;1800;1800
OutputStation0;35.50;3.50;239;170;33;29.0090095761707;230.83637347385925;4.04444444444448;57.71333333333314;7.242424242424242;887.4979581676956;1800
OutputStation1;35.50;9.50;255;184;33;31.679113864370436;377.40416723948493;4.168701306060939;77.36666666666713;7.7272727272727275;826.5181454670912;1800
OutputStation2;0.50;6.50;235;167;33;29.148188156412235;452.6226601371097;4.04444444444448;65.48222222222279;7.121212121212121;902.4929003408702;1800
