Ident;X;Y;Transfers;InjectedTransfers;PodsHandled;PodHandlingTimeAvg;PodHandlingTimeVar;PodHandlingTimeMin;PodHandlingTimeMax;PileOn;IdleTime;UpTime
InputStation0;0.50;12.50;0;0;0;0;0;0;0;0;1800;1800
OutputStation0;35.50;3.50;248;177;35;29.270927646624052;446.0549525996671;4.04444444444448;83.87212843080897;7.085714285714285;853.317041832317;1800
OutputStation1;35.50;9.50;252;181;33;31.429922163146042;333.67073380802555;4.04444444444448;71.25185424949245;7.636363636363637;832.480129189173;1800
OutputStation2;0.50;6.50;250;185;31;31.943358465687922;376.2934963209634;4.04444444444448;73.15842712474648;8.064516129032258;843.2403176222656;1800
