Ident;X;Y;Transfers;InjectedTransfers;PodsHandled;PodHandlingTimeAvg;PodHandlingTimeVar;PodHandlingTimeMin;PodHandlingTimeMax;PileOn;IdleTime;UpTime
InputStation0;0.50;12.50;0;0;0;0;0;0;0;0;1800;1800
OutputStation0;35.50;3.50;236;173;34;28.29357270267411;400.0704389885356;4.04444444444448;82.11768398636536;6.9411764705882355;895.4265800681668;1800
OutputStation1;35.50;9.50;234;165;34;28.30660406576072;386.86555411036056;4.04444444444448;78.62814575050743;6.882352941176471;907.9579363055193;1800
OutputStation2;0.50;6.50;260;197;34;31.736764705882443;425.010935600955;4.1215728752538325;69.85777777777784;7.647058823529412;800.8480157110978;1800
