Ident;X;Y;Transfers;InjectedTransfers;PodsHandled;PodHandlingTimeAvg;PodHandlingTimeVar;PodHandlingTimeMin;PodHandlingTimeMax;PileOn;IdleTime;UpTime
InputStation0;0.50;12.50;0;0;0;0;0;0;0;0;1800;1800
OutputStation0;35.50;3.50;288;216;30;39.48301226575776;303.3437363054207;4.065555555554965;81.68166666666656;9.6;695.5451731969779;1800
OutputStation1;35.50;9.50;238;164;35;28.01354792731569;280.5366486858435;4.04444444444448;78.14008659849083;6.8;888.9089323298367;1800
OutputStation2;0.50;6.50;257;193;32;33.05576997563116;696.1884630537454;4.044444444444423;81.2916666666664;8.03125;819.7263634302506;1800
