Ident;X;Y;Transfers;InjectedTransfers;PodsHandled;PodHandlingTimeAvg;PodHandlingTimeVar;PodHandlingTimeMin;PodHandlingTimeMax;PileOn;IdleTime;UpTime
InputStation0;0.50;12.50;0;0;0;0;0;0;0;0;1800;1800
OutputStation0;35.50;3.50;236;173;33;28.645168132200684;547.7119941878068;4.04444444444448;81.53805915201724;7.151515151515151;896.9475617065766;1800
OutputStation1;35.50;9.50;260;193;34;31.403251633986958;297.0479574766684;4.04444444444448;71.29500000000098;7.647058823529412;805.1761470757668;1800
OutputStation2;0.50;6.50;234;172;32;30.046366789709204;411.31181180391803;4.160555555555447;77.62398268030233;7.3125;898.335901666152;1800
