Ident;X;Y;Transfers;InjectedTransfers;PodsHandled;PodHandlingTimeAvg;PodHandlingTimeVar;PodHandlingTimeMin;PodHandlingTimeMax;PileOn;IdleTime;UpTime
InputStation0;0.50;12.50;0;0;0;0;0;0;0;0;1800;1800
OutputStation0;35.50;3.50;228;169;35;26.525103277359115;421.66556600983756;4.183888888888532;83.74176045807963;6.514285714285714;926.922763391918;1800
OutputStation1;35.50;9.50;267;188;32;33.6053530841856;256.18019224853;8.779350653031315;81.0311111111107;8.34375;775.6572366080741;1800
OutputStation2;0.50;6.50;253;192;32;32.36813356816616;555.5871921584215;4.04444444444448;81.84212843080962;7.90625;831.5123447853437;1800
