Ident;X;Y;Transfers;InjectedTransfers;PodsHandled;PodHandlingTimeAvg;PodHandlingTimeVar;PodHandlingTimeMin;PodHandlingTimeMax;PileOn;IdleTime;UpTime
InputStation0;0.50;12.50;0;0;0;0;0;0;0;0;1800;1800
OutputStation0;35.50;3.50;218;149;35;25.798131316076045;330.16466763533197;4.04444444444448;82.79176045807958;6.228571428571429;968.2570415489289;1800
OutputStation1;35.50;9.50;266;199;32;34.41567798244883;543.0228678516282;4.086666666665906;85.22287156919083;8.3125;783.9464718909279;1800
OutputStation2;0.50;6.50;244;180;34;28.61098144993993;379.59720531148866;4.04444444444448;76.79777777777792;7.176470588235294;866.0596967635574;1800
