Ident;X;Y;Transfers;InjectedTransfers;PodsHandled;PodHandlingTimeAvg;PodHandlingTimeVar;PodHandlingTimeMin;PodHandlingTimeMax;PileOn;IdleTime;UpTime
InputStation0;0.50;12.50;0;0;0;0;0;0;0;0;1800;1800
OutputStation0;35.50;3.50;246;189;34;29.94062049191957;402.5424288472215;4.16111111111104;80.1782323489956;7.235294117647059;854.8269624267484;1800
OutputStation1;35.50;9.50;195;136;39;20.321730861448177;161.25329348883648;4.044444444444423;50.88342712474628;5;1050.760454287808;1800
OutputStation2;0.50;6.50;230;177;33;26.968883204560836;368.5768354170296;4.04444444444448;68.33120490252395;6.96969696969697;921.4813637136559;1800
