Ident;X;Y;Transfers;InjectedTransfers;PodsHandled;PodHandlingTimeAvg;PodHandlingTimeVar;PodHandlingTimeMin;PodHandlingTimeMax;PileOn;IdleTime;UpTime
InputStation0;0.50;12.50;0;0;0;0;0;0;0;0;1800;1800
OutputStation0;35.50;3.50;207;150;35;24.289253146205294;344.58958766369955;4.04444444444448;80.88194084798272;5.914285714285715;1010.4801444252803;1800
OutputStation1;35.50;9.50;273;213;32;34.95489064570673;432.869399600282;4.07722222222219;77.17407647171603;8.53125;752.7171281474373;1800
OutputStation2;0.50;6.50;262;200;31;34.119686495943256;371.2101530038115;4.283506530310888;80.07176045807978;8.451612903225806;795.7109307211986;1800
