Ident;X;Y;Transfers;InjectedTransfers;PodsHandled;PodHandlingTimeAvg;PodHandlingTimeVar;PodHandlingTimeMin;PodHandlingTimeMax;PileOn;IdleTime;UpTime
InputStation0;0.50;12.50;0;0;0;0;0;0;0;0;1800;1800
OutputStation0;35.50;3.50;279;216;28;41.40523783834807;450.3107381907783;4.396111111111111;80.42333333333329;9.964285714285714;731.184581676805;1800
OutputStation1;35.50;9.50;207;145;37;23.107212277013392;325.491904983845;4.047316013637101;65.23712843080955;5.594594594594595;1006.4097186257518;1800
OutputStation2;0.50;6.50;226;162;33;28.07793760145394;294.91923896348294;4.070555555555302;57.330367972729874;6.848484848484849;937.5672872419248;1800
