Ident;X;Y;Transfers;InjectedTransfers;PodsHandled;PodHandlingTimeAvg;PodHandlingTimeVar;PodHandlingTimeMin;PodHandlingTimeMax;PileOn;IdleTime;UpTime
InputStation0;0.50;12.50;0;0;0;0;0;0;0;0;1800;1800
OutputStation0;35.50;3.50;235;170;34;28.437814062313475;305.59323974950075;4.04444444444448;82.5144444444445;6.911764705882353;900.6396245509184;1800
OutputStation1;35.50;9.50;263;200;36;29.599755691736753;340.9317399930623;4.379350653031452;69.1035209161588;7.305555555555555;796.9946458462683;1800
OutputStation2;0.50;6.50;260;200;30;33.8719504574413;431.0634469395431;4.04444444444448;83.38861470757189;8.666666666666666;801.2756637328097;1800
