Ident;X;Y;Transfers;InjectedTransfers;PodsHandled;PodHandlingTimeAvg;PodHandlingTimeVar;PodHandlingTimeMin;PodHandlingTimeMax;PileOn;IdleTime;UpTime
InputStation0;0.50;12.50;0;0;0;0;0;0;0;0;1800;1800
OutputStation0;35.50;3.50;242;167;34;28.767663398692928;431.1424635225845;4.04444444444448;74.39722222222258;7.117647058823529;870.7154761499833;1800
OutputStation1;35.50;9.50;321;248;28;47.26899144493145;456.17760511899337;8.217777777777883;84.37602451262228;11.464285714285714;568.5283692979738;1800
OutputStation2;0.50;6.50;248;186;31;33.109435599886005;498.76951516806463;4.226017319698485;80.96953823585761;8;848.851370906585;1800
