Ident;X;Y;Transfers;InjectedTransfers;PodsHandled;PodHandlingTimeAvg;PodHandlingTimeVar;PodHandlingTimeMin;PodHandlingTimeMax;PileOn;IdleTime;UpTime
InputStation0;0.50;12.50;0;0;0;0;0;0;0;0;1800;1800
OutputStation0;35.50;3.50;218;151;34;26.353444953847287;218.99914504741403;4.116666666666561;63.53917026312865;6.411764705882353;967.6361470757461;1800
OutputStation1;35.50;9.50;264;211;32;33.770190608303416;397.16657230675736;4.060836929795414;70.21564934696823;8.25;787.737027446471;1800
OutputStation2;0.50;6.50;223;163;33;27.76998884931139;332.45823318696904;4.071666666666488;66.8599999999999;6.757575757575758;945.3421934505234;1800
