Ident;X;Y;Transfers;InjectedTransfers;PodsHandled;PodHandlingTimeAvg;PodHandlingTimeVar;PodHandlingTimeMin;PodHandlingTimeMax;PileOn;IdleTime;UpTime
InputStation0;0.50;12.50;0;0;0;0;0;0;0;0;1800;1800
OutputStation0;35.50;3.50;270;188;32;34.267094374066744;397.37791288759473;4.367316013635218;79.54444444444471;8.4375;763.2969261787149;1800
OutputStation1;35.50;9.50;260;189;33;32.16388582016912;412.28966648199884;4.04444444444448;80.94777777777783;7.878787878787879;803.1126261595646;1800
OutputStation2;0.50;6.50;268;201;32;34.04658527351692;397.6037391405005;12.420000000000073;77.3738888888895;8.375;773.1383264238086;1800
