Ident;X;Y;Transfers;InjectedTransfers;PodsHandled;PodHandlingTimeAvg;PodHandlingTimeVar;PodHandlingTimeMin;PodHandlingTimeMax;PileOn;IdleTime;UpTime
InputStation0;0.50;12.50;0;0;0;0;0;0;0;0;1800;1800
OutputStation0;35.50;3.50;260;202;32;32.95510754720602;370.16487867059897;4.1661111111111495;72.88111111111111;8.125;804.3449134015108;1800
OutputStation1;35.50;9.50;231;167;36;25.91072771415573;337.1149131739229;4.04444444444448;74.89805915201626;6.416666666666667;914.163578459523;1800
OutputStation2;0.50;6.50;230;161;35;27.049785200505514;377.92747154922273;4.04444444444448;81.2688888888897;6.571428571428571;916.0740477000234;1800
