Ident;X;Y;Transfers;InjectedTransfers;PodsHandled;PodHandlingTimeAvg;PodHandlingTimeVar;PodHandlingTimeMin;PodHandlingTimeMax;PileOn;IdleTime;UpTime
InputStation0;0.50;12.50;0;0;0;0;0;0;0;0;1800;1800
OutputStation0;35.50;3.50;200;136;36;22.700791848064345;205.25401644435777;4.173982680301833;58.975461764142835;5.555555555555555;1033.6158081581227;1800
OutputStation1;35.50;9.50;240;182;34;29.019847847147645;307.90656624833855;4.04444444444448;80.71953823585727;7.0588235294117645;880.3867895131815;1800
OutputStation2;0.50;6.50;234;175;34;28.070790677093726;333.93076302455;4.04444444444448;72.02537516565155;6.882352941176471;902.6653533034645;1800
