Ident;X;Y;Transfers;InjectedTransfers;PodsHandled;PodHandlingTimeAvg;PodHandlingTimeVar;PodHandlingTimeMin;PodHandlingTimeMax;PileOn;IdleTime;UpTime
InputStation0;0.50;12.50;0;0;0;0;0;0;0;0;1800;1800
OutputStation0;35.50;3.50;219;156;36;24.564010339772242;315.67148377270496;4.156572875253801;74.84833333333427;6.083333333333333;962.5603098625085;1800
OutputStation1;35.50;9.50;250;180;37;27.443784374653777;307.60244368428243;4.04444444444448;74.79527418131698;6.756756756756757;844.4120990922953;1800
OutputStation2;0.50;6.50;255;201;32;32.60434816275064;410.6199916312194;4.176204902524319;69.31935065303264;7.96875;825.874437534946;1800
