Ident;X;Y;Transfers;InjectedTransfers;PodsHandled;PodHandlingTimeAvg;PodHandlingTimeVar;PodHandlingTimeMin;PodHandlingTimeMax;PileOn;IdleTime;UpTime
InputStation0;0.50;12.50;0;0;0;0;0;0;0;0;1800;1800
OutputStation0;35.50;3.50;173;146;17;103.73558781218114;3840.2426613199223;11.739999999999782;206.99046176414288;10.176470588235293;102.24621209544276;1800
OutputStation1;35.50;9.50;173;137;20;86.37296861159004;2769.6357401166865;10.078427124746192;185.23611830403235;8.65;106.65031014592091;1800
OutputStation2;0.50;6.50;173;142;17;103.87271199518793;2836.720268438199;22.41611111111115;185.09444444444534;10.176470588235293;103.30191926921489;1800
