Ident;X;Y;Transfers;InjectedTransfers;PodsHandled;PodHandlingTimeAvg;PodHandlingTimeVar;PodHandlingTimeMin;PodHandlingTimeMax;PileOn;IdleTime;UpTime
InputStation0;0.50;12.50;0;0;0;0;0;0;0;0;1800;1800
OutputStation0;35.50;3.50;246;179;34;29.872668915834723;334.744510869541;4.04444444444448;74.461111111111;7.235294117647059;855.4319264621319;1800
OutputStation1;35.50;9.50;273;209;31;36.06180444884288;325.70373088790745;4.04444444444448;69.28203463939643;8.806451612903226;751.3333477191529;1800
OutputStation2;0.50;6.50;236;171;32;30.275399305555396;432.2361814688991;4.141666666666879;79.76111111111103;7.375;895.5647042399094;1800
