Ident;X;Y;Transfers;InjectedTransfers;PodsHandled;PodHandlingTimeAvg;PodHandlingTimeVar;PodHandlingTimeMin;PodHandlingTimeMax;PileOn;IdleTime;UpTime
InputStation0;0.50;12.50;0;0;0;0;0;0;0;0;1800;1800
OutputStation0;35.50;3.50;237;171;34;28.425286265047266;336.70802464999883;4.04444444444448;79.37861470757684;6.970588235294118;893.2680519590592;1800
OutputStation1;35.50;9.50;269;213;32;34.289007710463515;418.0928190992183;4.08888888888896;83.14888888888618;8.40625;773.9819624267476;1800
OutputStation2;0.50;6.50;275;211;32;35.027421762610466;398.10193561309086;4.044444444444423;74.66721502930113;8.59375;744.3658297369152;1800
