Ident;X;Y;Transfers;InjectedTransfers;PodsHandled;PodHandlingTimeAvg;PodHandlingTimeVar;PodHandlingTimeMin;PodHandlingTimeMax;PileOn;IdleTime;UpTime
InputStation0;0.50;12.50;0;0;0;0;0;0;0;0;1800;1800
OutputStation0;35.50;3.50;210;151;35;24.525513090505257;333.59299208491956;4.096666666666692;72.05676045807968;6;996.3325035964532;1800
OutputStation1;35.50;9.50;238;178;34;28.37621742603974;249.88370175554772;4.080000000000155;68.0804617641428;7;888.7129365889102;1800
OutputStation2;0.50;6.50;261;192;32;33.519140962168315;361.8553893939822;4.367316013634991;85.30444444444447;8.15625;800.3519336550766;1800
