Ident;X;Y;Transfers;InjectedTransfers;PodsHandled;PodHandlingTimeAvg;PodHandlingTimeVar;PodHandlingTimeMin;PodHandlingTimeMax;PileOn;IdleTime;UpTime
InputStation0;0.50;12.50;0;0;0;0;0;0;0;0;1800;1800
OutputStation0;35.50;3.50;200;139;35;23.155468356724235;286.461628262753;4.067222222222213;83.74953823585737;5.714285714285714;1030.627604580785;1800
OutputStation1;35.50;9.50;225;160;35;26.457887031182654;262.25854924528517;4.306111111110795;71.73509379141308;6.428571428571429;937.554632310698;1800
OutputStation2;0.50;6.50;239;177;34;28.92412422198347;149.7242508364976;4.237777777777751;54.91296536060361;7.029411764705882;883.5039461488635;1800
