Ident;X;Y;Transfers;InjectedTransfers;PodsHandled;PodHandlingTimeAvg;PodHandlingTimeVar;PodHandlingTimeMin;PodHandlingTimeMax;PileOn;IdleTime;UpTime
InputStation0;0.50;12.50;0;0;0;0;0;0;0;0;1800;1800
OutputStation0;35.50;3.50;239;176;36;27.173900709558524;363.22183581570647;4.151111111110822;73.04008659849063;6.638888888888889;882.3042494412606;1800
OutputStation1;35.50;9.50;214;154;34;25.638118579574694;259.4399417179607;4.04444444444448;61.84730882071295;6.294117647058823;980.3110893049135;1800
OutputStation2;0.50;6.50;224;156;33;27.763202157005193;322.50865807609654;4.04444444444448;73.11702744647489;6.787878787878788;943.9952097004461;1800
