Ident;X;Y;Transfers;InjectedTransfers;PodsHandled;PodHandlingTimeAvg;PodHandlingTimeVar;PodHandlingTimeMin;PodHandlingTimeMax;PileOn;IdleTime;UpTime
InputStation0;0.50;12.50;0;0;0;0;0;0;0;0;1800;1800
OutputStation0;35.50;3.50;273;209;31;35.95589605734763;421.2164689539132;4.127777777777737;68.62156568232945;8.806451612903226;761.1185281090753;1800
OutputStation1;35.50;9.50;258;205;32;33.23186350085224;406.79911316823785;4.04444444444448;85.20528137423958;8.0625;809.5011111111069;1800
OutputStation2;0.50;6.50;257;204;29;36.663231327551394;474.7436838847411;4.04444444444448;67.22621209544832;8.862068965517242;817.978896081808;1800
