Ident;X;Y;Transfers;InjectedTransfers;PodsHandled;PodHandlingTimeAvg;PodHandlingTimeVar;PodHandlingTimeMin;PodHandlingTimeMax;PileOn;IdleTime;UpTime
InputStation0;0.50;12.50;0;0;0;0;0;0;0;0;1800;1800
OutputStation0;35.50;3.50;215;150;35;25.44133312782137;275.3868901401057;4.04444444444448;77.0156493469683;6.142857142857143;971.3305123980235;1800
OutputStation1;35.50;9.50;236;177;35;27.368359103319538;319.56585884209113;4.04444444444448;63.36888888888893;6.742857142857143;895.9861686544838;1800
OutputStation2;0.50;6.50;260;200;32;32.63062815576049;348.2208067496899;4.107222222221935;72.55250359646072;8.125;804.1153101459415;1800
