Ident;X;Y;Transfers;InjectedTransfers;PodsHandled;PodHandlingTimeAvg;PodHandlingTimeVar;PodHandlingTimeMin;PodHandlingTimeMax;PileOn;IdleTime;UpTime
InputStation0;0.50;12.50;0;0;0;0;0;0;0;0;1800;1800
OutputStation0;35.50;3.50;228;155;33;28.278928243250746;384.51533529026307;4.04444444444448;73.48665947374548;6.909090909090909;925.0501228465073;1800
OutputStation1;35.50;9.50;244;171;33;29.25505924950996;415.84957453673445;4.04444444444448;83.6382395419206;7.393939393939394;868.465692504496;1800
OutputStation2;0.50;6.50;279;215;29;37.376752997579175;562.8418251901257;4.04444444444448;82.10555555555584;9.620689655172415;729.7904689570698;1800
