Ident;X;Y;Transfers;InjectedTransfers;PodsHandled;PodHandlingTimeAvg;PodHandlingTimeVar;PodHandlingTimeMin;PodHandlingTimeMax;PileOn;IdleTime;UpTime
InputStation0;0.50;12.50;0;0;0;0;0;0;0;0;1800;1800
OutputStation0;35.50;3.50;228;161;34;27.442208429367362;402.1655579602619;4.044444444444444;77.63166666666734;6.705882352941177;926.1813493278233;1800
OutputStation1;35.50;9.50;238;170;36;27.17326398879056;298.78402755388174;4.0956421540458905;83.69157287525513;6.611111111111111;888.6945454287717;1800
OutputStation2;0.50;6.50;256;185;33;32.064949494949424;362.3219818051385;4.0477777777780375;75.29158006817369;7.757575757575758;818.0522222222338;1800
