Ident;X;Y;Transfers;InjectedTransfers;PodsHandled;PodHandlingTimeAvg;PodHandlingTimeVar;PodHandlingTimeMin;PodHandlingTimeMax;PileOn;IdleTime;UpTime
InputStation0;0.50;12.50;0;0;0;0;0;0;0;0;1800;1800
OutputStation0;35.50;3.50;253;188;32;32.51479437286947;246.57710492165657;8.43444444444458;85.21268398636221;7.90625;830.6332179631502;1800
OutputStation1;35.50;9.50;218;155;38;23.72954925182079;248.77066651311142;4.04444444444448;67.55666666666684;5.7368421052631575;964.8273810333623;1800
OutputStation2;0.50;6.50;255;201;31;32.27555578758544;477.17946258122197;4.11555555555492;78.96166666666699;8.225806451612904;822.1091846489599;1800
