Ident;X;Y;Transfers;InjectedTransfers;PodsHandled;PodHandlingTimeAvg;PodHandlingTimeVar;PodHandlingTimeMin;PodHandlingTimeMax;PileOn;IdleTime;UpTime
InputStation0;0.50;12.50;0;0;0;0;0;0;0;0;1800;1800
OutputStation0;35.50;3.50;255;185;35;30.12352442606029;251.43990467726994;4.04444444444448;54.76666666666671;7.285714285714286;820.4276696005151;1800
OutputStation1;35.50;9.50;264;207;34;31.655724048277033;466.20580713352376;4.04444444444448;79.55898268030171;7.764705882352941;792.6157503313054;1800
OutputStation2;0.50;6.50;219;155;36;24.823086619556598;154.31835197784253;4.04444444444448;54.656666666667206;6.083333333333333;960.7952454095873;1800
