Ident;X;Y;Transfers;InjectedTransfers;PodsHandled;PodHandlingTimeAvg;PodHandlingTimeVar;PodHandlingTimeMin;PodHandlingTimeMax;PileOn;IdleTime;UpTime
InputStation0;0.50;12.50;0;0;0;0;0;0;0;0;1800;1800
OutputStation0;35.50;3.50;274;210;29;38.627518090208014;444.4220094660396;4.04444444444448;78.5111111111114;9.448275862068966;749.5849829905303;1800
OutputStation1;35.50;9.50;276;212;33;34.120077008276375;375.53480474173404;4.149163070205759;78.0907547837844;8.363636363636363;743.7884064829233;1800
OutputStation2;0.50;6.50;247;186;32;31.268866704070025;278.20775839289746;8.080649346968471;64.52249640353892;7.71875;853.5284645179709;1800
