Ident;X;Y;Transfers;InjectedTransfers;PodsHandled;PodHandlingTimeAvg;PodHandlingTimeVar;PodHandlingTimeMin;PodHandlingTimeMax;PileOn;IdleTime;UpTime
InputStation0;0.50;12.50;0;0;0;0;0;0;0;0;1800;1800
OutputStation0;35.50;3.50;246;180;33;30.868238225527765;390.3222694573411;4.04444444444448;71.2149134015092;7.454545454545454;861.6575611398212;1800
OutputStation1;35.50;9.50;238;181;33;29.594258387389946;347.06459347284715;4.171572875253787;83.34657287525374;7.212121212121212;888.6073594546106;1800
OutputStation2;0.50;6.50;258;190;28;37.1593529650422;599.8643823087697;4.402222222222008;85.04777777777781;9.214285714285714;813.5209813550732;1800
