Ident;X;Y;Transfers;InjectedTransfers;PodsHandled;PodHandlingTimeAvg;PodHandlingTimeVar;PodHandlingTimeMin;PodHandlingTimeMax;PileOn;IdleTime;UpTime
InputStation0;0.50;12.50;0;0;0;0;0;0;0;0;1800;1800
OutputStation0;35.50;3.50;273;207;30;37.22085810461267;288.7557148684561;12.988333333333458;75.04082973686968;9.1;752.4046198867843;1800
OutputStation1;35.50;9.50;211;146;36;24.155084576838078;427.99766599873806;4.04444444444448;75.0562049025242;5.861111111111111;993.4715056101601;1800
OutputStation2;0.50;6.50;244;177;33;30.692768256785197;230.29267559021366;8.12833333333333;68.05191522238624;7.393939393939394;869.4220812264558;1800
