Ident;X;Y;Transfers;InjectedTransfers;PodsHandled;PodHandlingTimeAvg;PodHandlingTimeVar;PodHandlingTimeMin;PodHandlingTimeMax;PileOn;IdleTime;UpTime
InputStation0;0.50;12.50;0;0;0;0;0;0;0;0;1800;1800
OutputStation0;35.50;3.50;274;201;30;37.66304328979787;298.6447473960492;8.0949999999998;80.95333333333343;9.133333333333333;754.4667314029818;1800
OutputStation1;35.50;9.50;239;168;34;28.594988965715892;201.45378525350367;4.362222222222272;60.50666666666676;7.029411764705882;886.2941199126567;1800
OutputStation2;0.50;6.50;230;170;32;28.878550684390706;424.5046491166098;4.066111111110558;82.31481241717381;7.1875;919.0287084989932;1800
