Ident;X;Y;Transfers;InjectedTransfers;PodsHandled;PodHandlingTimeAvg;PodHandlingTimeVar;PodHandlingTimeMin;PodHandlingTimeMax;PileOn;IdleTime;UpTime
InputStation0;0.50;12.50;0;0;0;0;0;0;0;0;1800;1800
OutputStation0;35.50;3.50;244;173;36;27.938999319093995;376.35666321735687;4.148888888888678;66.92380229039941;6.777777777777778;866.9162843081018;1800
OutputStation1;35.50;9.50;279;207;31;36.89190592466557;274.77003778203897;8.330000000000041;70.55990620858722;9;730.5800290551214;1800
OutputStation2;0.50;6.50;243;180;34;29.336380824732466;511.94848715478724;4.04444444444448;75.08231601363582;7.147058823529412;871.6701582442956;1800
