Ident;X;Y;Transfers;InjectedTransfers;PodsHandled;PodHandlingTimeAvg;PodHandlingTimeVar;PodHandlingTimeMin;PodHandlingTimeMax;PileOn;IdleTime;UpTime
InputStation0;0.50;12.50;0;0;0;0;0;0;0;0;1800;1800
OutputStation0;35.50;3.50;264;192;31;34.385713588319035;476.19988601164886;4.275555555555229;84.39352091615945;8.516129032258064;785.490613382355;1800
OutputStation1;35.50;9.50;282;223;30;38.441879509747565;495.6905472840407;4.04444444444448;83.76388888888846;9.4;721.4910245126044;1800
OutputStation2;0.50;6.50;262;194;30;35.511830206952915;512.0994495270412;4.114538235857026;82.7824098050487;8.733333333333333;795.6595382358564;1800
