Ident;X;Y;Transfers;InjectedTransfers;PodsHandled;PodHandlingTimeAvg;PodHandlingTimeVar;PodHandlingTimeMin;PodHandlingTimeMax;PileOn;IdleTime;UpTime
InputStation0;0.50;12.50;0;0;0;0;0;0;0;0;1800;1800
OutputStation0;35.50;3.50;273;202;31;34.89006632961839;494.1793995266179;4.170555555555609;84.32787156919153;8.806451612903226;759.0645813933947;1800
OutputStation1;35.50;9.50;243;184;32;30.776913102761544;293.3372981957265;4.04444444444448;73.97212843081002;7.59375;870.5730807307874;1800
OutputStation2;0.50;6.50;223;160;34;27.112331295721933;250.5394021827898;4.04444444444448;59.3878715691917;6.5588235294117645;947.5009451070468;1800
