Ident;X;Y;Transfers;InjectedTransfers;PodsHandled;PodHandlingTimeAvg;PodHandlingTimeVar;PodHandlingTimeMin;PodHandlingTimeMax;PileOn;IdleTime;UpTime
InputStation0;0.50;12.50;0;0;0;0;0;0;0;0;1800;1800
OutputStation0;35.50;3.50;250;183;34;30.118653547458187;359.50938688420086;4.044444444444444;79.25611111111107;7.352941176470588;841.0981095024886;1800
OutputStation1;35.50;9.50;195;134;38;21.01754822817663;219.18413817365598;4.04444444444448;72.97347747519348;5.131578947368421;1050.4540548929522;1800
OutputStation2;0.50;6.50;220;153;34;26.373929209671637;413.5622142302216;4.268239541919911;72.62638529242713;6.470588235294118;954.6968902140734;1800
