Ident;X;Y;Transfers;InjectedTransfers;PodsHandled;PodHandlingTimeAvg;PodHandlingTimeVar;PodHandlingTimeMin;PodHandlingTimeMax;PileOn;IdleTime;UpTime
InputStation0;0.50;12.50;0;0;0;0;0;0;0;0;1800;1800
OutputStation0;35.50;3.50;226;151;33;27.74783090702493;397.83112140169726;4.0517604580795705;71.19045457122024;6.848484848484849;933.7018833046102;1800
OutputStation1;35.50;9.50;287;213;31;38.0379269659828;163.15559265434032;4.160555555555561;62.031854249493335;9.258064516129032;697.6525179823284;1800
OutputStation2;0.50;6.50;275;215;29;38.388681147074394;370.09538672703627;12.106010126775118;76.99555555555526;9.482758620689655;746.2526120291438;1800
