Ident;X;Y;Transfers;InjectedTransfers;PodsHandled;PodHandlingTimeAvg;PodHandlingTimeVar;PodHandlingTimeMin;PodHandlingTimeMax;PileOn;IdleTime;UpTime
InputStation0;0.50;12.50;0;0;0;0;0;0;0;0;1800;1800
OutputStation0;35.50;3.50;298;233;29;42.45527168145204;470.6462587939164;4.133239541916964;84.00509379141499;10.275862068965518;655.1003392010343;1800
OutputStation1;35.50;9.50;274;212;32;35.23859352522112;390.51995606569676;4.124444444444407;77.63055555555542;8.5625;747.9369840055206;1800
OutputStation2;0.50;6.50;268;201;30;35.55388070856813;450.00669922127594;4.09982680302096;77.30111111111171;8.933333333333334;777.7895957792412;1800
