Ident;X;Y;Transfers;InjectedTransfers;PodsHandled;PodHandlingTimeAvg;PodHandlingTimeVar;PodHandlingTimeMin;PodHandlingTimeMax;PileOn;IdleTime;UpTime
InputStation0;0.50;12.50;0;0;0;0;0;0;0;0;1800;1800
OutputStation0;35.50;3.50;231;164;34;27.72684958691271;391.03708218195163;4.109999999999445;73.32787156919065;6.794117647058823;918.1330300968934;1800
OutputStation1;35.50;9.50;254;196;30;34.881526209864106;608.4129323309036;4.044444444444423;84.71166666666659;8.466666666666667;826.1811252135296;1800
OutputStation2;0.50;6.50;200;133;34;23.82914226264098;235.30219940034533;4.04444444444448;62.58861470757179;5.882352941176471;1035.4222076916083;1800
