Ident;X;Y;Transfers;InjectedTransfers;PodsHandled;PodHandlingTimeAvg;PodHandlingTimeVar;PodHandlingTimeMin;PodHandlingTimeMax;PileOn;IdleTime;UpTime
InputStation0;0.50;12.50;0;0;0;0;0;0;0;0;1800;1800
OutputStation0;35.50;3.50;204;138;34;24.721960572757183;211.20995546174046;4.044444444444423;66.76397548737805;6;1017.0539611015431;1800
OutputStation1;35.50;9.50;255;191;34;30.827954969325553;391.6592131250312;4.044444444444423;80.86564934696833;7.5;823.2511905166705;1800
OutputStation2;0.50;6.50;276;213;31;36.74581832170098;621.7417093652699;4.04444444444448;80.99676045808087;8.903225806451612;746.7421353403022;1800
