Ident;X;Y;Transfers;InjectedTransfers;PodsHandled;PodHandlingTimeAvg;PodHandlingTimeVar;PodHandlingTimeMin;PodHandlingTimeMax;PileOn;IdleTime;UpTime
InputStation0;0.50;12.50;0;0;0;0;0;0;0;0;1800;1800
OutputStation0;35.50;3.50;271;207;31;35.67200134942973;456.0829122008868;4.04444444444448;80.04453823585754;8.741935483870968;759.8652019686515;1800
OutputStation1;35.50;9.50;267;189;32;34.07927398909376;362.5977674695814;4.04444444444448;83.09499999999994;8.34375;775.0009451070613;1800
OutputStation2;0.50;6.50;239;172;30;32.905474988956655;484.11879739117717;4.04444444444448;82.54352091615834;7.966666666666667;882.908694113144;1800
