Ident;X;Y;Transfers;InjectedTransfers;PodsHandled;PodHandlingTimeAvg;PodHandlingTimeVar;PodHandlingTimeMin;PodHandlingTimeMax;PileOn;IdleTime;UpTime
InputStation0;0.50;12.50;0;0;0;0;0;0;0;0;1800;1800
OutputStation0;35.50;3.50;226;162;34;27.099249855244757;386.27334488275255;4.062871569188246;70.5588888888891;6.647058823529412;931.3626765100202;1800
OutputStation1;35.50;9.50;264;196;32;33.6400083433873;446.3933357068729;4.113232348998864;79.5639682944543;8.25;788.0472078363704;1800
OutputStation2;0.50;6.50;240;177;30;32.7160091393774;529.0875646776238;4.04444444444448;85.47842712474625;8;881.9380229039983;1800
