Ident;X;Y;Transfers;InjectedTransfers;PodsHandled;PodHandlingTimeAvg;PodHandlingTimeVar;PodHandlingTimeMin;PodHandlingTimeMax;PileOn;IdleTime;UpTime
InputStation0;0.50;12.50;0;0;0;0;0;0;0;0;1800;1800
OutputStation0;35.50;3.50;209;146;33;26.110112130123966;356.6554426321593;4.044444444444444;84.83704389263357;6.333333333333333;1000.9297412165058;1800
OutputStation1;35.50;9.50;275;214;32;35.14079523057193;272.4539584444554;8.348888888888837;65.29222222222234;8.59375;748.363583948308;1800
OutputStation2;0.50;6.50;242;181;35;28.370795234640674;264.98321103842517;4.04444444444448;62.74981447749451;6.914285714285715;867.9203505146068;1800
