Ident;X;Y;Transfers;InjectedTransfers;PodsHandled;PodHandlingTimeAvg;PodHandlingTimeVar;PodHandlingTimeMin;PodHandlingTimeMax;PileOn;IdleTime;UpTime
InputStation0;0.50;12.50;0;0;0;0;0;0;0;0;1800;1800
OutputStation0;35.50;3.50;232;162;31;30.744068332388313;434.8663519497165;4.04444444444448;77.43055555555588;7.483870967741935;910.0079941322781;1800
OutputStation1;35.50;9.50;264;194;33;32.93819296887053;342.8315381854438;4.15777777777771;76.99018758282637;8;789.3566591903168;1800
OutputStation2;0.50;6.50;230;158;36;26.062656526697776;310.164549839604;4.065000000000055;80.69082973687273;6.388888888888889;917.5498558581239;1800
