Ident;X;Y;Transfers;InjectedTransfers;PodsHandled;PodHandlingTimeAvg;PodHandlingTimeVar;PodHandlingTimeMin;PodHandlingTimeMax;PileOn;IdleTime;UpTime
InputStation0;0.50;12.50;0;0;0;0;0;0;0;0;1800;1800
OutputStation0;35.50;3.50;271;209;31;34.94918518467311;395.5559450079956;8.366111111111138;77.47898268030235;8.741935483870968;758.6348689198799;1800
OutputStation1;35.50;9.50;242;179;35;28.101528758008943;457.1054023202677;4.044444444444444;78.5539826803018;6.914285714285715;872.1701734339093;1800
OutputStation2;0.50;6.50;218;152;35;25.46864029501122;330.9105422001689;4.077777777777783;74.85222222222251;6.228571428571429;961.6676405454164;1800
