Ident;X;Y;Transfers;InjectedTransfers;PodsHandled;PodHandlingTimeAvg;PodHandlingTimeVar;PodHandlingTimeMin;PodHandlingTimeMax;PileOn;IdleTime;UpTime
InputStation0;0.50;12.50;0;0;0;0;0;0;0;0;1800;1800
OutputStation0;35.50;3.50;230;164;34;27.5588646964199;240.6554544412612;4.051111111111368;65.07611111111191;6.764705882352941;917.3773303994801;1800
OutputStation1;35.50;9.50;229;171;35;26.590055452799447;370.65272154678206;4.044444444444423;71.42342712474613;6.542857142857143;922.5020636944994;1800
OutputStation2;0.50;6.50;228;157;34;27.436051691889336;317.1878520708334;4.04444444444448;70.32055555555576;6.705882352941177;926.8076618407711;1800
