Ident;X;Y;Transfers;InjectedTransfers;PodsHandled;PodHandlingTimeAvg;PodHandlingTimeVar;PodHandlingTimeMin;PodHandlingTimeMax;PileOn;IdleTime;UpTime
InputStation0;0.50;12.50;0;0;0;0;0;0;0;0;1800;1800
OutputStation0;35.50;3.50;259;181;33;31.947247583731233;422.0885883886068;4.04444444444448;81.93676045807928;7.848484848484849;811.2803535868999;1800
OutputStation1;35.50;9.50;261;193;30;35.82209908511749;589.1194328041202;4.04444444444448;81.28676045807963;8.7;800.8910029338448;1800
OutputStation2;0.50;6.50;249;181;30;34.42469769070705;740.1536190140134;4.0833333333332575;84.76749640353978;8.3;850.5078859550486;1800
