Ident;X;Y;Transfers;InjectedTransfers;PodsHandled;PodHandlingTimeAvg;PodHandlingTimeVar;PodHandlingTimeMin;PodHandlingTimeMax;PileOn;IdleTime;UpTime
InputStation0;0.50;12.50;0;0;0;0;0;0;0;0;1800;1800
OutputStation0;35.50;3.50;224;160;35;26.34587775884602;228.28423914621263;4.04444444444448;73.74351372323747;6.4;948.2506464240452;1800
OutputStation1;35.50;9.50;250;186;35;29.613361101489684;329.44441163044695;4.375555555555593;79.83222222222253;7.142857142857143;838.1076149800103;1800
OutputStation2;0.50;6.50;251;190;30;34.44211760363648;386.080326132548;4.04444444444448;79.11925686161857;8.366666666666667;836.1622941514826;1800
