Ident;X;Y;Transfers;InjectedTransfers;PodsHandled;PodHandlingTimeAvg;PodHandlingTimeVar;PodHandlingTimeMin;PodHandlingTimeMax;PileOn;IdleTime;UpTime
InputStation0;0.50;12.50;0;0;0;0;0;0;0;0;1800;1800
OutputStation0;35.50;3.50;289;220;27;43.546683502637784;446.3088027071275;8.044444444444444;79.36722222222329;10.703703703703704;687.6900575433829;1800
OutputStation1;35.50;9.50;232;165;34;27.517968339067362;327.5968184073827;4.096111111112123;74.1778715691911;6.823529411764706;909.7787375540956;1800
OutputStation2;0.50;6.50;239;184;31;31.85240981419076;530.9552057744813;4.04444444444448;75.79759019495305;7.709677419354839;883.2836434792614;1800
