Ident;X;Y;Transfers;InjectedTransfers;PodsHandled;PodHandlingTimeAvg;PodHandlingTimeVar;PodHandlingTimeMin;PodHandlingTimeMax;PileOn;IdleTime;UpTime
InputStation0;0.50;12.50;0;0;0;0;0;0;0;0;1800;1800
OutputStation0;35.50;3.50;257;177;33;31.686276619115485;340.3506459621639;4.288888888888778;84.35842712474653;7.787878787878788;811.8097833620814;1800
OutputStation1;35.50;9.50;260;186;31;34.18066843740684;478.72449692091226;8.16944444444448;84.01231601363531;8.387096774193548;805.8394660232279;1800
OutputStation2;0.50;6.50;256;191;31;33.80928525153204;443.73148763872047;4.2862049025238775;83.64379509747596;8.258064516129032;822.9139107510557;1800
