Ident;X;Y;Transfers;InjectedTransfers;PodsHandled;PodHandlingTimeAvg;PodHandlingTimeVar;PodHandlingTimeMin;PodHandlingTimeMax;PileOn;IdleTime;UpTime
InputStation0;0.50;12.50;0;0;0;0;0;0;0;0;1800;1800
OutputStation0;35.50;3.50;250;184;32;31.998873326009175;635.3115615783353;4.04444444444448;84.14018758282589;7.8125;842.7805265004422;1800
OutputStation1;35.50;9.50;248;172;34;29.425543032040483;390.77978346093073;4.116111111110968;80.77656568233238;7.294117647058823;852.4958728944252;1800
OutputStation2;0.50;6.50;258;189;33;32.0196751042545;252.07897990355693;4.04444444444448;67.12333333333504;7.818181818181818;816.7337663257633;1800
