Ident;X;Y;Transfers;InjectedTransfers;PodsHandled;PodHandlingTimeAvg;PodHandlingTimeVar;PodHandlingTimeMin;PodHandlingTimeMax;PileOn;IdleTime;UpTime
InputStation0;0.50;12.50;0;0;0;0;0;0;0;0;1800;1800
OutputStation0;35.50;3.50;242;175;32;30.628357005965576;466.37021650257515;4.04444444444448;84.33444444444558;7.5625;872.6233836837881;1800
OutputStation1;35.50;9.50;277;213;31;36.61947190623914;459.2124600093756;4.04444444444448;79.78834771917661;8.935483870967742;738.1277921636072;1800
OutputStation2;0.50;6.50;258;188;29;36.42343633124267;305.7728435316877;8.683427124746117;80.50398268030222;8.89655172413793;812.1927993565405;1800
