Ident;X;Y;Transfers;InjectedTransfers;PodsHandled;PodHandlingTimeAvg;PodHandlingTimeVar;PodHandlingTimeMin;PodHandlingTimeMax;PileOn;IdleTime;UpTime
InputStation0;0.50;12.50;0;0;0;0;0;0;0;0;1800;1800
OutputStation0;35.50;3.50;279;212;29;38.833410209717606;865.7282601290714;4.136572875253933;82.16055555555579;9.620689655172415;733.1521500095794;1800
OutputStation1;35.50;9.50;248;182;35;29.206243454747405;624.8401250643201;4.04444444444448;83.8595382358576;7.085714285714285;855.1665441035641;1800
OutputStation2;0.50;6.50;235;160;35;27.690730364242402;267.55584963956807;4.114999999999782;68.10453823585772;6.714285714285714;902.6811977096133;1800
