Ident;X;Y;Transfers;InjectedTransfers;PodsHandled;PodHandlingTimeAvg;PodHandlingTimeVar;PodHandlingTimeMin;PodHandlingTimeMax;PileOn;IdleTime;UpTime
InputStation0;0.50;12.50;0;0;0;0;0;0;0;0;1800;1800
OutputStation0;35.50;3.50;262;183;32;33.69166396046384;246.0183232981337;4.285555555555447;73.1546320272696;8.1875;793.5444156727604;1800
OutputStation1;35.50;9.50;232;173;33;28.52138899787258;413.98876004605194;4.1572222222223445;76.06166666666672;7.03030303030303;911.4241921252944;1800
OutputStation2;0.50;6.50;224;160;32;28.800813715576957;452.3177515025448;4.04444444444448;81.69823954192043;7;942.4863056034253;1800
