Ident;X;Y;Transfers;InjectedTransfers;PodsHandled;PodHandlingTimeAvg;PodHandlingTimeVar;PodHandlingTimeMin;PodHandlingTimeMax;PileOn;IdleTime;UpTime
InputStation0;0.50;12.50;0;0;0;0;0;0;0;0;1800;1800
OutputStation0;35.50;3.50;238;174;32;29.621426317313812;266.4592745431773;4.04444444444448;62.32222222222276;7.4375;890.3937879045508;1800
OutputStation1;35.50;9.50;228;171;33;28.08445297093667;355.4354567316357;4.0716666666666015;84.18777777777814;6.909090909090909;926.8801081772682;1800
OutputStation2;0.50;6.50;240;186;31;31.11020015814605;333.89580122640143;4.181666666666672;73.87388888888984;7.741935483870968;878.1120346394093;1800
