Ident;X;Y;Transfers;InjectedTransfers;PodsHandled;PodHandlingTimeAvg;PodHandlingTimeVar;PodHandlingTimeMin;PodHandlingTimeMax;PileOn;IdleTime;UpTime
InputStation0;0.50;12.50;0;0;0;0;0;0;0;0;1800;1800
OutputStation0;35.50;3.50;249;175;33;30.77745485232635;476.3811772864729;4.16944444444448;85.38787156919079;7.545454545454546;845.3215441035406;1800
OutputStation1;35.50;9.50;285;216;31;37.53802285480601;573.9804097943319;4.04444444444448;82.84787156919074;9.193548387096774;707.9973375923939;1800
OutputStation2;0.50;6.50;249;181;32;31.70774914229785;477.4314317960245;4.04444444444448;78.97009379141264;7.78125;847.0658513156607;1800
