Ident;X;Y;Transfers;InjectedTransfers;PodsHandled;PodHandlingTimeAvg;PodHandlingTimeVar;PodHandlingTimeMin;PodHandlingTimeMax;PileOn;IdleTime;UpTime
InputStation0;0.50;12.50;0;0;0;0;0;0;0;0;1800;1800
OutputStation0;35.50;3.50;245;176;35;28.55031539709922;457.6626918681733;4.077777777777868;79.84444444444523;7;864.2918833045799;1800
OutputStation1;35.50;9.50;240;161;32;30.898192862136177;450.0063064692075;8.243795097475868;84.61101731969802;7.5;880.1552307403931;1800
OutputStation2;0.50;6.50;262;191;33;32.87296667699679;489.92013822221327;4.04444444444448;83.7113996782764;7.9393939393939394;791.8431817151248;1800
