Ident;X;Y;Transfers;InjectedTransfers;PodsHandled;PodHandlingTimeAvg;PodHandlingTimeVar;PodHandlingTimeMin;PodHandlingTimeMax;PileOn;IdleTime;UpTime
InputStation0;0.50;12.50;0;0;0;0;0;0;0;0;1800;1800
OutputStation0;35.50;3.50;247;175;33;30.276206872818857;330.2416247021159;4.04444444444448;82.58898268030202;7.484848484848484;850.3486509556035;1800
OutputStation1;35.50;9.50;256;192;32;32.44579387304205;419.14748782549475;4.04444444444448;72.56731601363549;8;820.0989320464367;1800
OutputStation2;0.50;6.50;256;184;31;33.992759624601035;536.9380611581693;4.07666666666637;80.00683986364606;8.258064516129032;816.6736866367771;1800
