Ident;X;Y;Transfers;InjectedTransfers;PodsHandled;PodHandlingTimeAvg;PodHandlingTimeVar;PodHandlingTimeMin;PodHandlingTimeMax;PileOn;IdleTime;UpTime
InputStation0;0.50;12.50;0;0;0;0;0;0;0;0;1800;1800
OutputStation0;35.50;3.50;245;188;34;29.576756218612527;334.49806221957243;4.04444444444448;74.67685424949258;7.205882352941177;863.135707173743;1800
OutputStation1;35.50;9.50;247;186;34;29.160489772965136;373.90226096913494;4.125;84.4538888888892;7.264705882352941;852.5496032555725;1800
OutputStation2;0.50;6.50;192;129;36;21.913953422404752;194.44362975654784;4.04444444444448;58.12666666666689;5.333333333333333;1063.4677777777877;1800
