Ident;X;Y;Transfers;InjectedTransfers;PodsHandled;PodHandlingTimeAvg;PodHandlingTimeVar;PodHandlingTimeMin;PodHandlingTimeMax;PileOn;IdleTime;UpTime
InputStation0;0.50;12.50;0;0;0;0;0;0;0;0;1800;1800
OutputStation0;35.50;3.50;251;179;33;30.697588869970723;575.8718518690714;4.04444444444448;83.93176045807958;7.606060606060606;841.3659805048514;1800
OutputStation1;35.50;9.50;263;191;31;33.57375692574174;364.20169411279096;4.04444444444448;77.59444444444478;8.483870967741936;793.8037369872466;1800
OutputStation2;0.50;6.50;246;182;35;28.615190887214556;263.55419002141036;4.047777777776446;67.10352091615914;7.0285714285714285;858.352301911186;1800
