Ident;X;Y;Transfers;InjectedTransfers;PodsHandled;PodHandlingTimeAvg;PodHandlingTimeVar;PodHandlingTimeMin;PodHandlingTimeMax;PileOn;IdleTime;UpTime
InputStation0;0.50;12.50;0;0;0;0;0;0;0;0;1800;1800
OutputStation0;35.50;3.50;237;172;33;29.059362893557044;420.15403140983034;4.04444444444448;79.5448196100956;7.181818181818182;894.8045813933766;1800
OutputStation1;35.50;9.50;241;173;35;28.181388580620794;310.6433467212038;4.04444444444448;77.83000000000015;6.885714285714286;873.8236581485355;1800
OutputStation2;0.50;6.50;257;187;31;33.64521854335231;480.9514816699088;4.232222222221935;80.4374098050481;8.290322580645162;817.493405262569;1800
