Ident;X;Y;Transfers;InjectedTransfers;PodsHandled;PodHandlingTimeAvg;PodHandlingTimeVar;PodHandlingTimeMin;PodHandlingTimeMax;PileOn;IdleTime;UpTime
InputStation0;0.50;12.50;0;0;0;0;0;0;0;0;1800;1800
OutputStation0;35.50;3.50;247;173;32;31.262355473926657;674.4888362002771;4.058333333332939;83.63944444444462;7.71875;855.1782826994661;1800
OutputStation1;35.50;9.50;249;175;31;32.31184378072595;580.0781256287825;4.173239541920566;84.52499999999972;8.03225806451613;845.743917943983;1800
OutputStation2;0.50;6.50;223;158;33;27.509069697550185;504.11230674433125;4.04444444444448;77.08666666666647;6.757575757575758;945.315735945466;1800
