Ident;X;Y;Transfers;InjectedTransfers;PodsHandled;PodHandlingTimeAvg;PodHandlingTimeVar;PodHandlingTimeMin;PodHandlingTimeMax;PileOn;IdleTime;UpTime
InputStation0;0.50;12.50;0;0;0;0;0;0;0;0;1800;1800
OutputStation0;35.50;3.50;262;191;32;32.97136613470911;495.954280254647;4.04444444444448;80.15555555555551;8.1875;794.2879015784712;1800
OutputStation1;35.50;9.50;259;196;33;32.45143097643109;435.7578078240753;8.2654617641427;81.15453823585739;7.848484848484849;810.8027783965658;1800
OutputStation2;0.50;6.50;223;158;31;29.062709350749273;351.42164306777045;4.151111111110822;73.41833333333346;7.193548387096774;939.3553829773473;1800
