Ident;X;Y;Transfers;InjectedTransfers;PodsHandled;PodHandlingTimeAvg;PodHandlingTimeVar;PodHandlingTimeMin;PodHandlingTimeMax;PileOn;IdleTime;UpTime
InputStation0;0.50;12.50;0;0;0;0;0;0;0;0;1800;1800
OutputStation0;35.50;3.50;287;214;32;37.043237510054134;419.27231365179335;4.04444444444448;72.0754617641428;8.96875;701.4459091424314;1800
OutputStation1;35.50;9.50;238;176;34;28.62647589382073;534.8803409888674;4.056132689879632;84.14398268030277;7;885.5561974261557;1800
OutputStation2;0.50;6.50;268;198;32;34.23710564843554;466.25931016529313;4.071666666666488;77.2095382358574;8.375;775.0753458271416;1800
