Ident;X;Y;Transfers;InjectedTransfers;PodsHandled;PodHandlingTimeAvg;PodHandlingTimeVar;PodHandlingTimeMin;PodHandlingTimeMax;PileOn;IdleTime;UpTime
InputStation0;0.50;12.50;0;0;0;0;0;0;0;0;1800;1800
OutputStation0;35.50;3.50;265;195;32;33.868507394002094;388.63821965321176;4.201572875253532;79.582683986365;8.28125;783.77589475658;1800
OutputStation1;35.50;9.50;214;150;34;25.982104661453235;393.90455084378874;4.366666666666561;80.84444444444512;6.294117647058823;980.4078643762746;1800
OutputStation2;0.50;6.50;254;182;32;32.56048114826304;261.64320840764935;4.103333333333012;64.85500000000036;7.9375;823.2618038990231;1800
