Ident;X;Y;Transfers;InjectedTransfers;PodsHandled;PodHandlingTimeAvg;PodHandlingTimeVar;PodHandlingTimeMin;PodHandlingTimeMax;PileOn;IdleTime;UpTime
InputStation0;0.50;12.50;0;0;0;0;0;0;0;0;1800;1800
OutputStation0;35.50;3.50;229;164;35;26.634428571428625;317.01725418345035;4.04444444444448;59.303888888888764;6.542857142857143;925.1588529242897;1800
OutputStation1;35.50;9.50;253;198;35;29.642262425840347;304.8293302048681;4.071666666666715;69.52861470757625;7.228571428571429;830.346912076287;1800
OutputStation2;0.50;6.50;244;190;29;33.43308404315605;595.3403261737972;4.04444444444448;83.58222222222298;8.413793103448276;867.1175539469031;1800
