Ident;X;Y;Transfers;InjectedTransfers;PodsHandled;PodHandlingTimeAvg;PodHandlingTimeVar;PodHandlingTimeMin;PodHandlingTimeMax;PileOn;IdleTime;UpTime
InputStation0;0.50;12.50;0;0;0;0;0;0;0;0;1800;1800
OutputStation0;35.50;3.50;221;160;31;29.0287629768007;539.7180782279584;4.04444444444448;82.76944444444439;7.129032258064516;953.2578859550233;1800
OutputStation1;35.50;9.50;242;179;35;27.991597198557592;388.36973698665855;4.375555555555593;80.84009379141298;6.914285714285715;876.8289251369155;1800
OutputStation2;0.50;6.50;247;184;32;31.763362418371045;469.7520425206288;4.112777777777637;75.97111111111121;7.71875;853.855562748463;1800
