Ident;X;Y;Transfers;InjectedTransfers;PodsHandled;PodHandlingTimeAvg;PodHandlingTimeVar;PodHandlingTimeMin;PodHandlingTimeMax;PileOn;IdleTime;UpTime
InputStation0;0.50;12.50;0;0;0;0;0;0;0;0;1800;1800
OutputStation0;35.50;3.50;255;189;32;32.25017609253534;401.4413727866955;4.337683986364937;73.41555555555563;7.96875;826.9282608372431;1800
OutputStation1;35.50;9.50;316;255;29;43.71943200376159;403.0100107343442;4.247222222222263;79.15342712474694;10.89655172413793;593.3797689762042;1800
OutputStation2;0.50;6.50;228;159;34;27.337100202093918;439.2449381548715;4.100093791412746;83.6349062085872;6.705882352941177;925.882070604007;1800
