Ident;X;Y;Transfers;InjectedTransfers;PodsHandled;PodHandlingTimeAvg;PodHandlingTimeVar;PodHandlingTimeMin;PodHandlingTimeMax;PileOn;IdleTime;UpTime
InputStation0;0.50;12.50;0;0;0;0;0;0;0;0;1800;1800
OutputStation0;35.50;3.50;235;168;33;29.27403843374572;386.7876390793015;4.04444444444448;81.29806634493764;7.121212121212121;899.6989970661427;1800
OutputStation1;35.50;9.50;231;171;33;28.91092002363061;514.5443250660481;4.04444444444448;78.6373016277903;7;914.3874964035318;1800
OutputStation2;0.50;6.50;255;181;31;33.78281082657225;361.4969121282053;4.220555555555848;84.45120490252452;8.225806451612904;820.9524820177036;1800
