Ident;X;Y;Transfers;InjectedTransfers;PodsHandled;PodHandlingTimeAvg;PodHandlingTimeVar;PodHandlingTimeMin;PodHandlingTimeMax;PileOn;IdleTime;UpTime
InputStation0;0.50;12.50;0;0;0;0;0;0;0;0;1800;1800
OutputStation0;35.50;3.50;258;183;34;31.134349163799556;316.95306418668963;4.116111111110968;68.6429653606042;7.588235294117647;810.9614503121359;1800
OutputStation1;35.50;9.50;255;189;33;31.480254931481927;301.3450997172716;4.04444444444448;67.79398268030161;7.7272727272727275;822.421976812615;1800
OutputStation2;0.50;6.50;227;172;36;25.842909450125905;365.55031812792515;4.04444444444448;79.22120490252394;6.305555555555555;928.1800071929215;1800
