Ident;X;Y;Transfers;InjectedTransfers;PodsHandled;PodHandlingTimeAvg;PodHandlingTimeVar;PodHandlingTimeMin;PodHandlingTimeMax;PileOn;IdleTime;UpTime
InputStation0;0.50;12.50;0;0;0;0;0;0;0;0;1800;1800
OutputStation0;35.50;3.50;271;209;32;34.8492127082203;427.0766220706224;4.0833333333332575;75.65111111111162;8.46875;762.861692057264;1800
OutputStation1;35.50;9.50;272;211;32;35.01384633813761;368.98201764210614;4.204999999999927;83.54398268030172;8.5;758.2766437862322;1800
OutputStation2;0.50;6.50;252;197;32;32.34167771625692;455.1138591516699;4.116111111111138;75.32711404496422;7.875;832.5360163854336;1800
