Ident;X;Y;Transfers;InjectedTransfers;PodsHandled;PodHandlingTimeAvg;PodHandlingTimeVar;PodHandlingTimeMin;PodHandlingTimeMax;PileOn;IdleTime;UpTime
InputStation0;0.50;12.50;0;0;0;0;0;0;0;0;1800;1800
OutputStation0;35.50;3.50;268;197;30;36.94057383431017;347.919117280308;8.08888888888896;76.24277777777843;8.933333333333334;769.2677418131564;1800
OutputStation1;35.50;9.50;251;194;34;30.233854004647842;521.05838924096;4.04444444444448;84.32277777777836;7.382352941176471;838.9433405262473;1800
OutputStation2;0.50;6.50;229;161;33;28.319141414141576;336.68462232727734;4.04444444444448;74.80731601363527;6.9393939393939394;920.2198483817947;1800
