Ident;X;Y;Transfers;InjectedTransfers;PodsHandled;PodHandlingTimeAvg;PodHandlingTimeVar;PodHandlingTimeMin;PodHandlingTimeMax;PileOn;IdleTime;UpTime
InputStation0;0.50;12.50;0;0;0;0;0;0;0;0;1800;1800
OutputStation0;35.50;3.50;243;177;34;29.509572827941057;278.5471366611968;4.04444444444448;74.80555555555563;7.147058823529412;867.0356565398595;1800
OutputStation1;35.50;9.50;280;218;32;35.41892654209312;521.3184361099835;4.15777777777771;81.44898268030238;8.75;725.3318110920037;1800
OutputStation2;0.50;6.50;227;162;35;26.63422201670981;330.9015194828165;4.232034639390349;82.07111111111129;6.485714285714286;929.0878862384395;1800
