Ident;X;Y;Transfers;InjectedTransfers;PodsHandled;PodHandlingTimeAvg;PodHandlingTimeVar;PodHandlingTimeMin;PodHandlingTimeMax;PileOn;IdleTime;UpTime
InputStation0;0.50;12.50;0;0;0;0;0;0;0;0;1800;1800
OutputStation0;35.50;3.50;228;159;32;28.833002573107088;480.84252648117405;4.04444444444448;74.62453823585716;7.125;925.3160463747948;1800
OutputStation1;35.50;9.50;271;198;31;35.35637667075625;356.4487806838747;8.640461764142742;84.31277777777757;8.741935483870968;758.2784774751832;1800
OutputStation2;0.50;6.50;258;188;31;33.63154983116694;313.39263236637356;4.326479083837739;70.43999999999988;8.32258064516129;809.8173306829142;1800
