Ident;X;Y;Transfers;InjectedTransfers;PodsHandled;PodHandlingTimeAvg;PodHandlingTimeVar;PodHandlingTimeMin;PodHandlingTimeMax;PileOn;IdleTime;UpTime
InputStation0;0.50;12.50;0;0;0;0;0;0;0;0;1800;1800
OutputStation0;35.50;3.50;262;197;31;33.88043336508646;574.8232403422485;4.04444444444448;77.61444444444476;8.451612903225806;796.2540261212689;1800
OutputStation1;35.50;9.50;250;175;32;32.180298519428185;351.8749307840937;4.070461764142465;85.16111111111047;7.8125;841.1803967444143;1800
OutputStation2;0.50;6.50;270;201;32;34.37346906646175;396.6773187201701;4.049906208587117;77.62611111111255;8.4375;764.2604686736352;1800
