Ident;X;Y;Transfers;InjectedTransfers;PodsHandled;PodHandlingTimeAvg;PodHandlingTimeVar;PodHandlingTimeMin;PodHandlingTimeMax;PileOn;IdleTime;UpTime
InputStation0;0.50;12.50;0;0;0;0;0;0;0;0;1800;1800
OutputStation0;35.50;3.50;268;199;32;34.2650829754585;496.98300415507185;4.04444444444448;75.63111111111198;8.375;772.8092715308608;1800
OutputStation1;35.50;9.50;265;202;33;32.88746140852404;360.60585176550205;4.208333333333371;71.98046895706534;8.030303030303031;787.6858872802551;1800
OutputStation2;0.50;6.50;224;159;35;26.493284062091483;313.14073094778234;4.254999999999882;62.83009379141288;6.4;945.3486794438817;1800
