Ident;X;Y;Transfers;InjectedTransfers;PodsHandled;PodHandlingTimeAvg;PodHandlingTimeVar;PodHandlingTimeMin;PodHandlingTimeMax;PileOn;IdleTime;UpTime
InputStation0;0.50;12.50;0;0;0;0;0;0;0;0;1800;1800
OutputStation0;35.50;3.50;248;192;34;30.022161322104694;334.3412978201202;4.166666666666629;79.7396464131175;7.294117647058823;847.7223229231436;1800
OutputStation1;35.50;9.50;215;152;36;24.55377565356364;250.4971714323708;4.1114862767626335;65.043513723238;5.972222222222222;975.8295598146244;1800
OutputStation2;0.50;6.50;245;176;31;31.90958385997163;485.1929157550937;4.155923528284575;74.67666666666673;7.903225806451613;857.3180591520263;1800
