Ident;X;Y;Transfers;InjectedTransfers;PodsHandled;PodHandlingTimeAvg;PodHandlingTimeVar;PodHandlingTimeMin;PodHandlingTimeMax;PileOn;IdleTime;UpTime
InputStation0;0.50;12.50;0;0;0;0;0;0;0;0;1800;1800
OutputStation0;35.50;3.50;231;169;36;25.99314834795168;302.8945586207548;4.079170263130663;65.16388888888946;6.416666666666667;910.4449928070778;1800
OutputStation1;35.50;9.50;259;202;34;31.298450470989383;372.06631918017035;4.044444444444451;77.2783333333332;7.617647058823529;805.7505555555549;1800
OutputStation2;0.50;6.50;204;141;37;22.394809874610885;197.72739924843162;4.04444444444448;64.0337013060605;5.513513513513513;1023.2698124171754;1800
