Ident;X;Y;Transfers;InjectedTransfers;PodsHandled;PodHandlingTimeAvg;PodHandlingTimeVar;PodHandlingTimeMin;PodHandlingTimeMax;PileOn;IdleTime;UpTime
InputStation0;0.50;12.50;0;0;0;0;0;0;0;0;1800;1800
OutputStation0;35.50;3.50;273;211;31;35.84075501761222;410.20026793664965;4.066111111110786;81.01295816768095;8.806451612903226;756.8383623884289;1800
OutputStation1;35.50;9.50;259;191;33;32.3709456031066;433.4139040102572;4.122222222222035;80.4039754873811;7.848484848484849;807.067402328705;1800
OutputStation2;0.50;6.50;257;193;31;34.21142810475689;474.1437341167783;4.113708498983897;79.87407647171494;8.290322580645162;812.3562771151736;1800
