Ident;X;Y;Transfers;InjectedTransfers;PodsHandled;PodHandlingTimeAvg;PodHandlingTimeVar;PodHandlingTimeMin;PodHandlingTimeMax;PileOn;IdleTime;UpTime
InputStation0;0.50;12.50;0;0;0;0;0;0;0;0;1800;1800
OutputStation0;35.50;3.50;267;199;30;36.63688648180085;439.0686637114386;4.258795097475968;79.90147908384098;8.9;779.334531042929;1800
OutputStation1;35.50;9.50;224;160;35;26.232236032019895;360.2738700768897;4.04444444444448;79.51037516565134;6.4;941.7169336550506;1800
OutputStation2;0.50;6.50;253;181;33;31.389851544979738;561.2882649057779;4.071666666666488;81.81953823585832;7.666666666666667;833.2376983722136;1800
