Ident;X;Y;Transfers;InjectedTransfers;PodsHandled;PodHandlingTimeAvg;PodHandlingTimeVar;PodHandlingTimeMin;PodHandlingTimeMax;PileOn;IdleTime;UpTime
InputStation0;0.50;12.50;0;0;0;0;0;0;0;0;1800;1800
OutputStation0;35.50;3.50;241;163;33;30.131907605295908;376.8510416199846;4.08055555555552;80.77388888888879;7.303030303030303;878.1858244469468;1800
OutputStation1;35.50;9.50;282;212;31;37.34080612002763;363.5873640626879;12.223333333332903;78.61564934697003;9.096774193548388;726.5969280816983;1800
OutputStation2;0.50;6.50;238;173;36;27.380542728773797;358.118459461416;4.045555555555609;71.92009379141271;6.611111111111111;891.0222985415545;1800
