Ident;X;Y;Transfers;InjectedTransfers;PodsHandled;PodHandlingTimeAvg;PodHandlingTimeVar;PodHandlingTimeMin;PodHandlingTimeMax;PileOn;IdleTime;UpTime
InputStation0;0.50;12.50;0;0;0;0;0;0;0;0;1800;1800
OutputStation0;35.50;3.50;227;163;37;25.303773838574976;404.7291969871321;4.04444444444448;79.6972222222231;6.135135135135135;930.3459669692503;1800
OutputStation1;35.50;9.50;246;187;35;28.986939187691117;269.8471104271045;4.401666666666415;66.8283333333332;7.0285714285714285;854.9463346585442;1800
OutputStation2;0.50;6.50;202;139;35;23.346457843217465;276.34123416379856;4.04444444444448;79.72268398636515;5.771428571428571;1023.4853994848385;1800
