Ident;X;Y;Transfers;InjectedTransfers;PodsHandled;PodHandlingTimeAvg;PodHandlingTimeVar;PodHandlingTimeMin;PodHandlingTimeMax;PileOn;IdleTime;UpTime
InputStation0;0.50;12.50;0;0;0;0;0;0;0;0;1800;1800
OutputStation0;35.50;3.50;240;179;35;28.28655576106754;358.4350932328373;4.170555555555666;67.22694084798366;6.857142857142857;880.8123738404286;1800
OutputStation1;35.50;9.50;241;183;35;28.31911111111111;333.2096951429736;4.04444444444448;69.72888888888974;6.885714285714286;877.7925758090967;1800
OutputStation2;0.50;6.50;225;159;35;26.237454752438868;306.9356658744472;4.232777777777642;80.46166666666727;6.428571428571429;939.7365944540111;1800
