Ident;X;Y;Transfers;InjectedTransfers;PodsHandled;PodHandlingTimeAvg;PodHandlingTimeVar;PodHandlingTimeMin;PodHandlingTimeMax;PileOn;IdleTime;UpTime
InputStation0;0.50;12.50;0;0;0;0;0;0;0;0;1800;1800
OutputStation0;35.50;3.50;225;155;36;25.60566658517062;359.73766751300695;4.04444444444448;75.66611111111098;6.25;934.721377816076;1800
OutputStation1;35.50;9.50;285;217;32;36.78925550408858;490.8780580816087;4.04444444444448;81.14009379141316;8.90625;703.9269920487154;1800
OutputStation2;0.50;6.50;232;172;32;30.137576430301728;362.54482442824406;4.04444444444448;79.5588022903977;7.25;911.8372075529362;1800
