Ident;X;Y;Transfers;InjectedTransfers;PodsHandled;PodHandlingTimeAvg;PodHandlingTimeVar;PodHandlingTimeMin;PodHandlingTimeMax;PileOn;IdleTime;UpTime
InputStation0;0.50;12.50;0;0;0;0;0;0;0;0;1800;1800
OutputStation0;35.50;3.50;256;190;30;34.71107142722185;456.4448253158459;4.04444444444448;78.00593072120739;8.533333333333333;817.5065656823233;1800
OutputStation1;35.50;9.50;283;215;31;37.667810826572136;431.79536115702786;8.625;84.72722222222274;9.129032258064516;714.5390908575628;1800
OutputStation2;0.50;6.50;217;149;34;25.573526653193692;291.4450624345442;4.04444444444448;73.10277777777785;6.382352941176471;971.5311977096102;1800
