Ident;X;Y;Transfers;InjectedTransfers;PodsHandled;PodHandlingTimeAvg;PodHandlingTimeVar;PodHandlingTimeMin;PodHandlingTimeMax;PileOn;IdleTime;UpTime
InputStation0;0.50;12.50;0;0;0;0;0;0;0;0;1800;1800
OutputStation0;35.50;3.50;215;144;37;23.939802464305018;284.7416004052133;4.044444444444423;67.50629150101418;5.8108108108108105;979.3954764334054;1800
OutputStation1;35.50;9.50;258;199;34;31.068776845261826;305.03871248915095;4.364906208586945;71.37398268030199;7.588235294117647;813.3082323490007;1800
OutputStation2;0.50;6.50;223;167;36;24.93568161766258;237.35274896583581;4.04444444444448;67.77805195909355;6.194444444444445;948.7716882454231;1800
