Ident;X;Y;Transfers;InjectedTransfers;PodsHandled;PodHandlingTimeAvg;PodHandlingTimeVar;PodHandlingTimeMin;PodHandlingTimeMax;PileOn;IdleTime;UpTime
InputStation0;0.50;12.50;0;0;0;0;0;0;0;0;1800;1800
OutputStation0;35.50;3.50;266;205;31;35.54558324023691;320.25471417235457;4.246572875253946;78.84324673484525;8.580645161290322;780.5500868819227;1800
OutputStation1;35.50;9.50;256;197;33;32.04515718230157;245.57009571054755;4.04444444444448;64.57000000000039;7.757575757575758;819.1280519590991;1800
OutputStation2;0.50;6.50;219;161;33;27.19707356641243;278.86256272648967;4.044444444444423;55.235743421813595;6.636363636363637;961.6563119460429;1800
