Ident;X;Y;Transfers;InjectedTransfers;PodsHandled;PodHandlingTimeAvg;PodHandlingTimeVar;PodHandlingTimeMin;PodHandlingTimeMax;PileOn;IdleTime;UpTime
InputStation0;0.50;12.50;0;0;0;0;0;0;0;0;1800;1800
OutputStation0;35.50;3.50;252;176;32;32.547601460463895;422.9148719426805;4.419632027271746;84.61231601363488;7.875;839.3423738404265;1800
OutputStation1;35.50;9.50;254;193;32;32.22274283077677;293.06546464579355;4.241666666666561;72.63944444444473;7.9375;828.4769914818492;1800
OutputStation2;0.50;6.50;259;205;31;34.28108411337579;643.499149848767;4.04444444444448;84.69906927879344;8.35483870967742;806.9457719100947;1800
