Ident;X;Y;Transfers;InjectedTransfers;PodsHandled;PodHandlingTimeAvg;PodHandlingTimeVar;PodHandlingTimeMin;PodHandlingTimeMax;PileOn;IdleTime;UpTime
InputStation0;0.50;12.50;0;0;0;0;0;0;0;0;1800;1800
OutputStation0;35.50;3.50;236;165;35;27.86796042021637;233.96085235657236;4.04444444444448;70.94629869393725;6.742857142857143;896.427546754031;1800
OutputStation1;35.50;9.50;278;210;34;33.754016637715615;374.39170653739563;4.095000000001846;81.04500000000075;8.176470588235293;738.7154833429058;1800
OutputStation2;0.50;6.50;232;173;33;29.05303904749003;533.6983244211217;4.04444444444448;81.41342712474622;7.03030303030303;911.2189323298364;1800
