Ident;X;Y;Transfers;InjectedTransfers;PodsHandled;PodHandlingTimeAvg;PodHandlingTimeVar;PodHandlingTimeMin;PodHandlingTimeMax;PileOn;IdleTime;UpTime
InputStation0;0.50;12.50;0;0;0;0;0;0;0;0;1800;1800
OutputStation0;35.50;3.50;236;170;36;26.759799382716132;244.23859310126417;4.329999999999927;80.04500000000007;6.555555555555555;904.5516016469622;1800
OutputStation1;35.50;9.50;238;167;35;28.074285919797997;307.0500567152086;4.16944444444448;80.29833333333465;6.8;890.1253029530078;1800
OutputStation2;0.50;6.50;280;210;31;37.34311548607044;386.1714044049411;4.1594444444442615;79.32777777777767;9.03225806451613;728.4520346394327;1800
