Ident;X;Y;Transfers;InjectedTransfers;PodsHandled;PodHandlingTimeAvg;PodHandlingTimeVar;PodHandlingTimeMin;PodHandlingTimeMax;PileOn;IdleTime;UpTime
InputStation0;0.50;12.50;0;0;0;0;0;0;0;0;1800;1800
OutputStation0;35.50;3.50;258;192;33;31.42967838235305;237.32307777852378;8.138520916158768;62.842510789386324;7.818181818181818;818.1590258378611;1800
OutputStation1;35.50;9.50;259;203;33;32.35688049145968;305.1339300958422;4.07722222222219;76.31407647171523;7.848484848484849;807.5537732353018;1800
OutputStation2;0.50;6.50;235;170;33;29.262487205967904;502.9369116336542;4.04444444444448;84.94287156919063;7.121212121212121;902.0769693362843;1800
