Ident;X;Y;Transfers;InjectedTransfers;PodsHandled;PodHandlingTimeAvg;PodHandlingTimeVar;PodHandlingTimeMin;PodHandlingTimeMax;PileOn;IdleTime;UpTime
InputStation0;0.50;12.50;0;0;0;0;0;0;0;0;1800;1800
OutputStation0;35.50;3.50;243;168;30;33.04097522872101;495.8210122306585;4.04444444444448;78.46620490252371;8.1;868.8101875828368;1800
OutputStation1;35.50;9.50;261;192;32;32.46138911366757;407.38951331353746;4.053888888889105;81.60888888888917;8.15625;803.834812417173;1800
OutputStation2;0.50;6.50;289;218;30;39.145863877845535;666.1986983595449;4.04444444444448;80.88888888888891;9.633333333333333;692.4170780803545;1800
