Ident;X;Y;Transfers;InjectedTransfers;PodsHandled;PodHandlingTimeAvg;PodHandlingTimeVar;PodHandlingTimeMin;PodHandlingTimeMax;PileOn;IdleTime;UpTime
InputStation0;0.50;12.50;0;0;0;0;0;0;0;0;1800;1800
OutputStation0;35.50;3.50;258;196;32;32.33615192007562;479.3537996433523;4.04444444444448;81.1277777777778;8.0625;812.4737372706777;1800
OutputStation1;35.50;9.50;289;225;29;41.161886105068525;483.2479022885982;4.3277777777775555;78.8801803899039;9.96551724137931;694.6984777585992;1800
OutputStation2;0.50;6.50;238;169;32;30.702380728867386;273.9458470700848;4.04444444444448;59.43944444444469;7.4375;886.071522524796;1800
