Ident;X;Y;Transfers;InjectedTransfers;PodsHandled;PodHandlingTimeAvg;PodHandlingTimeVar;PodHandlingTimeMin;PodHandlingTimeMax;PileOn;IdleTime;UpTime
InputStation0;0.50;12.50;0;0;0;0;0;0;0;0;1800;1800
OutputStation0;35.50;3.50;234;159;35;27.274770560562285;397.1653280884985;4.04444444444448;84.1101875828258;6.685714285714286;904.0993578459634;1800
OutputStation1;35.50;9.50;263;197;32;33.68545747563113;319.09640678179755;4.1020346393966065;72.5105555555553;8.21875;797.8284055459823;1800
OutputStation2;0.50;6.50;289;217;31;38.00605618752166;289.1139338720332;8.388888888889028;77.99231601363567;9.32258064516129;693.4404617641526;1800
