Ident;X;Y;Transfers;InjectedTransfers;PodsHandled;PodHandlingTimeAvg;PodHandlingTimeVar;PodHandlingTimeMin;PodHandlingTimeMax;PileOn;IdleTime;UpTime
InputStation0;0.50;12.50;0;0;0;0;0;0;0;0;1800;1800
OutputStation0;35.50;3.50;245;184;31;31.680723128966957;404.3814723857821;4.04444444444448;81.18111111111159;7.903225806451613;865.2273330260812;1800
OutputStation1;35.50;9.50;254;199;34;30.81030260491653;288.86754682952636;4.052777777777237;72.79898268030252;7.470588235294118;823.8117964226864;1800
OutputStation2;0.50;6.50;228;172;33;28.361117449341428;334.408396541515;4.04444444444448;66.67453823585754;6.909090909090909;925.0838166762421;1800
