Ident;X;Y;Transfers;InjectedTransfers;PodsHandled;PodHandlingTimeAvg;PodHandlingTimeVar;PodHandlingTimeMin;PodHandlingTimeMax;PileOn;IdleTime;UpTime
InputStation0;0.50;12.50;0;0;0;0;0;0;0;0;1800;1800
OutputStation0;35.50;3.50;217;150;36;24.691273447853412;312.90080868050563;4.04444444444448;67.81342712474657;6.027777777777778;968.3401731969839;1800
OutputStation1;35.50;9.50;284;213;29;40.24257973852342;469.1547635117333;4.24666666666667;82.75860751465075;9.793103448275861;713.3344588302944;1800
OutputStation2;0.50;6.50;214;149;36;24.473366603044767;211.49129318247853;4.04444444444448;70.97333333333336;5.944444444444445;980.7881457504892;1800
