Ident;X;Y;Transfers;InjectedTransfers;PodsHandled;PodHandlingTimeAvg;PodHandlingTimeVar;PodHandlingTimeMin;PodHandlingTimeMax;PileOn;IdleTime;UpTime
InputStation0;0.50;12.50;0;0;0;0;0;0;0;0;1800;1800
OutputStation0;35.50;3.50;252;187;33;31.285300188139054;405.8632185993438;4.044444444444444;79.48231601363682;7.636363636363637;836.092424190891;1800
OutputStation1;35.50;9.50;259;196;33;31.500527787817674;384.5734482231827;4.116111111110968;72.47453823585738;7.848484848484849;805.6965075721542;1800
OutputStation2;0.50;6.50;226;160;36;25.346270243126096;329.8102377458794;4.04444444444448;71.42055555555635;6.277777777777778;934.900461764156;1800
