Ident;X;Y;Transfers;InjectedTransfers;PodsHandled;PodHandlingTimeAvg;PodHandlingTimeVar;PodHandlingTimeMin;PodHandlingTimeMax;PileOn;IdleTime;UpTime
InputStation0;0.50;12.50;0;0;0;0;0;0;0;0;1800;1800
OutputStation0;35.50;3.50;246;180;33;29.720690453657564;433.3725110393782;4.044444444444444;79.98453823585709;7.454545454545454;859.6701519016026;1800
OutputStation1;35.50;9.50;240;177;35;28.099000411024424;485.797852977315;4.133239541920489;79.54500000000075;6.857142857142857;886.0295885863381;1800
OutputStation2;0.50;6.50;223;157;35;25.53464316541124;255.7399445774638;4.076666666666597;71.29564934696964;6.371428571428571;948.1218110919275;1800
