Ident;X;Y;Transfers;InjectedTransfers;PodsHandled;PodHandlingTimeAvg;PodHandlingTimeVar;PodHandlingTimeMin;PodHandlingTimeMax;PileOn;IdleTime;UpTime
InputStation0;0.50;12.50;0;0;0;0;0;0;0;0;1800;1800
OutputStation0;35.50;3.50;269;210;31;35.8370192705768;646.3804495228678;4.04444444444448;84.75398268030176;8.67741935483871;770.5310245126393;1800
OutputStation1;35.50;9.50;254;195;33;31.547331540848095;269.65357495458755;4.253982680301988;60.75064934696911;7.696969696969697;829.848593128789;1800
OutputStation2;0.50;6.50;281;219;30;38.73040115464646;356.0435380573885;4.160923528284911;75.5578715691911;9.366666666666667;722.1374748247538;1800
