Ident;X;Y;Transfers;InjectedTransfers;PodsHandled;PodHandlingTimeAvg;PodHandlingTimeVar;PodHandlingTimeMin;PodHandlingTimeMax;PileOn;IdleTime;UpTime
InputStation0;0.50;12.50;0;0;0;0;0;0;0;0;1800;1800
OutputStation0;35.50;3.50;261;184;34;31.650452210754384;404.9326983447529;4.373239541920384;78.9527777777779;7.676470588235294;802.4263421348928;1800
OutputStation1;35.50;9.50;250;177;35;29.221889710937162;513.8017690028736;4.047691179287085;80.26833333333343;7.142857142857143;841.8688094833237;1800
OutputStation2;0.50;6.50;261;205;32;33.62327764468178;498.33756613554857;4.04444444444448;76.17555555555487;8.15625;796.5149352636888;1800
