Ident;X;Y;Transfers;InjectedTransfers;PodsHandled;PodHandlingTimeAvg;PodHandlingTimeVar;PodHandlingTimeMin;PodHandlingTimeMax;PileOn;IdleTime;UpTime
InputStation0;0.50;12.50;0;0;0;0;0;0;0;0;1800;1800
OutputStation0;35.50;3.50;235;163;33;29.219009358203365;550.5267179717184;4.04444444444448;83.30389608181122;7.121212121212121;895.6930159944748;1800
OutputStation1;35.50;9.50;238;167;33;29.18351502245239;457.48233011162705;4.04444444444448;83.1831457505076;7.212121212121212;885.2330519591034;1800
OutputStation2;0.50;6.50;261;198;31;34.06167597528486;474.08109208970995;4.068982680301588;82.16111111111104;8.419354838709678;799.960346110549;1800
