Ident;X;Y;Transfers;InjectedTransfers;PodsHandled;PodHandlingTimeAvg;PodHandlingTimeVar;PodHandlingTimeMin;PodHandlingTimeMax;PileOn;IdleTime;UpTime
InputStation0;0.50;12.50;0;0;0;0;0;0;0;0;1800;1800
OutputStation0;35.50;3.50;276;213;32;34.656746919958465;319.91076593505375;4.04444444444448;69.06666666666797;8.625;744.7514986023018;1800
OutputStation1;35.50;9.50;239;184;33;29.33921749866812;346.1341461915025;4.2150000000001455;71.05213562373092;7.242424242424242;883.9804838537917;1800
OutputStation2;0.50;6.50;201;145;35;23.458834676459553;279.2428286487631;4.112777777777865;66.21185424949226;5.742857142857143;1030.4146395035955;1800
