Ident;X;Y;Transfers;InjectedTransfers;PodsHandled;PodHandlingTimeAvg;PodHandlingTimeVar;PodHandlingTimeMin;PodHandlingTimeMax;PileOn;IdleTime;UpTime
InputStation0;0.50;12.50;0;0;0;0;0;0;0;0;1800;1800
OutputStation0;35.50;3.50;252;186;34;29.240131715496524;340.1477338145509;4.231111111110749;71.16287156919111;7.411764705882353;835.9558294814409;1800
OutputStation1;35.50;9.50;249;193;35;28.50842031935449;281.06262112707043;4.04444444444448;76.46398268030168;7.114285714285714;847.6234854344166;1800
OutputStation2;0.50;6.50;235;171;33;29.272123836317895;256.9541703096407;4.04444444444448;63.01722222222228;7.121212121212121;900.4062398066926;1800
