Ident;X;Y;Transfers;InjectedTransfers;PodsHandled;PodHandlingTimeAvg;PodHandlingTimeVar;PodHandlingTimeMin;PodHandlingTimeMax;PileOn;IdleTime;UpTime
InputStation0;0.50;12.50;0;0;0;0;0;0;0;0;1800;1800
OutputStation0;35.50;3.50;231;162;34;27.24278286347099;342.14465221613364;4.072784970699331;72.6666666666672;6.794117647058823;914.446370623177;1800
OutputStation1;35.50;9.50;271;211;32;35.044145475458514;354.43093819847263;4.408333333333303;77.01296536060352;8.46875;763.4945094641271;1800
OutputStation2;0.50;6.50;247;179;32;31.91177038377563;294.83228782811864;4.04444444444448;74.57240980505071;7.71875;853.8831025929754;1800
