Ident;X;Y;Transfers;InjectedTransfers;PodsHandled;PodHandlingTimeAvg;PodHandlingTimeVar;PodHandlingTimeMin;PodHandlingTimeMax;PileOn;IdleTime;UpTime
InputStation0;0.50;12.50;0;0;0;0;0;0;0;0;1800;1800
OutputStation0;39.50;3.50;190;140;35;27.722393323594062;458.81618290351935;5.049718625761443;104.67323954192045;5.428571428571429;886.6192206135847;1800
OutputStation1;39.50;9.50;261;194;34;39.422016810295474;263.35176496228803;10.08888888888896;88.77777777777828;7.676470588235294;549.884242475767;1800
OutputStation2;0.50;6.50;205;151;36;29.012444281452726;567.1228461555418;5.04444444444448;103.80722222222225;5.694444444444445;819.5370847064037;1800
