Ident;X;Y;Transfers;InjectedTransfers;PodsHandled;PodHandlingTimeAvg;PodHandlingTimeVar;PodHandlingTimeMin;PodHandlingTimeMax;PileOn;IdleTime;UpTime
InputStation0;0.50;12.50;0;0;0;0;0;0;0;0;1800;1800
OutputStation0;35.50;3.50;231;166;33;28.43879028501724;379.1330788883125;4.044444444444444;81.77777777777817;7;914.0974095681347;1800
OutputStation1;35.50;9.50;255;196;33;31.875784042871125;427.4712344199273;4.04444444444448;79.41953823585703;7.7272727272727275;820.3423519782448;1800
OutputStation2;0.50;6.50;211;158;34;25.6527105212599;460.9183734449097;4.051854249492635;85.69954542877952;6.205882352941177;993.5962750337918;1800
