Ident;X;Y;Transfers;InjectedTransfers;PodsHandled;PodHandlingTimeAvg;PodHandlingTimeVar;PodHandlingTimeMin;PodHandlingTimeMax;PileOn;IdleTime;UpTime
InputStation0;0.50;12.50;0;0;0;0;0;0;0;0;1800;1800
OutputStation0;35.50;3.50;232;162;33;28.132525470492702;333.05256258298124;4.162777777777592;73.15767679344276;7.03030303030303;907.8690692788033;1800
OutputStation1;35.50;9.50;286;224;31;36.97460922435638;528.646944739696;4.04444444444448;78.00545457122064;9.225806451612904;704.8218758282478;1800
OutputStation2;0.50;6.50;235;166;34;28.448175663339022;399.9978742305549;4.04444444444448;74.20453823585717;6.911764705882353;901.3921428166564;1800
