Ident;X;Y;Transfers;InjectedTransfers;PodsHandled;PodHandlingTimeAvg;PodHandlingTimeVar;PodHandlingTimeMin;PodHandlingTimeMax;PileOn;IdleTime;UpTime
InputStation0;0.50;12.50;0;0;0;0;0;0;0;0;1800;1800
OutputStation0;35.50;3.50;218;156;34;26.10859477124186;258.5479664539182;4.04444444444448;77.38768398636398;6.411764705882353;966.3198461780809;1800
OutputStation1;35.50;9.50;210;150;36;23.197587581761912;192.4340073918941;4.04444444444448;52.99000000000001;5.833333333333333;996.5398196100974;1800
OutputStation2;0.50;6.50;230;165;32;29.13913465064726;366.0156019032062;4.187965360603243;70.55055555555563;7.1875;917.1824241908757;1800
