Ident;X;Y;Transfers;InjectedTransfers;PodsHandled;PodHandlingTimeAvg;PodHandlingTimeVar;PodHandlingTimeMin;PodHandlingTimeMax;PileOn;IdleTime;UpTime
InputStation0;0.50;12.50;0;0;0;0;0;0;0;0;1800;1800
OutputStation0;35.50;3.50;252;188;32;32.41629329038828;409.5800366598426;4.04444444444448;79.8543506530316;7.875;834.8965944540159;1800
OutputStation1;35.50;9.50;240;166;34;29.199357439512717;349.01151207261194;4.04444444444448;70.21499999999995;7.0588235294117645;886.0129437818413;1800
OutputStation2;0.50;6.50;273;208;31;36.283973139654194;527.5525072267035;4.04444444444448;80.4016666666671;8.806451612903226;753.5396392201974;1800
