Ident;X;Y;Transfers;InjectedTransfers;PodsHandled;PodHandlingTimeAvg;PodHandlingTimeVar;PodHandlingTimeMin;PodHandlingTimeMax;PileOn;IdleTime;UpTime
InputStation0;0.50;12.50;0;0;0;0;0;0;0;0;1800;1800
OutputStation0;35.50;3.50;295;233;31;38.851577524991384;377.908074557474;4.04444444444448;74.23231601363545;9.516129032258064;668.3251947757474;1800
OutputStation1;35.50;9.50;234;172;37;25.61303556793637;258.81702992171165;4.0554617641428194;57.364249668698335;6.324324324324325;907.2719339384658;1800
OutputStation2;0.50;6.50;238;187;33;29.546851633884494;412.9609290348466;4.07722222222219;73.20611111111248;7.212121212121212;887.6309597763395;1800
