Ident;X;Y;Transfers;InjectedTransfers;PodsHandled;PodHandlingTimeAvg;PodHandlingTimeVar;PodHandlingTimeMin;PodHandlingTimeMax;PileOn;IdleTime;UpTime
InputStation0;0.50;12.50;0;0;0;0;0;0;0;0;1800;1800
OutputStation0;35.50;3.50;315;222;27;47.742232377086;576.4422644796128;12.667316013636537;85.93064934696847;11.666666666666666;591.4683908767271;1800
OutputStation1;35.50;9.50;282;199;30;38.70686075146479;634.3842571028462;4.04444444444448;86.87777777777784;9.4;716.0115150484899;1800
OutputStation2;0.50;6.50;271;198;30;36.962830446717;905.2458960981074;4.04444444444448;84.77333333333348;9.033333333333333;760.1819624267521;1800
