Ident;X;Y;Transfers;InjectedTransfers;PodsHandled;PodHandlingTimeAvg;PodHandlingTimeVar;PodHandlingTimeMin;PodHandlingTimeMax;PileOn;IdleTime;UpTime
InputStation0;0.50;12.50;0;0;0;0;0;0;0;0;1800;1800
OutputStation0;35.50;3.50;263;195;33;32.84766342872592;462.9811156130857;8.08888888888896;81.73944444444443;7.96969696969697;795.8402379332775;1800
OutputStation1;35.50;9.50;262;198;34;31.63581848269574;349.26169360315623;4.044444444444444;72.89222222222222;7.705882352941177;797.2536149909944;1800
OutputStation2;0.50;6.50;240;172;35;28.299960420216294;516.3255579531573;4.286204902523991;84.4578715691905;6.857142857142857;880.8879725535124;1800
