Ident;X;Y;Transfers;InjectedTransfers;PodsHandled;PodHandlingTimeAvg;PodHandlingTimeVar;PodHandlingTimeMin;PodHandlingTimeMax;PileOn;IdleTime;UpTime
InputStation0;0.50;12.50;0;0;0;0;0;0;0;0;1800;1800
OutputStation0;35.50;3.50;254;189;32;32.261713112815755;489.2239112323801;8.083333333333314;84.98795816768245;7.9375;829.657027446456;1800
OutputStation1;35.50;9.50;243;169;35;28.3674522781962;181.76937800080486;4.044444444444444;54.85222222222228;6.942857142857143;867.9000794055662;1800
OutputStation2;0.50;6.50;241;180;34;29.013028181402472;316.0156221096389;4.122222222222149;75.35639248535131;7.088235294117647;876.4193650388822;1800
