Ident;X;Y;Transfers;InjectedTransfers;PodsHandled;PodHandlingTimeAvg;PodHandlingTimeVar;PodHandlingTimeMin;PodHandlingTimeMax;PileOn;IdleTime;UpTime
InputStation0;0.50;12.50;0;0;0;0;0;0;0;0;1800;1800
OutputStation0;35.50;3.50;276;198;31;36.7181718109811;580.2498822814584;8.08888888888896;86.11453823585816;8.903225806451612;738.5340405071148;1800
OutputStation1;35.50;9.50;238;163;32;30.555876623721723;558.501532419639;4.118333333333339;80.84342712474609;7.4375;886.6090836646492;1800
OutputStation2;0.50;6.50;241;171;33;29.92370129747454;498.135785665686;4.08888888888896;79.18944444444435;7.303030303030303;873.140497728759;1800
