Ident;X;Y;Transfers;InjectedTransfers;PodsHandled;PodHandlingTimeAvg;PodHandlingTimeVar;PodHandlingTimeMin;PodHandlingTimeMax;PileOn;IdleTime;UpTime
InputStation0;0.50;12.50;0;0;0;0;0;0;0;0;1800;1800
OutputStation0;35.50;3.50;253;192;30;34.577737374596374;449.84047510436164;4.04444444444448;74.0266666666671;8.433333333333334;829.5179581676812;1800
OutputStation1;35.50;9.50;257;185;34;31.068022875816776;354.2893363148903;4.04444444444448;71.7803751656503;7.5588235294117645;817.6823214079287;1800
OutputStation2;0.50;6.50;221;159;33;26.830095979674894;230.11451778972145;4.196854249492333;62.89500000000021;6.696969696969697;958.4828643762727;1800
