Ident;X;Y;Transfers;InjectedTransfers;PodsHandled;PodHandlingTimeAvg;PodHandlingTimeVar;PodHandlingTimeMin;PodHandlingTimeMax;PileOn;IdleTime;UpTime
InputStation0;0.50;12.50;0;0;0;0;0;0;0;0;1800;1800
OutputStation0;35.50;3.50;270;206;31;35.224510542032874;456.3334875468197;4.169076471714675;79.07463202727016;8.709677419354838;769.1217679343993;1800
OutputStation1;35.50;9.50;274;202;32;35.49329703765952;391.92860710569835;4.04444444444448;79.67266240759898;8.5625;752.3225179823019;1800
OutputStation2;0.50;6.50;211;149;35;24.741397236421015;292.1607249200408;4.118239541920275;80.78166666666687;6.0285714285714285;994.5462624458851;1800
