Ident;X;Y;Transfers;InjectedTransfers;PodsHandled;PodHandlingTimeAvg;PodHandlingTimeVar;PodHandlingTimeMin;PodHandlingTimeMax;PileOn;IdleTime;UpTime
InputStation0;0.50;12.50;0;0;0;0;0;0;0;0;1800;1800
OutputStation0;35.50;3.50;239;175;35;28.130724799220957;419.39951657468714;4.04444444444448;78.65842712474569;6.828571428571428;886.3143722318092;1800
OutputStation1;35.50;9.50;257;197;34;31.22622039616717;286.2214870435321;4.04444444444448;56.51463202726973;7.5588235294117645;817.5159522999797;1800
OutputStation2;0.50;6.50;242;177;34;28.70382904655376;378.0746587639011;4.04444444444448;68.86777777777785;7.117647058823529;875.2868470565786;1800
