Ident;X;Y;Transfers;InjectedTransfers;PodsHandled;PodHandlingTimeAvg;PodHandlingTimeVar;PodHandlingTimeMin;PodHandlingTimeMax;PileOn;IdleTime;UpTime
InputStation0;0.50;12.50;0;0;0;0;0;0;0;0;1800;1800
OutputStation0;35.50;3.50;242;175;32;31.127061076594373;428.67434096468475;8.070555555555302;84.40435065303382;7.5625;872.7546864084279;1800
OutputStation1;35.50;9.50;263;191;31;33.49992854744263;570.2370291906113;4.126111111111186;77.46029753518576;8.483870967741936;792.9969258452277;1800
OutputStation2;0.50;6.50;255;196;31;33.71916026756295;549.4351791738767;4.073239541920202;83.06564934696871;8.225806451612904;822.1805817699131;1800
