Ident;X;Y;Transfers;InjectedTransfers;PodsHandled;PodHandlingTimeAvg;PodHandlingTimeVar;PodHandlingTimeMin;PodHandlingTimeMax;PileOn;IdleTime;UpTime
InputStation0;0.50;12.50;0;0;0;0;0;0;0;0;1800;1800
OutputStation0;35.50;3.50;292;220;30;39.49643506530312;369.732619531095;8.464444444444439;83.49277777777797;9.733333333333333;679.528686636788;1800
OutputStation1;35.50;9.50;274;215;32;35.29262783929885;484.67955513612714;4.04444444444448;79.22898268030161;8.5625;750.8419986747878;1800
OutputStation2;0.50;6.50;244;179;33;30.182522628328613;404.2438863078036;4.04444444444448;69.99842712474651;7.393939393939394;864.244357845957;1800
