Ident;X;Y;Transfers;InjectedTransfers;PodsHandled;PodHandlingTimeAvg;PodHandlingTimeVar;PodHandlingTimeMin;PodHandlingTimeMax;PileOn;IdleTime;UpTime
InputStation0;0.50;12.50;0;0;0;0;0;0;0;0;1800;1800
OutputStation0;35.50;3.50;216;147;34;25.840508659849064;270.8236605710492;4.093888888888841;64.48888888888928;6.352941176470588;968.4281025929697;1800
OutputStation1;35.50;9.50;253;180;35;29.265614304645904;221.2001200850426;4.256111111111295;58.04722222222222;7.228571428571429;829.1972728560932;1800
OutputStation2;0.50;6.50;249;182;32;31.74140647477884;381.4125476469237;4.336111111111222;74.99879509747609;7.78125;844.5702454096242;1800
