Ident;X;Y;Transfers;InjectedTransfers;PodsHandled;PodHandlingTimeAvg;PodHandlingTimeVar;PodHandlingTimeMin;PodHandlingTimeMax;PileOn;IdleTime;UpTime
InputStation0;0.50;12.50;0;0;0;0;0;0;0;0;1800;1800
OutputStation0;35.50;3.50;244;177;33;29.371927282476637;296.6138799059605;4.044444444444423;73.63823954192083;7.393939393939394;867.0112989773361;1800
OutputStation1;35.50;9.50;242;179;33;30.405241156596492;215.37235585320872;8.205000000000041;69.14407647171481;7.333333333333333;870.8777780611695;1800
OutputStation2;0.50;6.50;234;178;32;28.476776470517763;315.5817768784914;4.302128430809489;79.6430447661678;7.3125;908.0600578268072;1800
