Ident;X;Y;Transfers;InjectedTransfers;PodsHandled;PodHandlingTimeAvg;PodHandlingTimeVar;PodHandlingTimeMin;PodHandlingTimeMax;PileOn;IdleTime;UpTime
InputStation0;0.50;12.50;0;0;0;0;0;0;0;0;1800;1800
OutputStation0;35.50;3.50;200;138;37;22.240528254831922;267.1655341685119;4.044444444444423;75.10251078938404;5.405405405405405;1032.426334658536;1800
OutputStation1;35.50;9.50;238;174;34;28.013547232529774;287.86486309080584;4.04444444444448;72.87111111111119;7;887.9515800681887;1800
OutputStation2;0.50;6.50;235;181;34;28.350445627493926;438.9042922228943;4.04444444444448;72.94277777777802;6.911764705882353;901.896542686474;1800
