Ident;X;Y;Transfers;InjectedTransfers;PodsHandled;PodHandlingTimeAvg;PodHandlingTimeVar;PodHandlingTimeMin;PodHandlingTimeMax;PileOn;IdleTime;UpTime
InputStation0;0.50;12.50;0;0;0;0;0;0;0;0;1800;1800
OutputStation0;35.50;3.50;245;171;33;30.234725173370123;358.43372966397874;4.04444444444448;80.36823954191959;7.424242424242424;862.4616594737436;1800
OutputStation1;35.50;9.50;250;184;32;32.24416080470322;501.9329435672401;4.07722222222219;74.6016666666668;7.8125;841.242583002024;1800
OutputStation2;0.50;6.50;257;182;30;34.37471308284523;567.7257459977858;4.180555555555657;83.42074313838145;8.566666666666666;814.9541414914308;1800
