Ident;X;Y;Transfers;InjectedTransfers;PodsHandled;PodHandlingTimeAvg;PodHandlingTimeVar;PodHandlingTimeMin;PodHandlingTimeMax;PileOn;IdleTime;UpTime
InputStation0;0.50;12.50;0;0;0;0;0;0;0;0;1800;1800
OutputStation0;35.50;3.50;267;191;29;37.936565653012;427.54913042244067;8.08888888888896;79.02176045808073;9.206896551724139;776.5721707381115;1800
OutputStation1;35.50;9.50;274;192;31;36.03165875022718;465.9502024209569;12.168888888888432;82.70611111111094;8.838709677419354;752.5098342793278;1800
OutputStation2;0.50;6.50;257;192;31;33.392650232338745;569.4101344124006;4.04444444444448;79.69490620858653;8.290322580645162;814.6567889463591;1800
