Ident;X;Y;Transfers;InjectedTransfers;PodsHandled;PodHandlingTimeAvg;PodHandlingTimeVar;PodHandlingTimeMin;PodHandlingTimeMax;PileOn;IdleTime;UpTime
InputStation0;0.50;12.50;0;0;0;0;0;0;0;0;1800;1800
OutputStation0;35.50;3.50;220;155;32;27.904319985685117;380.99452317722586;4.04444444444448;77.7173160136349;6.875;957.0661039181718;1800
OutputStation1;35.50;9.50;239;184;34;28.69867371201705;321.268973930429;4.04444444444448;63.91666666666674;7.029411764705882;883.1155699413953;1800
OutputStation2;0.50;6.50;231;167;33;28.97957934254621;462.2820296467663;4.04444444444448;76.58333333333343;7;915.9064788004193;1800
