Ident;X;Y;Transfers;InjectedTransfers;PodsHandled;PodHandlingTimeAvg;PodHandlingTimeVar;PodHandlingTimeMin;PodHandlingTimeMax;PileOn;IdleTime;UpTime
InputStation0;0.50;12.50;0;0;0;0;0;0;0;0;1800;1800
OutputStation0;35.50;3.50;229;170;33;28.287250207927773;400.6456315290535;4.206666666666024;75.29277777777784;6.9393939393939394;921.2028715692013;1800
OutputStation1;35.50;9.50;285;217;32;36.55139745705508;373.2425007079522;4.04444444444448;76.54722222222313;8.90625;707.9244225822621;1800
OutputStation2;0.50;6.50;241;174;35;28.05836528487724;348.89019638816353;4.04444444444448;73.09296536060515;6.885714285714286;876.0779869393878;1800
