Ident;X;Y;Transfers;InjectedTransfers;PodsHandled;PodHandlingTimeAvg;PodHandlingTimeVar;PodHandlingTimeMin;PodHandlingTimeMax;PileOn;IdleTime;UpTime
InputStation0;0.50;12.50;0;0;0;0;0;0;0;0;1800;1800
OutputStation0;35.50;3.50;251;182;32;32.02694128868392;366.1858551503867;4.129444444444516;78.31268398636507;7.84375;837.8572581868129;1800
OutputStation1;35.50;9.50;247;189;35;29.132872810360865;318.5733779496468;4.04444444444448;61.1760173196983;7.057142857142857;857.9351444252892;1800
OutputStation2;0.50;6.50;245;184;31;32.2880407759528;407.9723490500332;4.383333333333439;78.11509379141376;7.903225806451613;861.6424169979775;1800
