Ident;X;Y;Transfers;InjectedTransfers;PodsHandled;PodHandlingTimeAvg;PodHandlingTimeVar;PodHandlingTimeMin;PodHandlingTimeMax;PileOn;IdleTime;UpTime
InputStation0;0.50;12.50;0;0;0;0;0;0;0;0;1800;1800
OutputStation0;35.50;3.50;252;188;32;32.651444127982806;285.5559573427183;4.04444444444448;72.51620490252435;7.875;832.5380300968944;1800
OutputStation1;35.50;9.50;264;197;31;34.996744634343294;286.27660609215303;4.154999999999859;67.21203463939634;8.516129032258064;786.2370562181497;1800
OutputStation2;0.50;6.50;252;189;33;31.094531461692732;413.2485908064461;4.04444444444448;72.90944444444472;7.636363636363637;834.5366019303555;1800
