Ident;X;Y;Transfers;InjectedTransfers;PodsHandled;PodHandlingTimeAvg;PodHandlingTimeVar;PodHandlingTimeMin;PodHandlingTimeMax;PileOn;IdleTime;UpTime
InputStation0;0.50;12.50;0;0;0;0;0;0;0;0;1800;1800
OutputStation0;35.50;3.50;266;189;29;37.35685447114836;423.0867681470838;8.465724631910234;75.35666666666675;9.172413793103448;778.7824984638492;1800
OutputStation1;35.50;9.50;260;199;32;33.4648965076699;478.64000242797727;4.04444444444448;80.42261177371915;8.125;803.9510838328732;1800
OutputStation2;0.50;6.50;243;178;32;30.944795601629725;285.64155725050585;4.326017319698167;74.49120490252358;7.59375;869.0573368274904;1800
