Ident;X;Y;Transfers;InjectedTransfers;PodsHandled;PodHandlingTimeAvg;PodHandlingTimeVar;PodHandlingTimeMin;PodHandlingTimeMax;PileOn;IdleTime;UpTime
InputStation0;0.50;12.50;0;0;0;0;0;0;0;0;1800;1800
OutputStation0;35.50;3.50;174;145;15;115.77716690643075;2454.8170404559937;52.96120490252389;194.16296536060372;11.6;101.19350653030659;1800
OutputStation1;35.50;9.50;172;138;20;87.54310209161564;2789.907485496863;12.252222222222258;196.2883333333334;8.6;122.13574313836487;1800
OutputStation2;0.50;6.50;174;144;15;114.61185233138004;1777.5191592166807;41.851948040905654;192.60240980504793;11.6;97.27953104292821;1800
