Ident;X;Y;Transfers;InjectedTransfers;PodsHandled;PodHandlingTimeAvg;PodHandlingTimeVar;PodHandlingTimeMin;PodHandlingTimeMax;PileOn;IdleTime;UpTime
InputStation0;0.50;12.50;0;0;0;0;0;0;0;0;1800;1800
OutputStation0;35.50;3.50;286;211;29;40.608333829397225;485.95885532738305;12.240649346968326;82.01352091616013;9.862068965517242;700.6223735570215;1800
OutputStation1;35.50;9.50;238;175;33;29.510813983103674;292.7133238019892;4.132857183342139;69.92999999999998;7.212121212121212;888.6517457888438;1800
OutputStation2;0.50;6.50;235;173;36;25.931176044233588;245.69640207478287;4.04444444444448;71.38564934696853;6.527777777777778;898.3033980696025;1800
