Ident;X;Y;Transfers;InjectedTransfers;PodsHandled;PodHandlingTimeAvg;PodHandlingTimeVar;PodHandlingTimeMin;PodHandlingTimeMax;PileOn;IdleTime;UpTime
InputStation0;0.50;12.50;0;0;0;0;0;0;0;0;1800;1800
OutputStation0;35.50;3.50;211;142;35;24.853574108325954;359.6381259684385;4.152222222222008;85.24055555555572;6.0285714285714285;992.2476767934251;1800
OutputStation1;35.50;9.50;245;188;33;30.316552099647893;462.2439326493458;4.04444444444448;73.89166666666642;7.424242424242424;859.5854114136955;1800
OutputStation2;0.50;6.50;235;173;35;27.416894248398286;370.32034986629793;4.235281374238866;84.69888888888863;6.714285714285714;903.6690477000188;1800
