Ident;X;Y;Transfers;InjectedTransfers;PodsHandled;PodHandlingTimeAvg;PodHandlingTimeVar;PodHandlingTimeMin;PodHandlingTimeMax;PileOn;IdleTime;UpTime
InputStation0;0.50;12.50;0;0;0;0;0;0;0;0;1800;1800
OutputStation0;35.50;3.50;258;188;33;31.977488958295066;443.3295509850349;4.04444444444448;76.72814575050745;7.818181818181818;812.2532292029069;1800
OutputStation1;35.50;9.50;270;199;32;33.99212369274016;620.6616613841783;4.117683986365364;82.04554836263412;8.4375;762.0117026312822;1800
OutputStation2;0.50;6.50;253;186;31;33.65870595580039;556.0949926961919;8.106666666667024;83.72046895707058;8.161290322580646;833.7125611398769;1800
