Ident;X;Y;Transfers;InjectedTransfers;PodsHandled;PodHandlingTimeAvg;PodHandlingTimeVar;PodHandlingTimeMin;PodHandlingTimeMax;PileOn;IdleTime;UpTime
InputStation0;0.50;12.50;0;0;0;0;0;0;0;0;1800;1800
OutputStation0;35.50;3.50;239;169;34;29.048762206181234;312.7284628688284;4.116111111111081;66.57601731969953;7.029411764705882;883.7315512964753;1800
OutputStation1;35.50;9.50;259;198;34;31.482874759210965;234.2548593039712;8.088888888888846;72.15302318740862;7.617647058823529;806.3606202918387;1800
OutputStation2;0.50;6.50;214;146;35;25.298853838468283;210.53574236222317;4.252222222222144;74.39222222222247;6.114285714285714;981.4683324830586;1800
