Ident;X;Y;Transfers;InjectedTransfers;PodsHandled;PodHandlingTimeAvg;PodHandlingTimeVar;PodHandlingTimeMin;PodHandlingTimeMax;PileOn;IdleTime;UpTime
InputStation0;0.50;12.50;0;0;0;0;0;0;0;0;1800;1800
OutputStation0;35.50;3.50;252;191;33;31.05299641502929;350.37766819196264;4.04444444444448;84.4844444444434;7.636363636363637;830.2684199318221;1800
OutputStation1;35.50;9.50;273;205;33;34.18539857404332;394.86206934179444;4.261111111111177;74.498427124746;8.272727272727273;755.5824964035183;1800
OutputStation2;0.50;6.50;247;176;34;29.627206093909468;307.35285066955817;4.116111111110968;71.63222222222225;7.264705882352941;850.5266378949738;1800
