Ident;X;Y;Transfers;InjectedTransfers;PodsHandled;PodHandlingTimeAvg;PodHandlingTimeVar;PodHandlingTimeMin;PodHandlingTimeMax;PileOn;IdleTime;UpTime
InputStation0;0.50;12.50;0;0;0;0;0;0;0;0;1800;1800
OutputStation0;35.50;3.50;226;157;36;25.59244628735945;184.7502469995012;4.053239541920448;63.909444444444375;6.277777777777778;936.0400143858438;1800
OutputStation1;35.50;9.50;287;229;32;36.732373059816695;365.25202966798946;8.166666666666572;77.64296536060328;8.96875;698.1990042590703;1800
OutputStation2;0.50;6.50;255;193;32;32.53833581475746;342.92320413265276;4.04444444444448;72.15620490252388;7.96875;826.8540477000165;1800
