Ident;X;Y;Transfers;InjectedTransfers;PodsHandled;PodHandlingTimeAvg;PodHandlingTimeVar;PodHandlingTimeMin;PodHandlingTimeMax;PileOn;IdleTime;UpTime
InputStation0;0.50;12.50;0;0;0;0;0;0;0;0;1800;1800
OutputStation0;35.50;3.50;245;184;33;30.051386155708563;323.03075965800286;4.04444444444448;75.74888888888881;7.424242424242424;859.5229941323068;1800
OutputStation1;35.50;9.50;248;178;35;29.249856312711643;311.75417630416416;4.140028771699235;67.6973160136356;7.085714285714285;852.0179941322755;1800
OutputStation2;0.50;6.50;232;167;34;27.137734698425177;326.24309559376957;4.04444444444448;76.6923160136356;6.823529411764706;908.3924167145694;1800
