Ident;X;Y;Transfers;InjectedTransfers;PodsHandled;PodHandlingTimeAvg;PodHandlingTimeVar;PodHandlingTimeMin;PodHandlingTimeMax;PileOn;IdleTime;UpTime
InputStation0;0.50;12.50;0;0;0;0;0;0;0;0;1800;1800
OutputStation0;35.50;3.50;239;176;33;29.365210982629;435.6718496582116;4.195461764142749;83.42268398636497;7.242424242424242;884.2511905166793;1800
OutputStation1;35.50;9.50;240;174;35;28.1843811578932;365.557941089553;4.04444444444448;71.81546176414292;6.857142857142857;881.6606274847925;1800
OutputStation2;0.50;6.50;278;212;32;35.85959866257834;543.8998955125819;4.04444444444448;76.80999999999989;8.6875;732.9693650388788;1800
