Ident;X;Y;Transfers;InjectedTransfers;PodsHandled;PodHandlingTimeAvg;PodHandlingTimeVar;PodHandlingTimeMin;PodHandlingTimeMax;PileOn;IdleTime;UpTime
InputStation0;0.50;12.50;0;0;0;0;0;0;0;0;1800;1800
OutputStation0;35.50;3.50;242;180;35;28.126812203564253;291.05473371889155;4.04444444444448;65.17935065303232;6.914285714285715;875.6742496687078;1800
OutputStation1;35.50;9.50;253;195;32;32.56240575903027;425.1454073455973;4.04444444444448;74.94444444444434;7.90625;829.2886943966034;1800
OutputStation2;0.50;6.50;243;180;34;29.214869704158833;364.4299301401387;4.3037013060632034;73.2461111111113;7.147058823529412;868.7874894940733;1800
