Ident;X;Y;Transfers;InjectedTransfers;PodsHandled;PodHandlingTimeAvg;PodHandlingTimeVar;PodHandlingTimeMin;PodHandlingTimeMax;PileOn;IdleTime;UpTime
InputStation0;0.50;12.50;0;0;0;0;0;0;0;0;1800;1800
OutputStation0;35.50;3.50;262;183;31;34.61949564641533;420.83928264634596;4.04444444444448;72.78009379141253;8.451612903225806;795.0418617258165;1800
OutputStation1;35.50;9.50;272;204;33;33.96829157274242;411.1596903608076;4.04444444444448;84.2285209161596;8.242424242424242;754.1275755256844;1800
OutputStation2;0.50;6.50;243;166;33;30.11974485055082;381.99546699838413;4.04444444444448;75.03277777777794;7.363636363636363;871.832452679168;1800
