Ident;X;Y;Transfers;InjectedTransfers;PodsHandled;PodHandlingTimeAvg;PodHandlingTimeVar;PodHandlingTimeMin;PodHandlingTimeMax;PileOn;IdleTime;UpTime
InputStation0;0.50;12.50;0;0;0;0;0;0;0;0;1800;1800
OutputStation0;35.50;3.50;249;179;34;29.31021496531532;429.32335553692144;4.04444444444448;84.39463922019155;7.323529411764706;852.4947908384283;1800
OutputStation1;35.50;9.50;251;173;34;30.30587471189795;360.1215154413668;8.288795097476623;70.55453823585725;7.382352941176471;839.8971212378748;1800
OutputStation2;0.50;6.50;236;167;35;27.847243454747126;287.76386155494913;4.04444444444448;71.70064934696842;6.742857142857143;893.8541699796904;1800
