Ident;X;Y;Transfers;InjectedTransfers;PodsHandled;PodHandlingTimeAvg;PodHandlingTimeVar;PodHandlingTimeMin;PodHandlingTimeMax;PileOn;IdleTime;UpTime
InputStation0;0.50;12.50;0;0;0;0;0;0;0;0;1800;1800
OutputStation0;35.50;3.50;255;189;33;31.854486640970347;311.504370392665;4.241111111110968;71.22000000000094;7.7272727272727275;821.0846248343702;1800
OutputStation1;35.50;9.50;229;171;35;27.129972996941;287.5748822005806;4.04444444444448;61.50555555555559;6.542857142857143;923.4008153510183;1800
OutputStation2;0.50;6.50;252;190;35;29.487976498744377;409.0256051288833;4.04444444444448;74.5259235282864;7.2;830.8178427974932;1800
