Ident;X;Y;Transfers;InjectedTransfers;PodsHandled;PodHandlingTimeAvg;PodHandlingTimeVar;PodHandlingTimeMin;PodHandlingTimeMax;PileOn;IdleTime;UpTime
InputStation0;0.50;12.50;0;0;0;0;0;0;0;0;1800;1800
OutputStation0;35.50;3.50;241;181;30;32.425055315791504;585.9815594610264;4.04444444444448;81.02053397678787;8.033333333333333;877.574422865682;1800
OutputStation1;35.50;9.50;239;181;32;30.62382846216831;393.9020123124486;4.310822543948461;83.96185424949363;7.46875;886.668261120682;1800
OutputStation2;0.50;6.50;229;161;33;28.655339324533447;320.6747517224826;4.161659473745885;75.33703463939537;6.9393939393939394;923.9721068520406;1800
