Ident;X;Y;Transfers;InjectedTransfers;PodsHandled;PodHandlingTimeAvg;PodHandlingTimeVar;PodHandlingTimeMin;PodHandlingTimeMax;PileOn;IdleTime;UpTime
InputStation0;0.50;12.50;0;0;0;0;0;0;0;0;1800;1800
OutputStation0;35.50;3.50;240;163;33;29.308891513085676;403.39096925084505;8.08888888888896;84.80898268030228;7.2727272727272725;878.0300215787711;1800
OutputStation1;35.50;9.50;274;209;31;36.26776916524916;590.5688826952778;4.048701306062867;82.0194444444453;8.838709677419354;749.2860101267762;1800
OutputStation2;0.50;6.50;259;197;33;31.903252218380615;495.1282478029036;4.076204902523841;75.37611111111153;7.848484848484849;810.095209161603;1800
