Ident;X;Y;Transfers;InjectedTransfers;PodsHandled;PodHandlingTimeAvg;PodHandlingTimeVar;PodHandlingTimeMin;PodHandlingTimeMax;PileOn;IdleTime;UpTime
InputStation0;0.50;12.50;0;0;0;0;0;0;0;0;1800;1800
OutputStation0;35.50;3.50;232;165;34;27.58310988074889;381.2862468202063;8.089444444444553;82.99777777777774;6.823529411764706;909.8832254394956;1800
OutputStation1;35.50;9.50;241;180;34;29.28432094342037;344.8756119803562;4.04444444444448;75.34805915201622;7.088235294117647;877.0874457696495;1800
OutputStation2;0.50;6.50;223;160;35;26.0778066385428;358.4303814687289;4.2827777777779374;76.81777777777782;6.371428571428571;945.9856565398957;1800
