Ident;X;Y;Transfers;InjectedTransfers;PodsHandled;PodHandlingTimeAvg;PodHandlingTimeVar;PodHandlingTimeMin;PodHandlingTimeMax;PileOn;IdleTime;UpTime
InputStation0;0.50;12.50;0;0;0;0;0;0;0;0;1800;1800
OutputStation0;35.50;3.50;228;168;32;29.453075968724328;372.4133442003448;4.069632027270927;66.3372222222223;7.125;930.2150221356987;1800
OutputStation1;35.50;9.50;261;209;34;31.606206391755922;384.32893717317893;4.262034639395779;75.49852091615924;7.676470588235294;797.5359381975328;1800
OutputStation2;0.50;6.50;232;169;31;30.867851443585373;286.44247349595247;4.120093791412728;76.79953823585743;7.483870967741935;914.2784323736976;1800
