Ident;X;Y;Transfers;InjectedTransfers;PodsHandled;PodHandlingTimeAvg;PodHandlingTimeVar;PodHandlingTimeMin;PodHandlingTimeMax;PileOn;IdleTime;UpTime
InputStation0;0.50;12.50;0;0;0;0;0;0;0;0;1800;1800
OutputStation0;35.50;3.50;253;197;33;31.60037015240303;409.4228386880416;4.116666666666561;81.45601731969873;7.666666666666667;829.0018614424336;1800
OutputStation1;35.50;9.50;269;208;31;35.397999346659915;349.87588002569163;8.24944444444452;80.75796536060432;8.67741935483871;770.4028353211829;1800
OutputStation2;0.50;6.50;255;193;32;32.750769975631194;382.0985241177934;4.04444444444448;75.65296536060418;7.96875;825.903607514655;1800
