Ident;X;Y;Transfers;InjectedTransfers;PodsHandled;PodHandlingTimeAvg;PodHandlingTimeVar;PodHandlingTimeMin;PodHandlingTimeMax;PileOn;IdleTime;UpTime
InputStation0;0.50;12.50;0;0;0;0;0;0;0;0;1800;1800
OutputStation0;35.50;3.50;225;164;34;27.339910236497243;371.6729339728485;4.04444444444448;85.07759019495097;6.617647058823529;939.4756349611221;1800
OutputStation1;35.50;9.50;242;179;35;28.301188001948095;527.9498264316474;4.04444444444448;81.31777777777836;6.914285714285715;874.7040189283338;1800
OutputStation2;0.50;6.50;257;187;33;32.163821766788956;341.02349843962975;4.04444444444448;75.45888888888885;7.787878787878788;819.7390692787786;1800
