Ident;X;Y;Transfers;InjectedTransfers;PodsHandled;PodHandlingTimeAvg;PodHandlingTimeVar;PodHandlingTimeMin;PodHandlingTimeMax;PileOn;IdleTime;UpTime
InputStation0;0.50;12.50;0;0;0;0;0;0;0;0;1800;1800
OutputStation0;35.50;3.50;256;187;32;32.701143351909515;302.2856319005966;8.204999999999927;66.55805915201643;8;819.2536794718603;1800
OutputStation1;35.50;9.50;262;187;32;33.17575509594394;333.47057443125186;4.231111111110749;78.89000000000101;8.1875;794.2006357273997;1800
OutputStation2;0.50;6.50;264;200;29;37.087027913218094;607.9454040360533;4.175555555555093;82.15888888888924;9.10344827586207;787.8856277681853;1800
