Ident;X;Y;Transfers;InjectedTransfers;PodsHandled;PodHandlingTimeAvg;PodHandlingTimeVar;PodHandlingTimeMin;PodHandlingTimeMax;PileOn;IdleTime;UpTime
InputStation0;0.50;12.50;0;0;0;0;0;0;0;0;1800;1800
OutputStation0;35.50;3.50;230;167;34;27.661418810056407;300.1108147387471;4.249444444444407;65.25963202726996;6.764705882352941;919.6257934888441;1800
OutputStation1;35.50;9.50;247;189;34;29.839526143790923;412.55105298643605;4.0890764717146055;84.31963202726996;7.264705882352941;852.6965222413776;1800
OutputStation2;0.50;6.50;242;182;36;27.74411997076359;272.49998021384704;4.137222222222704;70.61777058485313;6.722222222222222;878.4039392393295;1800
