Ident;X;Y;Transfers;InjectedTransfers;PodsHandled;PodHandlingTimeAvg;PodHandlingTimeVar;PodHandlingTimeMin;PodHandlingTimeMax;PileOn;IdleTime;UpTime
InputStation0;0.50;12.50;0;0;0;0;0;0;0;0;1800;1800
OutputStation0;35.50;3.50;273;205;29;39.00041498756565;631.847293166016;4.04444444444448;84.47815294343104;9.413793103448276;752.5639395227765;1800
OutputStation1;35.50;9.50;242;180;35;28.674944341688327;403.6879753941665;4.0677777777775646;68.13842712474604;6.914285714285715;870.3672006434447;1800
OutputStation2;0.50;6.50;237;170;34;28.57648395797726;421.59846141032216;4.37166666666667;84.21222222222286;6.970588235294118;891.8164068712044;1800
