Ident;X;Y;Transfers;InjectedTransfers;PodsHandled;PodHandlingTimeAvg;PodHandlingTimeVar;PodHandlingTimeMin;PodHandlingTimeMax;PileOn;IdleTime;UpTime
InputStation0;0.50;12.50;0;0;0;0;0;0;0;0;1800;1800
OutputStation0;35.50;3.50;237;175;33;29.41496917213035;601.3609391244481;4.04444444444448;78.29592352828593;7.181818181818182;891.9852885671653;1800
OutputStation1;35.50;9.50;240;166;32;30.66576975085229;446.83166240699313;8.13333333333344;82.26277777777779;7.5;880.5107359454621;1800
OutputStation2;0.50;6.50;263;190;34;31.89019077284596;340.2127909192301;4.138888888888459;79.3650937914133;7.735294117647059;795.272150009582;1800
