Ident;X;Y;Transfers;InjectedTransfers;PodsHandled;PodHandlingTimeAvg;PodHandlingTimeVar;PodHandlingTimeMin;PodHandlingTimeMax;PileOn;IdleTime;UpTime
InputStation0;0.50;12.50;0;0;0;0;0;0;0;0;1800;1800
OutputStation0;35.50;3.50;256;180;34;30.95733405429268;407.94045686548816;4.044444444444423;75.23277777777798;7.529411764705882;826.4338601172094;1800
OutputStation1;35.50;9.50;216;148;35;25.523674294906563;363.1049936401992;4.075555555555297;72.36240261212686;6.171428571428572;970.8542424757763;1800
OutputStation2;0.50;6.50;260;201;29;36.81805841769467;568.9810348107492;4.298701306063322;83.18852091615908;8.96551724137931;802.18333333333;1800
