Ident;X;Y;Transfers;InjectedTransfers;PodsHandled;PodHandlingTimeAvg;PodHandlingTimeVar;PodHandlingTimeMin;PodHandlingTimeMax;PileOn;IdleTime;UpTime
InputStation0;0.50;12.50;0;0;0;0;0;0;0;0;1800;1800
OutputStation0;35.50;3.50;246;182;34;30.02822128970628;400.22188234964096;4.04444444444448;78.10935784595335;7.235294117647059;858.7157506147419;1800
OutputStation1;35.50;9.50;229;166;33;27.504240235980483;333.5873100611442;4.057871569190183;72.66777777777781;6.9393939393939394;919.4990114520006;1800
OutputStation2;0.50;6.50;256;187;31;34.093411301009844;380.99534578746426;4.071666666666488;73.33342712474621;8.258064516129032;818.3959163353659;1800
