Ident;X;Y;Transfers;InjectedTransfers;PodsHandled;PodHandlingTimeAvg;PodHandlingTimeVar;PodHandlingTimeMin;PodHandlingTimeMax;PileOn;IdleTime;UpTime
InputStation0;0.50;12.50;0;0;0;0;0;0;0;0;1800;1800
OutputStation0;35.50;3.50;244;181;34;29.675212206744185;372.2116281290875;4.04444444444448;84.62463922019123;7.176470588235294;862.7281889080366;1800
OutputStation1;35.50;9.50;248;176;36;28.22856521442159;290.42185858750264;4.079538235857314;71.37833333333401;6.888888888888889;848.8724529625965;1800
OutputStation2;0.50;6.50;240;170;34;28.120920338264952;393.37476629444;4.04444444444448;78.06176045807956;7.0588235294117645;884.0883045616605;1800
