Ident;X;Y;Transfers;InjectedTransfers;PodsHandled;PodHandlingTimeAvg;PodHandlingTimeVar;PodHandlingTimeMin;PodHandlingTimeMax;PileOn;IdleTime;UpTime
InputStation0;0.50;12.50;0;0;0;0;0;0;0;0;1800;1800
OutputStation0;35.50;3.50;251;187;36;28.771432380064667;272.81066047503936;4.051111111111098;69.78018758282656;6.972222222222222;838.1574095216408;1800
OutputStation1;35.50;9.50;224;165;35;26.09935002839772;302.9672147292624;4.04444444444448;77.41926405454205;6.4;941.8169765292071;1800
OutputStation2;0.50;6.50;249;191;31;32.03196899672501;221.5168664833493;8.514444444444734;66.17120490252478;8.03225806451613;850.8739104676687;1800
