Ident;X;Y;Transfers;InjectedTransfers;PodsHandled;PodHandlingTimeAvg;PodHandlingTimeVar;PodHandlingTimeMin;PodHandlingTimeMax;PileOn;IdleTime;UpTime
InputStation0;0.50;12.50;0;0;0;0;0;0;0;0;1800;1800
OutputStation0;35.50;3.50;237;177;32;30.337416350204933;475.83444000430393;4.04444444444448;78.87388888888898;7.40625;892.8551297560132;1800
OutputStation1;35.50;9.50;258;193;33;32.24470314803347;481.9084071556069;4.04444444444448;75.81287156919052;7.818181818181818;812.4589179439911;1800
OutputStation2;0.50;6.50;252;196;29;35.002960142162756;534.6453823541281;4.0527777777774645;85.07889608181029;8.689655172413794;837.4370199701245;1800
