Ident;X;Y;Transfers;InjectedTransfers;PodsHandled;PodHandlingTimeAvg;PodHandlingTimeVar;PodHandlingTimeMin;PodHandlingTimeMax;PileOn;IdleTime;UpTime
InputStation0;0.50;12.50;0;0;0;0;0;0;0;0;1800;1800
OutputStation0;35.50;3.50;236;174;32;30.50299580317157;504.52388580163085;4.160555555555561;84.20444444444502;7.375;893.3074385767306;1800
OutputStation1;35.50;9.50;249;183;35;29.272100186580566;468.8536520781103;4.12101731969824;83.92832614041163;7.114285714285714;847.9693144050001;1800
OutputStation2;0.50;6.50;235;171;35;27.459939598715394;326.81720340287194;4.04444444444448;78.72361470757197;6.714285714285714;897.1651875828325;1800
