Ident;X;Y;Transfers;InjectedTransfers;PodsHandled;PodHandlingTimeAvg;PodHandlingTimeVar;PodHandlingTimeMin;PodHandlingTimeMax;PileOn;IdleTime;UpTime
InputStation0;0.50;12.50;0;0;0;0;0;0;0;0;1800;1800
OutputStation0;35.50;3.50;253;194;31;33.39444095485558;509.2952835136698;4.122871569190693;79.3933333333332;8.161290322580646;828.111753265164;1800
OutputStation1;35.50;9.50;258;199;31;34.16722175816269;397.25756954499315;4.04444444444448;78.6795382358572;8.32258064516129;809.3252741813012;1800
OutputStation2;0.50;6.50;270;211;30;36.32988191683618;303.9955968473148;4.141940847983392;70.53185424949254;9;764.1717460721965;1800
