Ident;X;Y;Transfers;InjectedTransfers;PodsHandled;PodHandlingTimeAvg;PodHandlingTimeVar;PodHandlingTimeMin;PodHandlingTimeMax;PileOn;IdleTime;UpTime
InputStation0;0.50;12.50;0;0;0;0;0;0;0;0;1800;1800
OutputStation0;35.50;3.50;246;169;32;31.221882669050697;309.28148592729343;4.198888888888632;70.50509379141317;7.6875;854.279927787351;1800
OutputStation1;35.50;9.50;255;196;35;30.18280189556965;613.4019017909301;4.101313079781676;81.4966666666666;7.285714285714286;826.7158875636723;1800
OutputStation2;0.50;6.50;230;165;31;30.22933109853362;441.37822891231207;4.044444444444423;77.32631307978318;7.419354838709677;917.9449424566092;1800
