Ident;X;Y;Transfers;InjectedTransfers;PodsHandled;PodHandlingTimeAvg;PodHandlingTimeVar;PodHandlingTimeMin;PodHandlingTimeMax;PileOn;IdleTime;UpTime
InputStation0;0.50;12.50;0;0;0;0;0;0;0;0;1800;1800
OutputStation0;35.50;3.50;260;196;32;32.963576699306735;495.35313804134177;4.076204902524751;78.31453823585775;8.125;803.2026117737084;1800
OutputStation1;35.50;9.50;249;178;31;33.1090117754481;345.89317534825665;4.204999999999927;72.77444444444541;8.03225806451613;845.6341414914552;1800
OutputStation2;0.50;6.50;240;173;33;29.06673793873554;272.7409191857046;4.045461764142601;75.85953823585783;7.2727272727272725;885.4806709257607;1800
