Ident;X;Y;Transfers;InjectedTransfers;PodsHandled;PodHandlingTimeAvg;PodHandlingTimeVar;PodHandlingTimeMin;PodHandlingTimeMax;PileOn;IdleTime;UpTime
InputStation0;0.50;12.50;0;0;0;0;0;0;0;0;1800;1800
OutputStation0;35.50;3.50;202;136;35;23.40366302231471;205.05340584810392;4.14222222222179;61.3689826803016;5.771428571428571;1027.371606337762;1800
OutputStation1;35.50;9.50;231;170;34;28.119308843017887;334.9982742238532;4.04444444444448;81.27388888888856;6.794117647058823;911.0888742196105;1800
OutputStation2;0.50;6.50;240;188;32;31.122821068166168;500.41377518854324;4.04444444444448;76.59231601363558;7.5;880.7743056374155;1800
