Ident;X;Y;Transfers;InjectedTransfers;PodsHandled;PodHandlingTimeAvg;PodHandlingTimeVar;PodHandlingTimeMin;PodHandlingTimeMax;PileOn;IdleTime;UpTime
InputStation0;0.50;12.50;0;0;0;0;0;0;0;0;1800;1800
OutputStation0;35.50;3.50;227;161;32;28.430141819870535;361.3278648981145;4.044444444444423;76.15731601363586;7.09375;931.9836163142645;1800
OutputStation1;35.50;9.50;192;136;39;20.140068990061902;186.98962105150255;4.044444444444451;48.78722222222257;4.923076923076923;1066.115597862779;1800
OutputStation2;0.50;6.50;253;191;32;32.31474386298783;284.6186270520692;4.044444444444423;68.63388888888949;7.90625;827.7377008292096;1800
