Ident;X;Y;Transfers;InjectedTransfers;PodsHandled;PodHandlingTimeAvg;PodHandlingTimeVar;PodHandlingTimeMin;PodHandlingTimeMax;PileOn;IdleTime;UpTime
InputStation0;0.50;12.50;0;0;0;0;0;0;0;0;1800;1800
OutputStation0;35.50;3.50;279;204;30;37.70009090479713;435.18513063311576;4.282222222222117;76.82463202727058;9.3;734.4662336742228;1800
OutputStation1;35.50;9.50;258;194;35;30.40229704984043;320.860008225916;4.04444444444448;82.38676045807966;7.371428571428571;811.9310026504261;1800
OutputStation2;0.50;6.50;285;216;30;38.8172770584852;454.0990829168845;4.04444444444448;71.33231601363502;9.5;705.1523522616328;1800
