Ident;X;Y;Transfers;InjectedTransfers;PodsHandled;PodHandlingTimeAvg;PodHandlingTimeVar;PodHandlingTimeMin;PodHandlingTimeMax;PileOn;IdleTime;UpTime
InputStation0;0.50;12.50;0;0;0;0;0;0;0;0;1800;1800
OutputStation0;35.50;3.50;254;189;31;33.629761438090306;545.6915461465853;4.184999999999491;79.10666666666654;8.193548387096774;825.451017319693;1800
OutputStation1;35.50;9.50;226;159;36;26.038803051958247;338.87909797264984;4.04444444444448;76.79333333333318;6.277777777777778;937.251592248251;1800
OutputStation2;0.50;6.50;242;176;31;31.435325606174622;358.1360816695638;4.04444444444448;74.51509379141265;7.806451612903226;873.6543218813315;1800
