Ident;X;Y;Transfers;InjectedTransfers;PodsHandled;PodHandlingTimeAvg;PodHandlingTimeVar;PodHandlingTimeMin;PodHandlingTimeMax;PileOn;IdleTime;UpTime
InputStation0;0.50;12.50;0;0;0;0;0;0;0;0;1800;1800
OutputStation0;35.50;3.50;250;184;34;29.982257660531822;311.02042071565387;4.301760458079798;83.3355555555554;7.352941176470588;840.9091196292702;1800
OutputStation1;35.50;9.50;263;198;31;33.91697760925379;436.9597420442977;8.365187582826252;80.08944444444523;8.483870967741936;795.661666383262;1800
OutputStation2;0.50;6.50;215;153;34;25.95091036176421;312.36363107895613;4.04444444444448;67.31999999999982;6.323529411764706;975.6449781378303;1800
