Ident;X;Y;Transfers;InjectedTransfers;PodsHandled;PodHandlingTimeAvg;PodHandlingTimeVar;PodHandlingTimeMin;PodHandlingTimeMax;PileOn;IdleTime;UpTime
InputStation0;0.50;12.50;0;0;0;0;0;0;0;0;1800;1800
OutputStation0;35.50;3.50;219;154;33;27.046725262274634;413.14724827106005;4.04444444444448;72.69000000000074;6.636363636363637;959.3400794055717;1800
OutputStation1;35.50;9.50;258;195;33;31.797867637189967;406.68492223365223;4.04444444444448;80.8955555555558;7.818181818181818;811.1739898732268;1800
OutputStation2;0.50;6.50;241;180;34;29.03529942323254;304.1589296473899;4.044444444444423;73.91333333333398;7.088235294117647;873.946183040317;1800
