Ident;X;Y;Transfers;InjectedTransfers;PodsHandled;PodHandlingTimeAvg;PodHandlingTimeVar;PodHandlingTimeMin;PodHandlingTimeMax;PileOn;IdleTime;UpTime
InputStation0;0.50;12.50;0;0;0;0;0;0;0;0;1800;1800
OutputStation0;35.50;3.50;279;205;29;38.841634820863696;516.8019906206307;8.27555555555523;83.64166666666682;9.620689655172415;731.8133333333352;1800
OutputStation1;35.50;9.50;229;173;36;26.079346841021405;372.2484795487014;4.04444444444448;80.54000000000005;6.361111111111111;923.4038529242684;1800
OutputStation2;0.50;6.50;236;171;32;30.056776695296577;526.0864222442938;4.341854249492371;75.4993506530316;7.375;895.5132251560628;1800
