Ident;X;Y;Transfers;InjectedTransfers;PodsHandled;PodHandlingTimeAvg;PodHandlingTimeVar;PodHandlingTimeMin;PodHandlingTimeMax;PileOn;IdleTime;UpTime
InputStation0;0.50;12.50;0;0;0;0;0;0;0;0;1800;1800
OutputStation0;35.50;3.50;265;192;30;34.84811399772757;432.7536892483057;4.04444444444448;79.21398268030214;8.833333333333334;782.8293003025616;1800
OutputStation1;35.50;9.50;232;166;34;27.952513369741887;362.33867563835923;4.048333333333403;82.55777777777871;6.823529411764706;915.8128284116441;1800
OutputStation2;0.50;6.50;224;170;33;28.09911321046856;463.6640214707146;4.08203463939617;80.28064934696908;6.787878787878788;945.7466810525048;1800
