Ident;X;Y;Transfers;InjectedTransfers;PodsHandled;PodHandlingTimeAvg;PodHandlingTimeVar;PodHandlingTimeMin;PodHandlingTimeMax;PileOn;IdleTime;UpTime
InputStation0;0.50;12.50;0;0;0;0;0;0;0;0;1800;1800
OutputStation0;35.50;3.50;278;213;32;35.65195977368904;275.72582605223295;4.342222222222226;65.86101731969859;8.6875;737.0835209161535;1800
OutputStation1;35.50;9.50;237;181;35;27.87109874799588;314.80081826040055;4.04444444444448;67.91861470757271;6.771428571428571;891.0919486077603;1800
OutputStation2;0.50;6.50;259;192;32;32.745885866224405;530.2226589152684;4.04444444444448;77.2934271247467;8.09375;809.1662049025291;1800
