Ident;X;Y;Transfers;InjectedTransfers;PodsHandled;PodHandlingTimeAvg;PodHandlingTimeVar;PodHandlingTimeMin;PodHandlingTimeMax;PileOn;IdleTime;UpTime
InputStation0;0.50;12.50;0;0;0;0;0;0;0;0;1800;1800
OutputStation0;35.50;3.50;264;192;33;32.586899950673164;246.2328919745845;4.04444444444448;63.48935065303144;8;787.2681313646544;1800
OutputStation1;35.50;9.50;280;220;30;37.53571933560596;296.4705639815535;4.236204902523923;74.49296536060547;9.333333333333334;724.9072800490267;1800
OutputStation2;0.50;6.50;257;190;33;31.566995058478653;254.79805541344146;4.32722222222219;74.35971862576025;7.787878787878788;816.1478571833431;1800
