Ident;X;Y;Transfers;InjectedTransfers;PodsHandled;PodHandlingTimeAvg;PodHandlingTimeVar;PodHandlingTimeMin;PodHandlingTimeMax;PileOn;IdleTime;UpTime
InputStation0;0.50;12.50;0;0;0;0;0;0;0;0;1800;1800
OutputStation0;35.50;3.50;271;196;30;37.22000961890563;413.56493561390863;8.544999999999959;79.31277777777768;9.033333333333333;763.6829293959565;1800
OutputStation1;35.50;9.50;258;198;30;35.4930625276088;613.8575724413687;4.08055555555552;82.11620490252494;8.6;812.6896751848018;1800
OutputStation2;0.50;6.50;242;175;33;29.885202238169494;432.51221306556187;4.048795097476159;78.68268398636513;7.333333333333333;871.3620921827976;1800
