Ident;X;Y;Transfers;InjectedTransfers;PodsHandled;PodHandlingTimeAvg;PodHandlingTimeVar;PodHandlingTimeMin;PodHandlingTimeMax;PileOn;IdleTime;UpTime
InputStation0;0.50;12.50;0;0;0;0;0;0;0;0;1800;1800
OutputStation0;35.50;3.50;267;204;30;36.456562287844584;460.7804888713168;4.170555555555666;85.46666666666749;8.9;779.8710967252591;1800
OutputStation1;35.50;9.50;249;182;34;29.660000000000064;223.50117282361282;4.04444444444448;75.12666666666587;7.323529411764706;844.5032107702214;1800
OutputStation2;0.50;6.50;225;166;33;28.176958546280886;396.0913772576511;4.04777777777872;71.6404617641432;6.818181818181818;938.3141993182354;1800
