Ident;X;Y;Transfers;InjectedTransfers;PodsHandled;PodHandlingTimeAvg;PodHandlingTimeVar;PodHandlingTimeMin;PodHandlingTimeMax;PileOn;IdleTime;UpTime
InputStation0;0.50;12.50;0;0;0;0;0;0;0;0;1800;1800
OutputStation0;35.50;3.50;272;204;31;35.234381908888714;411.84249758913325;4.04444444444448;73.74055555555572;8.774193548387096;753.423449754547;1800
OutputStation1;35.50;9.50;251;191;32;31.811092153452247;256.61303633184383;4.070187582827884;64.51787156919113;7.84375;837.704509180762;1800
OutputStation2;0.50;6.50;257;198;29;36.645762801306425;271.17196192930066;4.04444444444448;76.10731601363494;8.862068965517242;812.3509307212018;1800
