Ident;X;Y;Transfers;InjectedTransfers;PodsHandled;PodHandlingTimeAvg;PodHandlingTimeVar;PodHandlingTimeMin;PodHandlingTimeMax;PileOn;IdleTime;UpTime
InputStation0;0.50;12.50;0;0;0;0;0;0;0;0;1800;1800
OutputStation0;35.50;3.50;231;172;30;31.795917026313035;377.28377506816463;4.04444444444448;76.26333333333389;7.7;915.9893578459552;1800
OutputStation1;35.50;9.50;262;195;32;33.69525726090612;458.2161980345244;4.134444444444625;82.6634271247467;8.1875;793.02431468841;1800
OutputStation2;0.50;6.50;264;204;31;35.20353372350911;444.210808711329;4.04444444444448;79.82777777777778;8.516129032258064;790.5975467540047;1800
