Ident;X;Y;Transfers;InjectedTransfers;PodsHandled;PodHandlingTimeAvg;PodHandlingTimeVar;PodHandlingTimeMin;PodHandlingTimeMax;PileOn;IdleTime;UpTime
InputStation0;0.50;12.50;0;0;0;0;0;0;0;0;1800;1800
OutputStation0;35.50;3.50;223;152;33;27.650917617401266;371.6671946835607;4.071666666666488;79.78055555555625;6.757575757575758;946.7088745030318;1800
OutputStation1;35.50;9.50;259;196;33;31.8654624180445;472.094596093295;4.286111111111154;80.33971862576146;7.848484848484849;813.2867388792957;1800
OutputStation2;0.50;6.50;247;185;30;33.73016330052232;559.6946195733469;4.04444444444448;80.46796536060538;8.233333333333333;856.3400434409497;1800
