Ident;X;Y;Transfers;InjectedTransfers;PodsHandled;PodHandlingTimeAvg;PodHandlingTimeVar;PodHandlingTimeMin;PodHandlingTimeMax;PileOn;IdleTime;UpTime
InputStation0;0.50;12.50;0;0;0;0;0;0;0;0;1800;1800
OutputStation0;35.50;3.50;229;161;36;25.49457972899949;218.88147007150644;4.122597387873725;74.66027418131637;6.361111111111111;922.6346464131144;1800
OutputStation1;35.50;9.50;251;184;35;29.012041848514002;309.0190113318844;4.044444444444423;75.24823954192053;7.171428571428572;836.4459160518841;1800
OutputStation2;0.50;6.50;255;199;31;32.309381604415464;374.6153476569549;4.156572875253801;81.53000000000003;8.225806451612904;820.2833834003987;1800
