Ident;X;Y;Transfers;InjectedTransfers;PodsHandled;PodHandlingTimeAvg;PodHandlingTimeVar;PodHandlingTimeMin;PodHandlingTimeMax;PileOn;IdleTime;UpTime
InputStation0;0.50;12.50;0;0;0;0;0;0;0;0;1800;1800
OutputStation0;35.50;3.50;251;192;33;31.179851544979982;429.5189490276792;4.04444444444448;71.03768398636544;7.606060606060606;838.3390836646446;1800
OutputStation1;35.50;9.50;244;180;32;31.42804991837117;336.6262064302675;4.0477777777780375;80.30953823585719;7.625;862.1512915010421;1800
OutputStation2;0.50;6.50;245;183;31;32.671075268817226;608.6031646514728;4.04444444444448;78.18676045808047;7.903225806451613;859.8916378949839;1800
