Ident;X;Y;Transfers;InjectedTransfers;PodsHandled;PodHandlingTimeAvg;PodHandlingTimeVar;PodHandlingTimeMin;PodHandlingTimeMax;PileOn;IdleTime;UpTime
InputStation0;0.50;12.50;0;0;0;0;0;0;0;0;1800;1800
OutputStation0;35.50;3.50;237;172;33;29.58558681935989;578.6538070358549;4.04444444444448;75.71796536060339;7.181818181818182;889.4528643762416;1800
OutputStation1;35.50;9.50;269;205;33;33.646105644750406;389.1346001992226;4.0552741813137345;70.48888888888916;8.151515151515152;770.8112915010086;1800
OutputStation2;0.50;6.50;278;214;31;36.914585252150616;653.7729049088808;4.122222222222263;84.66611111111115;8.96774193548387;733.7709666858564;1800
