Ident;X;Y;Transfers;InjectedTransfers;PodsHandled;PodHandlingTimeAvg;PodHandlingTimeVar;PodHandlingTimeMin;PodHandlingTimeMax;PileOn;IdleTime;UpTime
InputStation0;0.50;12.50;0;0;0;0;0;0;0;0;1800;1800
OutputStation0;35.50;3.50;251;188;31;33.290646089409606;555.3729572741196;4.133888888888919;75.47898268030201;8.096774193548388;844.4715728752492;1800
OutputStation1;35.50;9.50;243;173;34;29.46683537094487;423.4122389563548;4.04444444444448;75.80787156919075;7.147058823529412;868.157986939361;1800
OutputStation2;0.50;6.50;256;192;32;32.637727951089744;430.9458093947801;4.085461764142565;84.8438888888902;8;820.4810892489393;1800
