Ident;X;Y;Transfers;InjectedTransfers;PodsHandled;PodHandlingTimeAvg;PodHandlingTimeVar;PodHandlingTimeMin;PodHandlingTimeMax;PileOn;IdleTime;UpTime
InputStation0;0.50;12.50;0;0;0;0;0;0;0;0;1800;1800
OutputStation0;35.50;3.50;191;134;38;20.720187590284436;220.29253338867983;4.044444444444444;70.28176045807993;5.026315789473684;1073.3337879045555;1800
OutputStation1;35.50;9.50;242;183;34;29.449665561571344;429.5299125089319;4.28611111111104;79.70722222222298;7.117647058823529;871.3862408671412;1800
OutputStation2;0.50;6.50;251;186;32;31.38720260446607;266.8480927508898;4.04444444444448;65.49833333333413;7.84375;840.230245409636;1800
