Ident;X;Y;Transfers;InjectedTransfers;PodsHandled;PodHandlingTimeAvg;PodHandlingTimeVar;PodHandlingTimeMin;PodHandlingTimeMax;PileOn;IdleTime;UpTime
InputStation0;0.50;12.50;0;0;0;0;0;0;0;0;1800;1800
OutputStation0;35.50;3.50;221;164;36;25.44011544103575;273.08613345154885;4.044444444444423;75.77750359646075;6.138888888888889;957.4394444444441;1800
OutputStation1;35.50;9.50;248;181;35;28.922103071847246;349.0413785421729;4.250000000000227;83.78472581868323;7.085714285714285;852.3724457696442;1800
OutputStation2;0.50;6.50;226;168;33;27.727724648530835;303.3748914943143;4.04444444444448;61.881572875254165;6.848484848484849;933.4829581677;1800
