Ident;X;Y;Transfers;InjectedTransfers;PodsHandled;PodHandlingTimeAvg;PodHandlingTimeVar;PodHandlingTimeMin;PodHandlingTimeMax;PileOn;IdleTime;UpTime
InputStation0;0.50;12.50;0;0;0;0;0;0;0;0;1800;1800
OutputStation0;35.50;3.50;250;181;32;31.613996436094943;276.0713435578285;4.04444444444448;70.74398268030171;7.8125;849.0566304186079;1800
OutputStation1;35.50;9.50;220;164;35;25.99760812308839;321.953726650547;4.04444444444448;77.22823954192063;6.285714285714286;956.6495019878175;1800
OutputStation2;0.50;6.50;247;188;33;30.443961695316855;427.1499579522824;4.044444444444423;79.09888888888963;7.484848484848484;855.9894444444468;1800
