Ident;X;Y;Transfers;InjectedTransfers;PodsHandled;PodHandlingTimeAvg;PodHandlingTimeVar;PodHandlingTimeMin;PodHandlingTimeMax;PileOn;IdleTime;UpTime
InputStation0;0.50;12.50;0;0;0;0;0;0;0;0;1800;1800
OutputStation0;35.50;3.50;236;168;34;28.28350840097978;385.7916405930586;4.04444444444448;67.03740980504813;6.9411764705882355;900.6853217913265;1800
OutputStation1;35.50;9.50;228;159;34;26.911077585146355;322.1321959493525;4.04444444444448;68.86444444444436;6.705882352941177;927.032632607502;1800
OutputStation2;0.50;6.50;235;170;33;29.144138219086415;343.1121353711885;4.04444444444448;72.26694804090562;7.121212121212121;901.6854945880868;1800
