Ident;X;Y;Transfers;InjectedTransfers;PodsHandled;PodHandlingTimeAvg;PodHandlingTimeVar;PodHandlingTimeMin;PodHandlingTimeMax;PileOn;IdleTime;UpTime
InputStation0;0.50;12.50;0;0;0;0;0;0;0;0;1800;1800
OutputStation0;35.50;3.50;230;158;35;27.25315122913286;273.7661241477065;4.212683986364937;71.15313855758598;6.571428571428571;920.3784154793398;1800
OutputStation1;35.50;9.50;239;175;33;29.430897151394575;410.3858558974521;4.04444444444448;79.2907431383818;7.242424242424242;881.2496261461474;1800
OutputStation2;0.50;6.50;247;191;31;32.56462388794381;426.86024193769947;4.04444444444448;76.25935065303133;7.967741935483871;849.4301156535721;1800
