Ident;X;Y;Transfers;InjectedTransfers;PodsHandled;PodHandlingTimeAvg;PodHandlingTimeVar;PodHandlingTimeMin;PodHandlingTimeMax;PileOn;IdleTime;UpTime
InputStation0;0.50;12.50;0;0;0;0;0;0;0;0;1800;1800
OutputStation0;35.50;3.50;221;155;34;26.846334352139003;326.4820306557589;4.04444444444448;74.72222222222234;6.5;954.0772650963357;1800
OutputStation1;35.50;9.50;222;161;36;25.34390211527745;256.4135893501857;4.05944444444458;67.89833333333326;6.166666666666667;950.2220274464751;1800
OutputStation2;0.50;6.50;255;200;32;31.984410171780013;379.05761048561544;4.04444444444448;81.19907647171476;7.96875;822.3876042973807;1800
