Ident;X;Y;Transfers;InjectedTransfers;PodsHandled;PodHandlingTimeAvg;PodHandlingTimeVar;PodHandlingTimeMin;PodHandlingTimeMax;PileOn;IdleTime;UpTime
InputStation0;0.50;12.50;0;0;0;0;0;0;0;0;1800;1800
OutputStation0;35.50;3.50;251;185;33;31.408312129532817;335.07909174333116;8.293888888888887;79.73611111111131;7.606060606060606;837.5334918610345;1800
OutputStation1;35.50;9.50;260;200;33;32.31951701713713;512.070782816638;4.04444444444448;79.52677484392268;7.878787878787879;804.9954962142488;1800
OutputStation2;0.50;6.50;264;191;33;32.809629411662335;324.12457757504063;12.27555555555523;82.4956493469685;8;791.5544156727506;1800
