Ident;X;Y;Transfers;InjectedTransfers;PodsHandled;PodHandlingTimeAvg;PodHandlingTimeVar;PodHandlingTimeMin;PodHandlingTimeMax;PileOn;IdleTime;UpTime
InputStation0;0.50;12.50;0;0;0;0;0;0;0;0;1800;1800
OutputStation0;35.50;3.50;262;175;32;33.538686642297804;318.5217158294217;4.131111111111295;75.80906208586975;8.1875;790.6736509556006;1800
OutputStation1;35.50;9.50;269;197;30;36.698158006817856;450.6783479577811;4.04444444444448;76.06676045807978;8.966666666666667;765.6442283733593;1800
OutputStation2;0.50;6.50;261;193;32;33.23032219206025;350.19997911218223;4.166666666666686;75.21842712474722;8.15625;798.8808225439352;1800
