Ident;X;Y;Transfers;InjectedTransfers;PodsHandled;PodHandlingTimeAvg;PodHandlingTimeVar;PodHandlingTimeMin;PodHandlingTimeMax;PileOn;IdleTime;UpTime
InputStation0;0.50;12.50;0;0;0;0;0;0;0;0;1800;1800
OutputStation0;35.50;3.50;173;143;20;89.56547258186819;4802.078697547975;12.508888888889032;207.02499999999992;8.65;101.5232685970438;1800
OutputStation1;35.50;9.50;173;144;17;103.77649138746345;4528.222380584683;22.607128430808416;207.4968542494923;10.176470588235293;110.75127711514385;1800
OutputStation2;0.50;6.50;172;149;13;136.26619658119648;3386.756302178993;53.41999999999999;196.97334052625456;13.23076923076923;122.56401864490192;1800
