Ident;X;Y;Transfers;InjectedTransfers;PodsHandled;PodHandlingTimeAvg;PodHandlingTimeVar;PodHandlingTimeMin;PodHandlingTimeMax;PileOn;IdleTime;UpTime
InputStation0;0.50;12.50;0;0;0;0;0;0;0;0;1800;1800
OutputStation0;35.50;3.50;243;176;33;30.179436353887528;332.7271068475421;4.044444444444423;69.12388888888893;7.363636363636363;872.6324241909081;1800
OutputStation1;35.50;9.50;247;188;34;29.188531747222736;333.9609785848844;4.04444444444448;67.0038888888896;7.264705882352941;851.6486509555766;1800
OutputStation2;0.50;6.50;243;180;32;31.016240532718026;353.5619920115375;4.053888888888878;67.2427777777778;7.59375;872.6914287333393;1800
