Ident;X;Y;Transfers;InjectedTransfers;PodsHandled;PodHandlingTimeAvg;PodHandlingTimeVar;PodHandlingTimeMin;PodHandlingTimeMax;PileOn;IdleTime;UpTime
InputStation0;0.50;12.50;0;0;0;0;0;0;0;0;1800;1800
OutputStation0;35.50;3.50;248;190;31;32.876812829342235;673.5542483285842;4.214444444444439;84.55036797272956;8;848.3362986939369;1800
OutputStation1;35.50;9.50;239;174;34;28.384817714423356;410.7405979435062;4.04444444444448;77.61509379141353;7.029411764705882;881.4129437818292;1800
OutputStation2;0.50;6.50;248;172;34;29.9198798922166;349.39701017932344;4.04444444444448;79.18055555555543;7.294117647058823;854.0822294151461;1800
