Ident;X;Y;Transfers;InjectedTransfers;PodsHandled;PodHandlingTimeAvg;PodHandlingTimeVar;PodHandlingTimeMin;PodHandlingTimeMax;PileOn;IdleTime;UpTime
InputStation0;0.50;12.50;0;0;0;0;0;0;0;0;1800;1800
OutputStation0;31.50;3.50;173;128;33;54.55190279283719;1594.0416565426221;12.331111111111113;186.01380229039694;5.242424242424242;103.30725099389795;1800
OutputStation1;31.50;9.50;174;140;24;74.34471079800082;3343.73102422442;10.325000000000003;206.5756493469683;7.25;99.15579377225703;1800
OutputStation2;0.50;6.50;173;133;24;69.92058261167924;1634.8372753543258;22.430000000000177;174.28787156919088;7.208333333333333;100.34845589641407;1800
