Ident;X;Y;Transfers;InjectedTransfers;PodsHandled;PodHandlingTimeAvg;PodHandlingTimeVar;PodHandlingTimeMin;PodHandlingTimeMax;PileOn;IdleTime;UpTime
InputStation0;0.50;12.50;0;0;0;0;0;0;0;0;1800;1800
OutputStation0;35.50;3.50;243;176;33;30.28335038631756;307.9108309895829;4.222777777777992;64.82676045807955;7.363636363636363;866.9395022712389;1800
OutputStation1;35.50;9.50;235;170;34;28.591497962388452;293.40849273652356;4.0676839863645;67.81287156919063;6.911764705882353;901.6779509747658;1800
OutputStation2;0.50;6.50;221;158;35;25.969455368975225;238.19628924974666;4.044444444444444;73.53861470757306;6.314285714285714;951.4846970470005;1800
