Ident;X;Y;Transfers;InjectedTransfers;PodsHandled;PodHandlingTimeAvg;PodHandlingTimeVar;PodHandlingTimeMin;PodHandlingTimeMax;PileOn;IdleTime;UpTime
InputStation0;0.50;12.50;0;0;0;0;0;0;0;0;1800;1800
OutputStation0;35.50;3.50;252;181;31;33.548503236184516;484.00685045579814;4.048239541920566;79.8733333333339;8.129032258064516;833.2582395419071;1800
OutputStation1;35.50;9.50;244;170;34;29.027676768434844;410.9012700522644;4.04444444444448;73.66417026312888;7.176470588235294;868.257929396001;1800
OutputStation2;0.50;6.50;228;162;32;29.28367514314989;347.9894252266328;4.236760458079516;82.55611111111097;7.125;924.2159597763263;1800
