Ident;X;Y;Transfers;InjectedTransfers;PodsHandled;PodHandlingTimeAvg;PodHandlingTimeVar;PodHandlingTimeMin;PodHandlingTimeMax;PileOn;IdleTime;UpTime
InputStation0;0.50;12.50;0;0;0;0;0;0;0;0;1800;1800
OutputStation0;35.50;3.50;250;179;31;33.26592910614191;316.9905600440229;4.286111111110813;75.45453823585729;8.064516129032258;842.7209957408915;1800
OutputStation1;35.50;9.50;212;153;35;25.00230797437211;330.7711371014903;4.055649346968153;75.6782395419209;6.057142857142857;991.4910532842944;1800
OutputStation2;0.50;6.50;233;168;30;31.60052958545498;388.6260194080255;4.04444444444448;83.55444444444515;7.766666666666667;910.2990189283189;1800
