Ident;X;Y;Transfers;InjectedTransfers;PodsHandled;PodHandlingTimeAvg;PodHandlingTimeVar;PodHandlingTimeMin;PodHandlingTimeMax;PileOn;IdleTime;UpTime
InputStation0;0.50;12.50;0;0;0;0;0;0;0;0;1800;1800
OutputStation0;35.50;3.50;247;179;33;30.613167171426603;598.9366523379011;4.04444444444448;81.38555555555547;7.484848484848484;850.4211111111016;1800
OutputStation1;35.50;9.50;237;181;30;31.849685185185365;427.7131528383742;4.210555555555629;80.73898268030172;7.9;893.8247521152994;1800
OutputStation2;0.50;6.50;260;189;30;34.59576262540411;613.5071649203489;4.1086219005014755;80.97129869393802;8.666666666666666;803.2723621950156;1800
