Ident;X;Y;Transfers;InjectedTransfers;PodsHandled;PodHandlingTimeAvg;PodHandlingTimeVar;PodHandlingTimeMin;PodHandlingTimeMax;PileOn;IdleTime;UpTime
InputStation0;0.50;12.50;0;0;0;0;0;0;0;0;1800;1800
OutputStation0;35.50;3.50;205;147;38;21.97305972733758;203.80039489573338;4.04444444444448;55.14463202727143;5.394736842105263;1016.0731978014497;1800
OutputStation1;35.50;9.50;218;146;38;23.73914447528571;166.70942493151483;4.04444444444448;54.788513723237486;5.7368421052631575;967.1163127963645;1800
OutputStation2;0.50;6.50;232;173;32;29.774182436612623;393.762352833366;4.091580068177109;83.14082973687249;7.25;907.931211245205;1800
