Ident;X;Y;Transfers;InjectedTransfers;PodsHandled;PodHandlingTimeAvg;PodHandlingTimeVar;PodHandlingTimeMin;PodHandlingTimeMax;PileOn;IdleTime;UpTime
InputStation0;0.50;12.50;0;0;0;0;0;0;0;0;1800;1800
OutputStation0;35.50;3.50;245;191;30;33.03652789765968;417.62270341019496;4.044444444444423;76.95888888888896;8.166666666666666;857.3402454096126;1800
OutputStation1;35.50;9.50;232;176;36;26.412289161251365;296.51936233554295;4.04444444444448;69.61277777777786;6.444444444444445;912.2147764525627;1800
OutputStation2;0.50;6.50;227;170;33;28.450855961661784;246.41776874947325;4.04444444444448;62.77944444444444;6.878787878787879;933.9858369297827;1800
