Ident;X;Y;Transfers;InjectedTransfers;PodsHandled;PodHandlingTimeAvg;PodHandlingTimeVar;PodHandlingTimeMin;PodHandlingTimeMax;PileOn;IdleTime;UpTime
InputStation0;0.50;12.50;0;0;0;0;0;0;0;0;1800;1800
OutputStation0;35.50;3.50;237;169;33;28.681683283716268;423.5766315020093;4.04444444444448;79.38324673484158;7.181818181818182;892.1268830212001;1800
OutputStation1;35.50;9.50;245;183;36;28.090434903886102;383.34971754296504;4.199444444444225;80.83731601363615;6.805555555555555;860.5934343176714;1800
OutputStation2;0.50;6.50;232;170;34;28.153967829664456;330.19894367010534;4.080555555555549;84.71583692979812;6.823529411764706;912.7574892106047;1800
