Ident;X;Y;Transfers;InjectedTransfers;PodsHandled;PodHandlingTimeAvg;PodHandlingTimeVar;PodHandlingTimeMin;PodHandlingTimeMax;PileOn;IdleTime;UpTime
InputStation0;0.50;12.50;0;0;0;0;0;0;0;0;1800;1800
OutputStation0;35.50;3.50;242;169;34;29.189875432857928;243.72995164880842;4.176847056570779;54.109444444444534;7.117647058823529;871.0863490443903;1800
OutputStation1;35.50;9.50;243;186;34;29.619885832471688;415.32155798441204;4.071666666666488;70.91676045808026;7.147058823529412;868.1615800681681;1800
OutputStation2;0.50;6.50;240;187;31;31.46842666982915;416.314771209461;4.231111111111204;83.07000000000085;7.741935483870968;876.9528856716287;1800
