Ident;X;Y;Transfers;InjectedTransfers;PodsHandled;PodHandlingTimeAvg;PodHandlingTimeVar;PodHandlingTimeMin;PodHandlingTimeMax;PileOn;IdleTime;UpTime
InputStation0;0.50;12.50;0;0;0;0;0;0;0;0;1800;1800
OutputStation0;35.50;3.50;223;172;33;27.78274388977705;297.1719867738516;4.071111111111122;76.77722222222337;6.757575757575758;947.9255267838884;1800
OutputStation1;35.50;9.50;246;184;32;31.487500224779094;493.2063339653356;4.285555555555561;84.9822222222233;7.6875;856.5041414914054;1800
OutputStation2;0.50;6.50;214;153;35;24.505476190476305;258.4570017342622;4.169350653031415;68.20176045807932;6.114285714285714;978.970745198699;1800
