Ident;X;Y;Transfers;InjectedTransfers;PodsHandled;PodHandlingTimeAvg;PodHandlingTimeVar;PodHandlingTimeMin;PodHandlingTimeMax;PileOn;IdleTime;UpTime
InputStation0;0.50;12.50;0;0;0;0;0;0;0;0;1800;1800
OutputStation0;35.50;3.50;297;233;27;44.86454385134671;889.7023918343299;4.21787156919072;84.45518758282594;11;659.4105052051033;1800
OutputStation1;35.50;9.50;311;237;28;45.20863739487765;583.8827474929789;4.162777777777819;84.11388888888898;11.107142857142858;607.0685003657891;1800
OutputStation2;0.50;6.50;317;250;25;51.599533621050355;626.0884164604696;4.04444444444448;84.68722222222227;12.68;586.0106664732385;1800
