Ident;X;Y;Transfers;InjectedTransfers;PodsHandled;PodHandlingTimeAvg;PodHandlingTimeVar;PodHandlingTimeMin;PodHandlingTimeMax;PileOn;IdleTime;UpTime
InputStation0;0.50;12.50;0;0;0;0;0;0;0;0;1800;1800
OutputStation0;35.50;3.50;233;170;36;26.477914860563217;359.80203008950707;4.04444444444448;80.32323954192111;6.472222222222222;906.7834558964342;1800
OutputStation1;35.50;9.50;218;160;35;25.53109564911944;391.7119700779568;4.04444444444448;81.525000000001;6.228571428571429;963.6824313838246;1800
OutputStation2;0.50;6.50;270;192;30;36.85252116537076;560.6729721033353;4.04444444444448;85.55129869393727;9;767.9212771151585;1800
