Ident;X;Y;Transfers;InjectedTransfers;PodsHandled;PodHandlingTimeAvg;PodHandlingTimeVar;PodHandlingTimeMin;PodHandlingTimeMax;PileOn;IdleTime;UpTime
InputStation0;0.50;12.50;0;0;0;0;0;0;0;0;1800;1800
OutputStation0;35.50;3.50;251;195;31;32.571218637992864;543.4125741767054;4.134444444444625;77.4378715691912;8.096774193548388;840.5493506530311;1800
OutputStation1;35.50;9.50;245;181;33;30.19298548230784;303.68383567138716;4.04444444444448;69.5315728752538;7.424242424242424;860.8276624075955;1800
OutputStation2;0.50;6.50;277;210;30;38.123981001953304;423.13077045355567;8.115555555555375;80.89823954192047;9.233333333333333;738.3622366080276;1800
