Ident;X;Y;Transfers;InjectedTransfers;PodsHandled;PodHandlingTimeAvg;PodHandlingTimeVar;PodHandlingTimeMin;PodHandlingTimeMax;PileOn;IdleTime;UpTime
InputStation0;0.50;12.50;0;0;0;0;0;0;0;0;1800;1800
OutputStation0;35.50;3.50;263;190;29;36.54458501243455;797.3565645748314;4.147871569190329;83.20685424949306;9.068965517241379;789.523023159408;1800
OutputStation1;35.50;9.50;286;217;31;37.57487129441206;658.1853971608765;4.04444444444448;84.87453823585906;9.225806451612904;702.99432137046;1800
OutputStation2;0.50;6.50;277;210;30;37.74894179759247;676.818742958139;4.04444444444448;81.03277777777748;9.233333333333333;742.167676538015;1800
