Ident;X;Y;Transfers;InjectedTransfers;PodsHandled;PodHandlingTimeAvg;PodHandlingTimeVar;PodHandlingTimeMin;PodHandlingTimeMax;PileOn;IdleTime;UpTime
InputStation0;0.50;12.50;0;0;0;0;0;0;0;0;1800;1800
OutputStation0;35.50;3.50;267;201;30;36.942414709884424;351.3211645602416;4.199444444444225;79.58334085599495;8.9;777.915165674319;1800
OutputStation1;35.50;9.50;275;213;33;34.25510435063362;303.6116934640063;8.247128430809425;70.18833333333373;8.333333333333334;745.6328253955406;1800
OutputStation2;0.50;6.50;213;150;35;25.182508200886026;214.7467282188316;4.04444444444448;56.76944444444416;6.085714285714285;982.168957004463;1800
