Ident;X;Y;Transfers;InjectedTransfers;PodsHandled;PodHandlingTimeAvg;PodHandlingTimeVar;PodHandlingTimeMin;PodHandlingTimeMax;PileOn;IdleTime;UpTime
InputStation0;0.50;12.50;0;0;0;0;0;0;0;0;1800;1800
OutputStation0;35.50;3.50;223;158;36;25.69406645792643;339.63859964731563;4.04444444444448;80.60000000000025;6.194444444444445;947.1978281282503;1800
OutputStation1;35.50;9.50;265;202;32;33.67781836196327;276.28235502720963;4.04444444444448;70.72342712474665;8.28125;785.8411329732907;1800
OutputStation2;0.50;6.50;237;178;34;28.710008275712983;416.7070861690344;4.04444444444448;71.79888888889036;6.970588235294118;893.2566594737461;1800
