Ident;X;Y;Transfers;InjectedTransfers;PodsHandled;PodHandlingTimeAvg;PodHandlingTimeVar;PodHandlingTimeMin;PodHandlingTimeMax;PileOn;IdleTime;UpTime
InputStation0;0.50;12.50;0;0;0;0;0;0;0;0;1800;1800
OutputStation0;35.50;3.50;271;207;33;33.51547400466825;388.87428293019974;4.204999999999927;80.76963202727029;8.212121212121213;758.8371212378725;1800
OutputStation1;35.50;9.50;199;143;35;23.152552670288788;284.9010977214163;4.163888888888891;68.14166666666665;5.685714285714286;1038.9873738404312;1800
OutputStation2;0.50;6.50;218;152;33;27.159410774410475;447.16861247434906;4.04444444444448;81.50777777777807;6.606060606060606;967.0139826803002;1800
