Ident;X;Y;Transfers;InjectedTransfers;PodsHandled;PodHandlingTimeAvg;PodHandlingTimeVar;PodHandlingTimeMin;PodHandlingTimeMax;PileOn;IdleTime;UpTime
InputStation0;0.50;12.50;0;0;0;0;0;0;0;0;1800;1800
OutputStation0;35.50;3.50;245;175;34;29.665189072057867;442.009554461915;4.04444444444448;80.84509379141309;7.205882352941177;857.599364755459;1800
OutputStation1;35.50;9.50;225;161;37;24.74740961830504;211.03117330006665;4.04444444444448;57.959725818682614;6.081081081081081;934.6394591137204;1800
OutputStation2;0.50;6.50;243;180;34;29.44386979044868;264.259687576368;4.231111111110749;66.43593072120666;7.147058823529412;868.7080591520144;1800
