Ident;X;Y;Transfers;InjectedTransfers;PodsHandled;PodHandlingTimeAvg;PodHandlingTimeVar;PodHandlingTimeMin;PodHandlingTimeMax;PileOn;IdleTime;UpTime
InputStation0;0.50;12.50;0;0;0;0;0;0;0;0;1800;1800
OutputStation0;35.50;3.50;210;143;36;23.89686828296795;226.72967878493515;4.044444444444451;56.77176045807954;5.833333333333333;993.6929941322917;1800
OutputStation1;35.50;9.50;221;160;37;24.31590246378723;250.4028480380649;4.04444444444448;53.921666666667306;5.972972972972973;954.4025323681622;1800
OutputStation2;0.50;6.50;231;168;36;26.52093674680086;246.50248912847303;4.04444444444448;67.85944444444425;6.416666666666667;917.3350359646188;1800
