Ident;X;Y;Transfers;InjectedTransfers;PodsHandled;PodHandlingTimeAvg;PodHandlingTimeVar;PodHandlingTimeMin;PodHandlingTimeMax;PileOn;IdleTime;UpTime
InputStation0;0.50;12.50;0;0;0;0;0;0;0;0;1800;1800
OutputStation0;31.50;3.50;173;132;29;62.496034978822415;1670.440764853511;12.534444444444262;207.28417026312854;5.9655172413793105;108.71534639396442;1800
OutputStation1;31.50;9.50;173;133;26;67.74448107136662;1114.0646938869002;12.04046176414272;135.45908366463732;6.653846153846154;114.2075035964663;1800
OutputStation2;0.50;6.50;174;139;22;81.6443562240818;2126.1121134852647;22.178239541920902;175.7550000000026;7.909090909090909;91.6134274081679;1800
