Ident;X;Y;Transfers;InjectedTransfers;PodsHandled;PodHandlingTimeAvg;PodHandlingTimeVar;PodHandlingTimeMin;PodHandlingTimeMax;PileOn;IdleTime;UpTime
InputStation0;0.50;12.50;0;0;0;0;0;0;0;0;1800;1800
OutputStation0;35.50;3.50;260;196;32;33.5206398796872;400.67903128433716;4.160555555555561;77.75231601363589;8.125;802.4155989965103;1800
OutputStation1;35.50;9.50;209;154;36;23.626126942816775;437.42842239116646;4.04444444444448;85.67777777777837;5.805555555555555;997.0863709065833;1800
OutputStation2;0.50;6.50;221;162;33;27.52544033463436;277.3510810151481;4.284350653031424;75.03351372323766;6.696969696969697;955.0097980313202;1800
