Ident;X;Y;Transfers;InjectedTransfers;PodsHandled;PodHandlingTimeAvg;PodHandlingTimeVar;PodHandlingTimeMin;PodHandlingTimeMax;PileOn;IdleTime;UpTime
InputStation0;0.50;12.50;0;0;0;0;0;0;0;0;1800;1800
OutputStation0;35.50;3.50;208;149;38;22.502095768952422;327.035322163241;4.04444444444448;65.16555555555541;5.473684210526316;1005.3348411888685;1800
OutputStation1;35.50;9.50;255;192;34;30.57830065359472;330.5578877009721;4.04444444444448;74.09055555555597;7.5;824.2606855949928;1800
OutputStation2;0.50;6.50;227;167;32;29.16418988974112;547.7149613939812;4.08055555555552;83.50166666666632;7.09375;931.2146536060175;1800
