Ident;X;Y;Transfers;InjectedTransfers;PodsHandled;PodHandlingTimeAvg;PodHandlingTimeVar;PodHandlingTimeMin;PodHandlingTimeMax;PileOn;IdleTime;UpTime
InputStation0;0.50;12.50;0;0;0;0;0;0;0;0;1800;1800
OutputStation0;35.50;3.50;283;210;27;43.3477849153866;584.5813354547862;4.065555555555193;84.91953823585891;10.481481481481481;719.0346392202082;1800
OutputStation1;35.50;9.50;326;237;27;49.69582720444854;514.0804570335824;4.04444444444448;84.06222222222223;12.074074074074074;553.0535602728422;1800
OutputStation2;0.50;6.50;246;181;32;30.4813626704479;607.3035543418337;4.04444444444448;81.59611111111155;7.6875;860.3702001917641;1800
