Ident;X;Y;Transfers;InjectedTransfers;PodsHandled;PodHandlingTimeAvg;PodHandlingTimeVar;PodHandlingTimeMin;PodHandlingTimeMax;PileOn;IdleTime;UpTime
InputStation0;0.50;12.50;0;0;0;0;0;0;0;0;1800;1800
OutputStation0;35.50;3.50;283;227;28;41.57784142195118;348.9717123986069;4.332229415149413;66.5515728752523;10.107142857142858;713.6487807116137;1800
OutputStation1;35.50;9.50;270;203;31;35.299134662006445;387.9535044839716;4.04444444444448;70.29305195909456;8.709677419354838;766.0733623884207;1800
OutputStation2;0.50;6.50;216;158;34;25.92682263587272;578.6502580381704;4.04444444444448;77.60990620858729;6.352941176470588;972.2820996591059;1800
