Ident;X;Y;Transfers;InjectedTransfers;PodsHandled;PodHandlingTimeAvg;PodHandlingTimeVar;PodHandlingTimeMin;PodHandlingTimeMax;PileOn;IdleTime;UpTime
InputStation0;0.50;12.50;0;0;0;0;0;0;0;0;1800;1800
OutputStation0;35.50;3.50;207;147;34;24.76169107069236;322.2897071014512;4.04444444444448;75.86722222222238;6.088235294117647;1007.1850143858309;1800
OutputStation1;35.50;9.50;232;171;36;26.6749617194586;384.5255328547621;4.044444444444444;77.37676045808166;6.444444444444445;912.720937914134;1800
OutputStation2;0.50;6.50;215;146;36;24.693230119669316;276.7399224711168;4.07990620858709;71.92944444444447;5.972222222222222;974.6929437818364;1800
