Ident;X;Y;Transfers;InjectedTransfers;PodsHandled;PodHandlingTimeAvg;PodHandlingTimeVar;PodHandlingTimeMin;PodHandlingTimeMax;PileOn;IdleTime;UpTime
InputStation0;0.50;12.50;0;0;0;0;0;0;0;0;1800;1800
OutputStation0;35.50;3.50;243;180;33;30.43566181404995;376.8166899586019;4.04444444444448;75.3677777777778;7.363636363636363;867.3809813550838;1800
OutputStation1;35.50;9.50;258;194;36;28.921170034385636;320.3253785912401;4.04444444444448;65.47277777777799;7.166666666666667;809.6501660040409;1800
OutputStation2;0.50;6.50;217;161;34;26.350456450221554;409.6785951936488;4.04444444444448;83.41953823585823;6.382352941176471;966.942445769651;1800
