Ident;X;Y;Transfers;InjectedTransfers;PodsHandled;PodHandlingTimeAvg;PodHandlingTimeVar;PodHandlingTimeMin;PodHandlingTimeMax;PileOn;IdleTime;UpTime
InputStation0;0.50;12.50;0;0;0;0;0;0;0;0;1800;1800
OutputStation0;35.50;3.50;242;173;34;29.369044223425323;307.44378219278747;4.044444444444423;67.23564934696827;7.117647058823529;871.4799928070747;1800
OutputStation1;35.50;9.50;244;180;35;28.557426097186188;312.98286634662963;4.149538235857335;69.64842712474598;6.9714285714285715;868.0416663832998;1800
OutputStation2;0.50;6.50;261;189;33;32.28473632405882;275.81488106498733;8.224444444444089;64.95333333333372;7.909090909090909;800.9607500479506;1800
