Ident;X;Y;Transfers;InjectedTransfers;PodsHandled;PodHandlingTimeAvg;PodHandlingTimeVar;PodHandlingTimeMin;PodHandlingTimeMax;PileOn;IdleTime;UpTime
InputStation0;0.50;12.50;0;0;0;0;0;0;0;0;1800;1800
OutputStation0;35.50;3.50;233;177;33;28.77159080010729;337.7972907233924;4.04444444444448;66.69444444444468;7.0606060606060606;915.0629100358977;1800
OutputStation1;35.50;9.50;236;176;33;29.45451608566823;360.6271974701262;4.04444444444448;85.13444444444553;7.151515151515151;894.0553198409264;1800
OutputStation2;0.50;6.50;264;202;32;33.31169597648323;213.89486900150266;8.332128430809234;64.8655555555556;8.25;789.7664478250283;1800
