Ident;X;Y;Transfers;InjectedTransfers;PodsHandled;PodHandlingTimeAvg;PodHandlingTimeVar;PodHandlingTimeMin;PodHandlingTimeMax;PileOn;IdleTime;UpTime
InputStation0;0.50;12.50;0;0;0;0;0;0;0;0;1800;1800
OutputStation0;35.50;3.50;250;191;34;30.0240172723851;411.0908971864039;4.046572875253787;77.59833333333336;7.352941176470588;843.0831889080375;1800
OutputStation1;35.50;9.50;248;195;35;28.12901010248244;451.82671018987924;4.04444444444448;75.25036797272969;7.085714285714285;854.2478499904098;1800
OutputStation2;0.50;6.50;220;155;33;26.79610280258635;393.9945689208307;4.04444444444448;79.91796536060352;6.666666666666667;955.1618976904545;1800
