Ident;X;Y;Transfers;InjectedTransfers;PodsHandled;PodHandlingTimeAvg;PodHandlingTimeVar;PodHandlingTimeMin;PodHandlingTimeMax;PileOn;IdleTime;UpTime
InputStation0;0.50;12.50;0;0;0;0;0;0;0;0;1800;1800
OutputStation0;35.50;3.50;201;144;35;22.34142341743141;273.1186994631045;4.044444444444444;76.94833333333327;5.742857142857143;1029.4265872611156;1800
OutputStation1;35.50;9.50;242;181;32;30.841374683538294;582.1076311662455;4.04444444444448;83.63759738787621;7.5625;871.8704977287405;1800
OutputStation2;0.50;6.50;215;155;34;26.06782425037136;364.2048772075706;4.083333333333485;75.94999999999982;6.323529411764706;976.263484951529;1800
