Ident;X;Y;Transfers;InjectedTransfers;PodsHandled;PodHandlingTimeAvg;PodHandlingTimeVar;PodHandlingTimeMin;PodHandlingTimeMax;PileOn;IdleTime;UpTime
InputStation0;0.50;12.50;0;0;0;0;0;0;0;0;1800;1800
OutputStation0;35.50;3.50;254;176;32;31.9111027677239;427.4364786512807;4.065649346968257;71.45963202727035;7.9375;826.7397114328455;1800
OutputStation1;35.50;9.50;257;191;32;32.637176000852236;350.6705594879334;4.04444444444448;82.5394444444446;8.03125;812.7221790646528;1800
OutputStation2;0.50;6.50;249;182;31;33.061060837259554;423.9813591636981;8.044444444444423;80.82194084798326;8.03225806451613;843.9244372515245;1800
