Ident;X;Y;Transfers;InjectedTransfers;PodsHandled;PodHandlingTimeAvg;PodHandlingTimeVar;PodHandlingTimeMin;PodHandlingTimeMax;PileOn;IdleTime;UpTime
InputStation0;0.50;12.50;0;0;0;0;0;0;0;0;1800;1800
OutputStation0;35.50;3.50;250;186;33;30.725878263039558;421.0683802055152;4.04444444444448;85.01500000000101;7.575757575757576;845.7450215787694;1800
OutputStation1;35.50;9.50;246;181;32;31.470509109406642;289.0731568320649;4.150093791412701;62.350093791412746;7.6875;855.6325614232285;1800
OutputStation2;0.50;6.50;250;199;33;30.927482838032134;413.53387500931535;4.04444444444448;79.2043506530315;7.575757575757576;841.0621284308136;1800
