Ident;X;Y;Transfers;InjectedTransfers;PodsHandled;PodHandlingTimeAvg;PodHandlingTimeVar;PodHandlingTimeMin;PodHandlingTimeMax;PileOn;IdleTime;UpTime
InputStation0;0.50;12.50;0;0;0;0;0;0;0;0;1800;1800
OutputStation0;35.50;3.50;251;183;34;30.263994992260997;321.5902895453342;4.159906208587188;70.73740980504783;7.382352941176471;839.7090261212581;1800
OutputStation1;35.50;9.50;239;182;35;28.130725834879314;306.8948212806327;4.20555555555552;62.41000000000054;6.828571428571428;885.8633767743117;1800
OutputStation2;0.50;6.50;258;196;33;32.22676789473513;244.184450221049;4.04444444444448;66.6246320272719;7.818181818181818;809.3893650388661;1800
