Ident;X;Y;Transfers;InjectedTransfers;PodsHandled;PodHandlingTimeAvg;PodHandlingTimeVar;PodHandlingTimeMin;PodHandlingTimeMax;PileOn;IdleTime;UpTime
InputStation0;0.50;12.50;0;0;0;0;0;0;0;0;1800;1800
OutputStation0;35.50;3.50;279;210;32;35.72423430402388;509.32327176806086;4.04444444444448;79.71500000000003;8.71875;730.8296823777387;1800
OutputStation1;35.50;9.50;215;152;34;25.99069476177942;375.6931696672902;4.065468957067651;79.24963202727395;6.323529411764706;972.4875614232677;1800
OutputStation2;0.50;6.50;273;195;30;36.86775637264293;394.98329769778934;8.241111111110968;80.98499999999979;9.1;752.3783767742627;1800
