Ident;X;Y;Transfers;InjectedTransfers;PodsHandled;PodHandlingTimeAvg;PodHandlingTimeVar;PodHandlingTimeMin;PodHandlingTimeMax;PileOn;IdleTime;UpTime
InputStation0;0.50;12.50;0;0;0;0;0;0;0;0;1800;1800
OutputStation0;35.50;3.50;246;170;33;30.44687764929544;268.25287648755364;4.044444444444423;76.78046176414296;7.454545454545454;855.2982395419209;1800
OutputStation1;35.50;9.50;232;163;35;26.59336507936522;424.9890939959378;4.04444444444448;75.11583692979434;6.628571428571429;907.486313079788;1800
OutputStation2;0.50;6.50;249;193;33;30.31196729074053;388.485269853937;4.04444444444448;71.48111111111132;7.545454545454546;850.2170777969326;1800
