Ident;X;Y;Transfers;InjectedTransfers;PodsHandled;PodHandlingTimeAvg;PodHandlingTimeVar;PodHandlingTimeMin;PodHandlingTimeMax;PileOn;IdleTime;UpTime
InputStation0;0.50;12.50;0;0;0;0;0;0;0;0;1800;1800
OutputStation0;35.50;3.50;250;181;34;30.293148289185744;461.36732403733686;4.092777777777201;69.11000000000035;7.352941176470588;844.0254257995243;1800
OutputStation1;35.50;9.50;226;170;37;24.84713486143859;276.0574501424498;4.04444444444448;76.22166666666749;6.108108108108108;937.0731817151136;1800
OutputStation2;0.50;6.50;271;204;29;37.50571503260218;371.5062136787375;12.336666666666815;82.62277777777854;9.344827586206897;757.3563709065653;1800
