Ident;X;Y;Transfers;InjectedTransfers;PodsHandled;PodHandlingTimeAvg;PodHandlingTimeVar;PodHandlingTimeMin;PodHandlingTimeMax;PileOn;IdleTime;UpTime
InputStation0;0.50;12.50;0;0;0;0;0;0;0;0;1800;1800
OutputStation0;35.50;3.50;214;165;34;25.743703633184825;298.55505447871406;4.04444444444448;70.82852091615973;6.294117647058823;980.3040551763575;1800
OutputStation1;35.50;9.50;262;201;33;32.214954961310276;343.43004477819994;4.11546176414231;67.80268398636485;7.9393939393939394;793.5939682944455;1800
OutputStation2;0.50;6.50;205;146;37;22.57107464279205;271.01866208522927;4.04444444444448;66.82463202727013;5.54054054054054;1016.3613199893083;1800
