Ident;X;Y;Transfers;InjectedTransfers;PodsHandled;PodHandlingTimeAvg;PodHandlingTimeVar;PodHandlingTimeMin;PodHandlingTimeMax;PileOn;IdleTime;UpTime
InputStation0;0.50;12.50;0;0;0;0;0;0;0;0;1800;1800
OutputStation0;35.50;3.50;247;181;33;30.767952030241602;337.5359561688493;4.133333333333439;74.45740980504831;7.484848484848484;852.5375614232521;1800
OutputStation1;35.50;9.50;283;209;31;37.15091723605391;423.55321904780635;4.179444444444698;81.42666666666673;9.129032258064516;711.1269552338359;1800
OutputStation2;0.50;6.50;231;161;34;27.718641243835258;386.9047891708156;4.249444444444407;71.3749062085871;6.794117647058823;914.6102813742366;1800
