Ident;X;Y;Transfers;InjectedTransfers;PodsHandled;PodHandlingTimeAvg;PodHandlingTimeVar;PodHandlingTimeMin;PodHandlingTimeMax;PileOn;IdleTime;UpTime
InputStation0;0.50;12.50;0;0;0;0;0;0;0;0;1800;1800
OutputStation0;35.50;3.50;238;174;31;31.594361817887663;356.38888334947194;4.372316013635043;75.71509379141287;7.67741935483871;888.5626549312635;1800
OutputStation1;35.50;9.50;263;196;32;33.98421085617041;372.40326767260126;4.116111111111081;63.23666666666713;8.21875;791.7824100884445;1800
OutputStation2;0.50;6.50;268;208;30;36.89328474983133;419.85314274539354;4.066111111110786;71.46351372323795;8.933333333333334;768.9126477383393;1800
