Ident;X;Y;Transfers;InjectedTransfers;PodsHandled;PodHandlingTimeAvg;PodHandlingTimeVar;PodHandlingTimeMin;PodHandlingTimeMax;PileOn;IdleTime;UpTime
InputStation0;0.50;12.50;0;0;0;0;0;0;0;0;1800;1800
OutputStation0;35.50;3.50;237;173;35;27.849433519913823;261.0510122623218;4.04444444444448;65.15787156919123;6.771428571428571;890.7559957409308;1800
OutputStation1;35.50;9.50;241;186;32;31.260072375426397;481.44955802849483;4.08888888888896;76.25611111111175;7.53125;875.4285281090774;1800
OutputStation2;0.50;6.50;204;141;34;23.464278287180665;197.33079922624256;4.246017319698353;62.09676045808101;6;1020.8923088206975;1800
