Ident;X;Y;Transfers;InjectedTransfers;PodsHandled;PodHandlingTimeAvg;PodHandlingTimeVar;PodHandlingTimeMin;PodHandlingTimeMax;PileOn;IdleTime;UpTime
InputStation0;0.50;12.50;0;0;0;0;0;0;0;0;1800;1800
OutputStation0;35.50;3.50;245;180;33;30.506101990231944;564.7473788124183;4.04444444444448;77.38907647171459;7.424242424242424;860.0388672992776;1800
OutputStation1;35.50;9.50;235;169;34;27.826167837543682;344.6012589545632;4.153217963146744;75.37555555555605;6.911764705882353;897.7075410955125;1800
OutputStation2;0.50;6.50;240;184;31;32.133486234014796;291.55741953665415;4.04444444444448;67.17981961009525;7.741935483870968;879.653227864992;1800
