Ident;X;Y;Transfers;InjectedTransfers;PodsHandled;PodHandlingTimeAvg;PodHandlingTimeVar;PodHandlingTimeMin;PodHandlingTimeMax;PileOn;IdleTime;UpTime
InputStation0;0.50;12.50;0;0;0;0;0;0;0;0;1800;1800
OutputStation0;35.50;3.50;234;169;34;27.42032446192821;411.08862459680967;4.04444444444448;66.43574313838121;6.882352941176471;907.9200000000112;1800
OutputStation1;35.50;9.50;248;176;34;29.901271751233107;287.36576358376556;4.07166666666626;70.82388888888931;7.294117647058823;852.681529717687;1800
OutputStation2;0.50;6.50;242;177;32;30.72070030640777;433.8941073905986;4.04444444444448;83.74565653988998;7.5625;868.861969619657;1800
