Ident;X;Y;Transfers;InjectedTransfers;PodsHandled;PodHandlingTimeAvg;PodHandlingTimeVar;PodHandlingTimeMin;PodHandlingTimeMax;PileOn;IdleTime;UpTime
InputStation0;0.50;12.50;0;0;0;0;0;0;0;0;1800;1800
OutputStation0;35.50;3.50;265;197;31;35.067601600077545;652.4307390553888;4.04444444444448;83.17675326515791;8.548387096774194;784.1850729509721;1800
OutputStation1;35.50;9.50;272;188;32;34.86389903138148;548.9062917614796;4.217777777777428;81.44833333333321;8.5;759.7691266227325;1800
OutputStation2;0.50;6.50;294;217;27;44.65208487040792;837.6299087599325;4.1039826803016695;83.7478643762687;10.88888888888889;675.0704592209423;1800
