Ident;X;Y;Transfers;InjectedTransfers;PodsHandled;PodHandlingTimeAvg;PodHandlingTimeVar;PodHandlingTimeMin;PodHandlingTimeMax;PileOn;IdleTime;UpTime
InputStation0;0.50;12.50;0;0;0;0;0;0;0;0;1800;1800
OutputStation0;35.50;3.50;227;158;34;27.12558781218117;478.0253070812688;4.047034639397225;83.76611111111119;6.676470588235294;929.6854401853676;1800
OutputStation1;35.50;9.50;245;182;33;30.429797979798316;342.24188794593266;4.062965360610178;75.9240692787921;7.424242424242424;863.042452962596;1800
OutputStation2;0.50;6.50;263;204;31;35.096308475757475;640.3156080123902;4.047222222222217;77.17898268030143;8.483870967741936;794.351883021177;1800
