Ident;X;Y;Transfers;InjectedTransfers;PodsHandled;PodHandlingTimeAvg;PodHandlingTimeVar;PodHandlingTimeMin;PodHandlingTimeMax;PileOn;IdleTime;UpTime
InputStation0;0.50;12.50;0;0;0;0;0;0;0;0;1800;1800
OutputStation0;35.50;3.50;225;161;35;26.234378067114267;275.9041433804725;4.04444444444448;74.302409805048;6.428571428571429;938.6535859358883;1800
OutputStation1;35.50;9.50;254;193;34;30.471296155258436;472.0488491404758;4.04444444444448;82.10462483434799;7.470588235294118;829.6758872802433;1800
OutputStation2;0.50;6.50;235;171;34;28.283783208629902;201.99692298570392;4.372222222222263;68.8070418323191;6.911764705882353;900.6345960626668;1800
