Ident;X;Y;Transfers;InjectedTransfers;PodsHandled;PodHandlingTimeAvg;PodHandlingTimeVar;PodHandlingTimeMin;PodHandlingTimeMax;PileOn;IdleTime;UpTime
InputStation0;0.50;12.50;0;0;0;0;0;0;0;0;1800;1800
OutputStation0;35.50;3.50;247;184;32;31.00140647477879;299.49764581479843;4.044444444444444;75.15509379141304;7.71875;850.2182179631438;1800
OutputStation1;35.50;9.50;252;187;34;29.99337895970053;334.1023513369581;4.165461764142492;79.5638888888883;7.411764705882353;834.5112411505352;1800
OutputStation2;0.50;6.50;235;175;33;29.504161527257214;555.0957623132205;4.04444444444448;83.22611111111223;7.121212121212121;899.4754689570623;1800
