Ident;X;Y;Transfers;InjectedTransfers;PodsHandled;PodHandlingTimeAvg;PodHandlingTimeVar;PodHandlingTimeMin;PodHandlingTimeMax;PileOn;IdleTime;UpTime
InputStation0;0.50;12.50;0;0;0;0;0;0;0;0;1800;1800
OutputStation0;35.50;3.50;242;177;36;27.48548420510611;296.00557739102544;4.067777777777785;68.93611111110977;6.722222222222222;874.5279147267712;1800
OutputStation1;35.50;9.50;222;163;36;25.119053231537766;241.85816485585215;4.044531042931112;66.89518038990377;6.166666666666667;950.5801588111299;1800
OutputStation2;0.50;6.50;203;136;35;23.54060131689703;223.5296874797469;4.04444444444448;58.36897548738028;5.8;1021.2285353020171;1800
