Ident;X;Y;Transfers;InjectedTransfers;PodsHandled;PodHandlingTimeAvg;PodHandlingTimeVar;PodHandlingTimeMin;PodHandlingTimeMax;PileOn;IdleTime;UpTime
InputStation0;0.50;12.50;0;0;0;0;0;0;0;0;1800;1800
OutputStation0;35.50;3.50;225;167;34;27.06386448486322;373.29954720309433;4.04444444444448;76.49453823585736;6.617647058823529;937.1676500820641;1800
OutputStation1;35.50;9.50;225;163;38;24.398353268181438;231.3482044720637;4.04444444444448;68.09074313838113;5.921052631578948;943.4496700521859;1800
OutputStation2;0.50;6.50;246;186;32;31.271764361418278;568.3342494942739;4.090461764142688;83.80101731969819;7.6875;854.9108947565948;1800
