Ident;X;Y;Transfers;InjectedTransfers;PodsHandled;PodHandlingTimeAvg;PodHandlingTimeVar;PodHandlingTimeMin;PodHandlingTimeMax;PileOn;IdleTime;UpTime
InputStation0;0.50;12.50;0;0;0;0;0;0;0;0;1800;1800
OutputStation0;35.50;3.50;226;165;35;26.657467329163733;276.82640640495754;4.044444444444423;62.9411111111109;6.457142857142857;933.1076408288122;1800
OutputStation1;35.50;9.50;251;189;35;29.42579014899051;296.893965108916;4.125;80.70008659848963;7.171428571428572;838.5256205752761;1800
OutputStation2;0.50;6.50;236;176;34;28.572037812744536;475.6562570966872;4.044444444444451;83.52944444444441;6.9411764705882355;894.983758849453;1800
