Ident;X;Y;Transfers;InjectedTransfers;PodsHandled;PodHandlingTimeAvg;PodHandlingTimeVar;PodHandlingTimeMin;PodHandlingTimeMax;PileOn;IdleTime;UpTime
InputStation0;0.50;12.50;0;0;0;0;0;0;0;0;1800;1800
OutputStation0;35.50;3.50;217;153;34;26.34706137054391;387.18486468701036;4.04444444444448;83.97499999999991;6.382352941176471;968.9899928070627;1800
OutputStation1;35.50;9.50;245;184;33;30.273767983639637;276.13653902534617;4.149444444444271;74.77787156919112;7.424242424242424;864.7352888505765;1800
OutputStation2;0.50;6.50;202;146;34;24.072894492320717;263.3865628400813;4.082777777777665;67.37166666666678;5.9411764705882355;1025.115295760077;1800
