Ident;X;Y;Transfers;InjectedTransfers;PodsHandled;PodHandlingTimeAvg;PodHandlingTimeVar;PodHandlingTimeMin;PodHandlingTimeMax;PileOn;IdleTime;UpTime
InputStation0;0.50;12.50;0;0;0;0;0;0;0;0;1800;1800
OutputStation0;35.50;3.50;261;188;32;33.38535308418562;443.43384939442603;4.089444444444439;79.53944444444443;8.15625;800.3158153510401;1800
OutputStation1;35.50;9.50;283;218;32;36.10603896046393;433.60801891504593;4.290555555555557;76.36833333333334;8.84375;715.7221428166599;1800
OutputStation2;0.50;6.50;231;167;35;26.915987012250906;395.3960430086875;4.059906208587108;73.08055555555546;6.6;914.7709163353536;1800
