Ident;X;Y;Transfers;InjectedTransfers;PodsHandled;PodHandlingTimeAvg;PodHandlingTimeVar;PodHandlingTimeMin;PodHandlingTimeMax;PileOn;IdleTime;UpTime
InputStation0;0.50;12.50;0;0;0;0;0;0;0;0;1800;1800
OutputStation0;35.50;3.50;250;180;31;32.94183967977592;504.76911742326024;4.1105555555552655;77.5638816959692;8.064516129032258;842.0743506530309;1800
OutputStation1;35.50;9.50;290;228;29;41.15684579686473;644.6461862745934;4.113888888888823;77.45388888888874;10;689.568391160135;1800
OutputStation2;0.50;6.50;252;187;32;31.90247700170446;389.88516443242696;4.04444444444448;74.81287156919052;7.875;836.327005867697;1800
