Ident;X;Y;Transfers;InjectedTransfers;PodsHandled;PodHandlingTimeAvg;PodHandlingTimeVar;PodHandlingTimeMin;PodHandlingTimeMax;PileOn;IdleTime;UpTime
InputStation0;0.50;12.50;0;0;0;0;0;0;0;0;1800;1800
OutputStation0;35.50;3.50;285;218;30;38.13165416114496;561.7460699988603;4.044444444444444;83.55240261212657;9.5;708.8570562181563;1800
OutputStation1;35.50;9.50;260;207;33;32.396307446985176;388.2615514697568;4.196666666666488;68.6911111111101;7.878787878787879;799.2332467348432;1800
OutputStation2;0.50;6.50;276;218;30;37.5574381916837;371.381728466911;12.135000000000218;75.34490620858742;9.2;745.2680519590974;1800
