Ident;X;Y;Transfers;InjectedTransfers;PodsHandled;PodHandlingTimeAvg;PodHandlingTimeVar;PodHandlingTimeMin;PodHandlingTimeMax;PileOn;IdleTime;UpTime
InputStation0;0.50;12.50;0;0;0;0;0;0;0;0;1800;1800
OutputStation0;35.50;3.50;267;183;32;34.299748151499415;643.2381106097747;4.105649346969585;80.69500000000028;8.34375;778.8216885288338;1800
OutputStation1;35.50;9.50;268;207;31;35.47767606992507;364.6322605494547;8.37166666666667;80.2742568616195;8.64516129032258;772.1108728944353;1800
OutputStation2;0.50;6.50;251;184;29;35.640998906705335;445.25434889290125;4.04444444444448;84.25536797272991;8.655172413793103;834.4553463939278;1800
