Ident;X;Y;Transfers;InjectedTransfers;PodsHandled;PodHandlingTimeAvg;PodHandlingTimeVar;PodHandlingTimeMin;PodHandlingTimeMax;PileOn;IdleTime;UpTime
InputStation0;0.50;12.50;0;0;0;0;0;0;0;0;1800;1800
OutputStation0;35.50;3.50;257;186;29;35.9766216360853;496.3136366576957;4.104444444445335;84.35509379141342;8.862068965517242;816.8689104676466;1800
OutputStation1;35.50;9.50;242;173;34;29.28365970760575;329.6892555576483;4.0959235282834925;79.79842712474635;7.117647058823529;874.9905918035844;1800
OutputStation2;0.50;6.50;277;211;30;37.68685978296151;509.72506125833917;4.418535302006376;75.712777777778;9.233333333333333;737.5560892489527;1800
