Ident;X;Y;Transfers;InjectedTransfers;PodsHandled;PodHandlingTimeAvg;PodHandlingTimeVar;PodHandlingTimeMin;PodHandlingTimeMax;PileOn;IdleTime;UpTime
InputStation0;0.50;12.50;0;0;0;0;0;0;0;0;1800;1800
OutputStation0;35.50;3.50;247;176;35;28.60496845948046;237.58930978340513;4.04444444444448;73.9915728752539;7.057142857142857;856.8597258186743;1800
OutputStation1;35.50;9.50;240;183;32;30.227531791240562;354.18156326955125;4.04444444444448;76.03815294342985;7.5;881.0932035772931;1800
OutputStation2;0.50;6.50;264;200;31;34.25790694742525;287.10202573305764;4.08055555555552;83.92777777777785;8.516129032258064;788.5909957409249;1800
