Ident;X;Y;Transfers;InjectedTransfers;PodsHandled;PodHandlingTimeAvg;PodHandlingTimeVar;PodHandlingTimeMin;PodHandlingTimeMax;PileOn;IdleTime;UpTime
InputStation0;0.50;12.50;0;0;0;0;0;0;0;0;1800;1800
OutputStation0;35.50;3.50;234;164;31;30.679791461354974;334.2983717766715;4.294999999999845;75.59231601363513;7.548387096774194;903.9001084606747;1800
OutputStation1;35.50;9.50;238;180;33;29.681602168763767;305.1004548359034;4.2045382358571715;75.57850653031574;7.212121212121212;887.8909597762927;1800
OutputStation2;0.50;6.50;240;174;34;29.073601134609923;234.8306271000175;4.044444444444423;61.605187582826034;7.0588235294117645;878.6545813934142;1800
