Ident;X;Y;Transfers;InjectedTransfers;PodsHandled;PodHandlingTimeAvg;PodHandlingTimeVar;PodHandlingTimeMin;PodHandlingTimeMax;PileOn;IdleTime;UpTime
InputStation0;0.50;12.50;0;0;0;0;0;0;0;0;1800;1800
OutputStation0;35.50;3.50;247;183;34;30.079303748989105;384.44030947235774;4.303333333333512;75.01564934696898;7.264705882352941;854.987986372526;1800
OutputStation1;35.50;9.50;221;158;36;25.173141930624244;243.87905962024527;4.106666666666342;66.66444444444426;6.138888888888889;957.3241843655569;1800
OutputStation2;0.50;6.50;255;194;32;33.02119542638575;294.89857829644217;4.04444444444448;68.18629869393749;7.96875;823.4929014745463;1800
