Ident;X;Y;Transfers;InjectedTransfers;PodsHandled;PodHandlingTimeAvg;PodHandlingTimeVar;PodHandlingTimeMin;PodHandlingTimeMax;PileOn;IdleTime;UpTime
InputStation0;0.50;12.50;0;0;0;0;0;0;0;0;1800;1800
OutputStation0;35.50;3.50;256;197;31;33.55270027416082;405.4943180037105;4.300555555555775;71.79268398636509;8.258064516129032;818.0270343559898;1800
OutputStation1;35.50;9.50;267;207;29;37.70534880586849;678.1099527786947;4.063888888888414;80.75750359646122;9.206896551724139;779.0717604580784;1800
OutputStation2;0.50;6.50;263;210;30;35.889773932104895;581.1817917098127;4.04444444444448;79.55453823585844;8.766666666666667;789.1206781186644;1800
