Ident;X;Y;Transfers;InjectedTransfers;PodsHandled;PodHandlingTimeAvg;PodHandlingTimeVar;PodHandlingTimeMin;PodHandlingTimeMax;PileOn;IdleTime;UpTime
InputStation0;0.50;12.50;0;0;0;0;0;0;0;0;1800;1800
OutputStation0;39.50;3.50;243;179;32;38.659380861963285;486.2009825136676;5.125;89.45833333333348;7.59375;637.577452962615;1800
OutputStation1;39.50;9.50;233;172;31;38.80611367258075;625.7051261786044;5.04444444444448;99.48833333333334;7.516129032258065;684.4009741621395;1800
OutputStation2;0.50;6.50;254;185;30;43.1835216448988;453.78991600152267;10.422496403534751;82.76564934696844;8.466666666666667;582.7694947948988;1800
