Ident;X;Y;Transfers;InjectedTransfers;PodsHandled;PodHandlingTimeAvg;PodHandlingTimeVar;PodHandlingTimeMin;PodHandlingTimeMax;PileOn;IdleTime;UpTime
InputStation0;0.50;12.50;0;0;0;0;0;0;0;0;1800;1800
OutputStation0;35.50;3.50;243;168;32;30.58383296660169;513.6192819387861;4.046572875253787;82.32816013635068;7.59375;871.7340402236781;1800
OutputStation1;35.50;9.50;218;158;36;25.016259014771368;451.83812168733454;4.04444444444448;75.97398268030167;6.055555555555555;966.472589344657;1800
OutputStation2;0.50;6.50;274;204;30;37.79205602563666;516.2187812347825;4.0627777777781375;85.86854249492376;9.133333333333333;754.6705414531318;1800
