Ident;X;Y;Transfers;InjectedTransfers;PodsHandled;PodHandlingTimeAvg;PodHandlingTimeVar;PodHandlingTimeMin;PodHandlingTimeMax;PileOn;IdleTime;UpTime
InputStation0;0.50;12.50;0;0;0;0;0;0;0;0;1800;1800
OutputStation0;35.50;3.50;280;212;32;35.75935741411017;331.1949395960762;4.04444444444448;82.91888888888911;8.75;726.554984592465;1800
OutputStation1;35.50;9.50;267;208;31;35.63001792114708;352.3459754311686;4.302222222221872;78.53879509747628;8.612903225806452;772.727483039352;1800
OutputStation2;0.50;6.50;244;182;32;31.058365124574046;385.9692263769111;4.04444444444448;74.86842712474612;7.625;866.162943526402;1800
