Ident;X;Y;Transfers;InjectedTransfers;PodsHandled;PodHandlingTimeAvg;PodHandlingTimeVar;PodHandlingTimeMin;PodHandlingTimeMax;PileOn;IdleTime;UpTime
InputStation0;0.50;12.50;0;0;0;0;0;0;0;0;1800;1800
OutputStation0;35.50;3.50;257;192;31;34.284636454121014;443.3517773452828;4.106666666666342;76.11527418131345;8.290322580645162;816.9389823968901;1800
OutputStation1;35.50;9.50;267;196;32;34.24888212781019;408.6459479534192;8.211111111111222;81.57555555555632;8.34375;774.623975203976;1800
OutputStation2;0.50;6.50;241;167;34;29.004588956253542;316.9901265996814;4.05323954192022;67.65444444444427;7.088235294117647;877.2546829445779;1800
