Ident;X;Y;Transfers;InjectedTransfers;PodsHandled;PodHandlingTimeAvg;PodHandlingTimeVar;PodHandlingTimeMin;PodHandlingTimeMax;PileOn;IdleTime;UpTime
InputStation0;0.50;12.50;0;0;0;0;0;0;0;0;1800;1800
OutputStation0;35.50;3.50;222;165;34;26.732894069207298;355.3831344779468;4.04444444444448;66.98963202727032;6.529411764705882;950.5431169788199;1800
OutputStation1;35.50;9.50;261;198;32;32.79882756305298;413.3443893662551;4.081111111111113;66.75777777777786;8.15625;804.2685571641864;1800
OutputStation2;0.50;6.50;244;188;32;31.188184302826524;481.05880590224086;4.04777777777781;80.41555555555533;7.625;863.8645022712319;1800
