Ident;X;Y;Transfers;InjectedTransfers;PodsHandled;PodHandlingTimeAvg;PodHandlingTimeVar;PodHandlingTimeMin;PodHandlingTimeMax;PileOn;IdleTime;UpTime
InputStation0;0.50;12.50;0;0;0;0;0;0;0;0;1800;1800
OutputStation0;35.50;3.50;246;185;32;31.777858721370063;638.7715329282804;4.04444444444448;84.85453823585908;7.6875;861.3732104868714;1800
OutputStation1;35.50;9.50;247;186;34;29.94020456570104;385.708980234138;4.112878762127821;71.46333333333405;7.264705882352941;851.270086598498;1800
OutputStation2;0.50;6.50;223;166;34;26.92525295063919;388.9047838982398;4.04444444444448;82.90722222222291;6.5588235294117645;946.3930591520068;1800
