Ident;X;Y;Transfers;InjectedTransfers;PodsHandled;PodHandlingTimeAvg;PodHandlingTimeVar;PodHandlingTimeMin;PodHandlingTimeMax;PileOn;IdleTime;UpTime
InputStation0;0.50;12.50;0;0;0;0;0;0;0;0;1800;1800
OutputStation0;35.50;3.50;235;174;35;27.121952380952315;399.5549211997587;4.249264054540447;74.94009379141312;6.714285714285714;896.003636286339;1800
OutputStation1;35.50;9.50;237;177;34;28.27667218380872;232.90457022603871;4.04444444444448;66.40444444444461;6.970588235294118;890.9555771343314;1800
OutputStation2;0.50;6.50;264;199;33;32.78877453983718;461.0937780241076;4.116111111110968;75.66166666666697;8;783.4711108276783;1800
