Ident;X;Y;Transfers;InjectedTransfers;PodsHandled;PodHandlingTimeAvg;PodHandlingTimeVar;PodHandlingTimeMin;PodHandlingTimeMax;PileOn;IdleTime;UpTime
InputStation0;0.50;12.50;0;0;0;0;0;0;0;0;1800;1800
OutputStation0;35.50;3.50;252;186;33;30.783625866849846;322.55868275548283;4.20555555555552;63.31240980504799;7.636363636363637;834.3951947757437;1800
OutputStation1;35.50;9.50;243;183;35;28.506137703145672;363.9425706975468;4.04444444444448;63.68287156919064;6.942857142857143;868.0671428166594;1800
OutputStation2;0.50;6.50;235;170;33;29.33319034467394;270.23900975328087;4.206572875253187;71.10611111111086;7.121212121212121;899.9540189283261;1800
