Ident;X;Y;Transfers;InjectedTransfers;PodsHandled;PodHandlingTimeAvg;PodHandlingTimeVar;PodHandlingTimeMin;PodHandlingTimeMax;PileOn;IdleTime;UpTime
InputStation0;0.50;12.50;0;0;0;0;0;0;0;0;1800;1800
OutputStation0;35.50;3.50;270;199;32;34.84523538650496;421.10808811934817;4.136572875253933;84.20222222222242;8.4375;767.8228131755478;1800
OutputStation1;35.50;9.50;222;164;34;26.695446905169085;325.9754488136937;4.04444444444448;72.14963202727051;6.529411764705882;948.8956927879269;1800
OutputStation2;0.50;6.50;240;178;32;30.58220779209257;503.12729457879107;4.04444444444448;78.78510098433571;7.5;881.2801228465179;1800
