Ident;X;Y;Transfers;InjectedTransfers;PodsHandled;PodHandlingTimeAvg;PodHandlingTimeVar;PodHandlingTimeMin;PodHandlingTimeMax;PileOn;IdleTime;UpTime
InputStation0;0.50;12.50;0;0;0;0;0;0;0;0;1800;1800
OutputStation0;35.50;3.50;248;172;33;31.03559009745881;287.01309116574953;8.468982680302133;75.00333333333305;7.515151515151516;846.498823869154;1800
OutputStation1;35.50;9.50;263;194;32;33.43445413650522;404.59257391829;4.04444444444448;81.85944444444443;8.21875;797.0370055843094;1800
OutputStation2;0.50;6.50;247;181;30;33.83455699414067;430.76175005817794;8.367128430808862;83.55341993182287;8.233333333333333;851.6991412080258;1800
