Ident;X;Y;Transfers;InjectedTransfers;PodsHandled;PodHandlingTimeAvg;PodHandlingTimeVar;PodHandlingTimeMin;PodHandlingTimeMax;PileOn;IdleTime;UpTime
InputStation0;0.50;12.50;0;0;0;0;0;0;0;0;1800;1800
OutputStation0;35.50;3.50;249;196;31;31.920113345911044;249.77005522939749;4.04444444444448;67.47176045808101;8.03225806451613;844.8719840055188;1800
OutputStation1;35.50;9.50;244;181;33;29.739523153167955;197.88079136886904;4.04444444444448;57.784444444444375;7.393939393939394;866.1655483626344;1800
OutputStation2;0.50;6.50;269;209;30;36.545731841127704;387.85732571330146;4.123427124746172;70.40685424949214;8.966666666666667;768.949228089918;1800
