Ident;X;Y;Transfers;InjectedTransfers;PodsHandled;PodHandlingTimeAvg;PodHandlingTimeVar;PodHandlingTimeMin;PodHandlingTimeMax;PileOn;IdleTime;UpTime
InputStation0;0.50;12.50;0;0;0;0;0;0;0;0;1800;1800
OutputStation0;35.50;3.50;263;182;32;33.32845193012944;334.5364605312383;4.04444444444448;80.05611111111094;8.21875;792.256565682342;1800
OutputStation1;35.50;9.50;257;190;33;32.12290699155176;483.6088775268412;4.131111111111295;79.4423160136356;7.787878787878788;816.5755699414175;1800
OutputStation2;0.50;6.50;276;214;29;38.755424690125515;641.2628716024707;4.04444444444448;79.38499999999993;9.517241379310345;746.5096248343517;1800
