Ident;X;Y;Transfers;InjectedTransfers;PodsHandled;PodHandlingTimeAvg;PodHandlingTimeVar;PodHandlingTimeMin;PodHandlingTimeMax;PileOn;IdleTime;UpTime
InputStation0;0.50;12.50;0;0;0;0;0;0;0;0;1800;1800
OutputStation0;35.50;3.50;258;180;33;32.28287047935425;368.9889567975593;4.296666666666624;73.14620490252389;7.818181818181818;812.0290908575626;1800
OutputStation1;35.50;9.50;244;176;33;30.437039879201375;351.4694507814878;4.375555555555593;78.96388888888896;7.393939393939394;866.2551588111368;1800
OutputStation2;0.50;6.50;245;183;34;29.624240724970083;339.09333825860386;4.04444444444448;77.5995382358575;7.205882352941177;858.2040620858616;1800
