Ident;X;Y;Transfers;InjectedTransfers;PodsHandled;PodHandlingTimeAvg;PodHandlingTimeVar;PodHandlingTimeMin;PodHandlingTimeMax;PileOn;IdleTime;UpTime
InputStation0;0.50;12.50;0;0;0;0;0;0;0;0;1800;1800
OutputStation0;35.50;3.50;226;170;34;27.640062600906262;304.5092823624294;4.04444444444448;67.36685424949269;6.647058823529412;934.3537807116245;1800
OutputStation1;35.50;9.50;234;172;35;27.355267367027167;331.96060166051785;4.068888888888864;85.2392568616142;6.685714285714286;902.738405545956;1800
OutputStation2;0.50;6.50;234;168;33;29.171767676767523;410.88377489676026;4.054538235856853;77.94490620858721;7.090909090909091;904.5933333332836;1800
