Ident;X;Y;Transfers;InjectedTransfers;PodsHandled;PodHandlingTimeAvg;PodHandlingTimeVar;PodHandlingTimeMin;PodHandlingTimeMax;PileOn;IdleTime;UpTime
InputStation0;0.50;12.50;0;0;0;0;0;0;0;0;1800;1800
OutputStation0;35.50;3.50;287;206;29;40.70095486825143;655.7109313594218;4.04444444444448;81.99398987322365;9.89655172413793;700.9880879237161;1800
OutputStation1;35.50;9.50;298;224;32;38.041192504261154;659.6013478441732;4.070555555555302;84.26555555555592;9.3125;658.2339611015266;1800
OutputStation2;0.50;6.50;269;203;32;34.240906158317046;828.7233706911222;4.04444444444448;81.4544444444457;8.40625;770.9313058868628;1800
