Ident;X;Y;Transfers;InjectedTransfers;PodsHandled;PodHandlingTimeAvg;PodHandlingTimeVar;PodHandlingTimeMin;PodHandlingTimeMax;PileOn;IdleTime;UpTime
InputStation0;0.50;12.50;0;0;0;0;0;0;0;0;1800;1800
OutputStation0;39.50;3.50;190;136;36;26.772832089828487;373.9296702722339;5.04444444444448;78.9133333333333;5.277777777777778;892.781955233827;1800
OutputStation1;39.50;9.50;190;139;36;26.980516275996823;441.96420015414475;5.04444444444448;99.33027418131633;5.277777777777778;888.3199568424674;1800
OutputStation2;0.50;6.50;188;132;37;26.160573105473585;391.6788491873892;5.04444444444448;99.55203463939597;5.081081081081081;900.9841918418897;1800
