Ident;X;Y;Transfers;InjectedTransfers;PodsHandled;PodHandlingTimeAvg;PodHandlingTimeVar;PodHandlingTimeMin;PodHandlingTimeMax;PileOn;IdleTime;UpTime
InputStation0;0.50;12.50;0;0;0;0;0;0;0;0;1800;1800
OutputStation0;35.50;3.50;246;168;33;30.226072192684235;241.3737041724765;8.317222222221972;71.96499999999997;7.454545454545454;859.1502738979193;1800
OutputStation1;35.50;9.50;279;211;32;35.72430578033437;485.57778441603864;4.04444444444448;80.23842712474766;8.71875;728.4701372323407;1800
OutputStation2;0.50;6.50;232;173;34;28.322453738963226;278.68933438622474;4.04444444444448;67.93907647171523;6.823529411764706;912.7741918419217;1800
