Ident;X;Y;Transfers;InjectedTransfers;PodsHandled;PodHandlingTimeAvg;PodHandlingTimeVar;PodHandlingTimeMin;PodHandlingTimeMax;PileOn;IdleTime;UpTime
InputStation0;0.50;12.50;0;0;0;0;0;0;0;0;1800;1800
OutputStation0;35.50;3.50;261;197;32;33.44232345790729;409.58793967283026;4.070555555555643;82.01490620858706;8.15625;801.0846032555793;1800
OutputStation1;35.50;9.50;247;184;33;30.4790515547291;232.55694036656442;4.04444444444448;78.48453823585709;7.484848484848484;856.4738888888746;1800
OutputStation2;0.50;6.50;271;203;32;34.6721004696656;499.2622396474899;4.04444444444448;79.59888888888906;8.46875;764.1693506530208;1800
