Ident;X;Y;Transfers;InjectedTransfers;PodsHandled;PodHandlingTimeAvg;PodHandlingTimeVar;PodHandlingTimeMin;PodHandlingTimeMax;PileOn;IdleTime;UpTime
InputStation0;0.50;12.50;0;0;0;0;0;0;0;0;1800;1800
OutputStation0;35.50;3.50;210;147;35;24.56091032692629;514.1260711871258;4.080000000000155;80.89546176414262;6;997.5916882454366;1800
OutputStation1;35.50;9.50;258;199;33;31.4005581797522;429.41907231831027;4.04444444444448;75.48805915201615;7.818181818181818;812.6876045807945;1800
OutputStation2;0.50;6.50;255;187;33;31.79061458709799;487.6577912580468;4.277222222222008;82.34453823585716;7.7272727272727275;822.7506061894273;1800
