Ident;X;Y;Transfers;InjectedTransfers;PodsHandled;PodHandlingTimeAvg;PodHandlingTimeVar;PodHandlingTimeMin;PodHandlingTimeMax;PileOn;IdleTime;UpTime
InputStation0;0.50;12.50;0;0;0;0;0;0;0;0;1800;1800
OutputStation0;35.50;3.50;211;155;34;25.675669934640638;379.94245861723186;4.059999999999491;71.95287156919039;6.205882352941177;989.7108006817696;1800
OutputStation1;35.50;9.50;251;190;34;29.8918650805557;335.6541185655357;8.215000000000146;68.8978715691918;7.382352941176471;839.3055339767874;1800
OutputStation2;0.50;6.50;256;194;31;34.08592002955343;201.87270854932223;8.349999999999454;73.34055555555534;8.258064516129032;821.6311039181733;1800
