Ident;X;Y;Transfers;InjectedTransfers;PodsHandled;PodHandlingTimeAvg;PodHandlingTimeVar;PodHandlingTimeMin;PodHandlingTimeMax;PileOn;IdleTime;UpTime
InputStation0;0.50;12.50;0;0;0;0;0;0;0;0;1800;1800
OutputStation0;35.50;3.50;224;159;33;28.111144563177156;485.1268639773448;4.044444444444444;79.46832614041023;6.787878787878788;941.1183189474704;1800
OutputStation1;35.50;9.50;238;173;35;27.76717996268403;458.9774362316244;4.04444444444448;78.56231601363606;6.8;889.2762336742437;1800
OutputStation2;0.50;6.50;241;185;31;32.19127775640319;512.1257906585022;4.04444444444448;84.71129150101319;7.774193548387097;876.5465872610988;1800
