Ident;X;Y;Transfers;InjectedTransfers;PodsHandled;PodHandlingTimeAvg;PodHandlingTimeVar;PodHandlingTimeMin;PodHandlingTimeMax;PileOn;IdleTime;UpTime
InputStation0;0.50;12.50;0;0;0;0;0;0;0;0;1800;1800
OutputStation0;35.50;3.50;263;194;33;32.43803642329322;573.3429336345527;4.04444444444448;79.90222222222229;7.96969696969697;791.9633983530538;1800
OutputStation1;35.50;9.50;253;188;32;32.576669148090666;410.55057032753825;4.04444444444448;79.40898268030168;7.90625;830.2688888888918;1800
OutputStation2;0.50;6.50;257;193;32;33.0842476102589;545.5483269900859;4.04444444444448;85.82157287525433;8.03125;815.5085499712643;1800
