Ident;X;Y;Transfers;InjectedTransfers;PodsHandled;PodHandlingTimeAvg;PodHandlingTimeVar;PodHandlingTimeMin;PodHandlingTimeMax;PileOn;IdleTime;UpTime
InputStation0;0.50;12.50;0;0;0;0;0;0;0;0;1800;1800
OutputStation0;35.50;3.50;232;171;35;27.225061223333114;293.4602426052791;4.050000000000182;66.67323954192051;6.628571428571429;906.6949283541499;1800
OutputStation1;35.50;9.50;265;205;34;32.216749635352684;444.0547896541657;4.04444444444448;85.07111111111158;7.794117647058823;788.4797108660335;1800
OutputStation2;0.50;6.50;206;145;34;24.939056103935627;271.0632624189219;4.04444444444448;67.9867604580802;6.0588235294117645;1011.4947884946971;1800
