Ident;X;Y;Transfers;InjectedTransfers;PodsHandled;PodHandlingTimeAvg;PodHandlingTimeVar;PodHandlingTimeMin;PodHandlingTimeMax;PileOn;IdleTime;UpTime
InputStation0;0.50;12.50;0;0;0;0;0;0;0;0;1800;1800
OutputStation0;35.50;3.50;272;198;30;37.15386171052126;649.748252874436;4.192316013634809;83.21546895706615;9.066666666666666;755.5376621241693;1800
OutputStation1;35.50;9.50;313;228;28;45.86269841269851;830.2129177562532;4.297683986364973;84.74768398636411;11.178571428571429;602.949725818702;1800
OutputStation2;0.50;6.50;273;206;28;40.15167001636;826.3703827239489;4.0477777777780375;84.09009379141303;9.75;747.9573594545986;1800
