Ident;X;Y;Transfers;InjectedTransfers;PodsHandled;PodHandlingTimeAvg;PodHandlingTimeVar;PodHandlingTimeMin;PodHandlingTimeMax;PileOn;IdleTime;UpTime
InputStation0;0.50;12.50;0;0;0;0;0;0;0;0;1800;1800
OutputStation0;35.50;3.50;246;180;30;32.2003338128614;424.2640128432807;4.04444444444448;79.12777777777768;8.2;857.8399565590316;1800
OutputStation1;35.50;9.50;251;187;34;30.05288939829187;363.42727187785067;4.15777777777771;80.06000000000006;7.382352941176471;839.8669914818638;1800
OutputStation2;0.50;6.50;254;185;34;30.430575077108877;319.1927909112734;4.04444444444448;73.46944444444446;7.470588235294118;824.0494789173665;1800
