Ident;X;Y;Transfers;InjectedTransfers;PodsHandled;PodHandlingTimeAvg;PodHandlingTimeVar;PodHandlingTimeMin;PodHandlingTimeMax;PileOn;IdleTime;UpTime
InputStation0;0.50;12.50;0;0;0;0;0;0;0;0;1800;1800
OutputStation0;35.50;3.50;260;200;31;33.42157100987308;420.2200869472238;4.142777777778065;79.59638529242534;8.387096774193548;801.8916016469626;1800
OutputStation1;35.50;9.50;248;192;34;29.967159621316107;329.93100233097425;4.044444444444444;80.01944444444553;7.294117647058823;847.0039611015382;1800
OutputStation2;0.50;6.50;275;212;30;37.815993747239055;453.9285474292974;4.134906208586017;74.50999999999988;9.166666666666666;742.501529717706;1800
