Ident;X;Y;Transfers;InjectedTransfers;PodsHandled;PodHandlingTimeAvg;PodHandlingTimeVar;PodHandlingTimeMin;PodHandlingTimeMax;PileOn;IdleTime;UpTime
InputStation0;0.50;12.50;0;0;0;0;0;0;0;0;1800;1800
OutputStation0;35.50;3.50;273;210;33;33.60290655561688;320.61224029034844;4.240555555555552;81.75500000000034;8.272727272727273;756.0133479746012;1800
OutputStation1;35.50;9.50;224;160;37;24.86236808017956;248.82257373526406;4.2603679727298385;66.76740980504798;6.054054054054054;942.2734343176752;1800
OutputStation2;0.50;6.50;210;155;35;24.807038963247706;242.8382985976514;4.04444444444448;58.41277777777805;6;1001.0897545903948;1800
