Ident;X;Y;Transfers;InjectedTransfers;PodsHandled;PodHandlingTimeAvg;PodHandlingTimeVar;PodHandlingTimeMin;PodHandlingTimeMax;PileOn;IdleTime;UpTime
InputStation0;0.50;12.50;0;0;0;0;0;0;0;0;1800;1800
OutputStation0;35.50;3.50;249;177;34;30.286291061229782;278.35736194161916;4.04444444444448;79.38499999999988;7.323529411764706;848.20185424948;1800
OutputStation1;35.50;9.50;257;197;32;32.65231782072281;439.806965396697;4.068427124746336;78.53935065303193;8.03125;817.3928140258166;1800
OutputStation2;0.50;6.50;223;167;33;28.02762932275772;466.5639558753706;4.122222222222263;84.46370130606289;6.757575757575758;944.0050722126341;1800
