Ident;X;Y;Transfers;InjectedTransfers;PodsHandled;PodHandlingTimeAvg;PodHandlingTimeVar;PodHandlingTimeMin;PodHandlingTimeMax;PileOn;IdleTime;UpTime
InputStation0;0.50;12.50;0;0;0;0;0;0;0;0;1800;1800
OutputStation0;35.50;3.50;248;174;32;31.984178390593357;348.66258876917937;8.215555555555738;81.33611111111213;7.75;851.8235712666282;1800
OutputStation1;35.50;9.50;248;183;34;30.164711187938366;271.87688814852663;4.04444444444448;66.4655555555563;7.294117647058823;851.0404545712161;1800
OutputStation2;0.50;6.50;225;163;33;28.186431630332983;442.74404330224843;4.04444444444448;84.26361470757199;6.818181818181818;937.0474820176888;1800
