Ident;X;Y;Transfers;InjectedTransfers;PodsHandled;PodHandlingTimeAvg;PodHandlingTimeVar;PodHandlingTimeMin;PodHandlingTimeMax;PileOn;IdleTime;UpTime
InputStation0;0.50;12.50;0;0;0;0;0;0;0;0;1800;1800
OutputStation0;35.50;3.50;235;156;33;29.1832268568716;682.5358631215377;4.04444444444448;84.96666666666681;7.121212121212121;901.345021578765;1800
OutputStation1;35.50;9.50;262;194;32;33.208121619460734;555.4686933835205;4.08055555555552;84.0342568616187;8.1875;793.2082973687194;1800
OutputStation2;0.50;6.50;247;174;32;31.22824630299901;450.59278822202486;4.044444444444423;73.14536797272984;7.71875;854.0069192692255;1800
