Ident;X;Y;Transfers;InjectedTransfers;PodsHandled;PodHandlingTimeAvg;PodHandlingTimeVar;PodHandlingTimeMin;PodHandlingTimeMax;PileOn;IdleTime;UpTime
InputStation0;0.50;12.50;0;0;0;0;0;0;0;0;1800;1800
OutputStation0;35.50;3.50;240;172;31;31.61633617872383;544.0285616205247;4.04444444444448;81.98046176414243;7.741935483870968;876.6800937914054;1800
OutputStation1;35.50;9.50;253;189;35;29.663825997167564;381.92196173203;4.04444444444448;83.72398268030156;7.228571428571429;833.1805328431641;1800
OutputStation2;0.50;6.50;252;191;33;30.45738051153891;504.34672780502706;4.07979083840155;79.43342712474634;7.636363636363637;834.9678574667448;1800
