Ident;X;Y;Transfers;InjectedTransfers;PodsHandled;PodHandlingTimeAvg;PodHandlingTimeVar;PodHandlingTimeMin;PodHandlingTimeMax;PileOn;IdleTime;UpTime
InputStation0;0.50;12.50;0;0;0;0;0;0;0;0;1800;1800
OutputStation0;35.50;3.50;224;160;35;25.39612698412712;319.58284587490135;4.04444444444448;64.62222222222283;6.4;943.3761039182045;1800
OutputStation1;35.50;9.50;246;185;34;29.845021645454825;370.44706826583877;4.082128430809377;71.89676045808051;7.235294117647059;859.7582395419327;1800
OutputStation2;0.50;6.50;226;161;33;27.89867287583418;315.2939664927517;4.04444444444448;80.21518758282741;6.848484848484849;932.5517892297661;1800
