Ident;X;Y;Transfers;InjectedTransfers;PodsHandled;PodHandlingTimeAvg;PodHandlingTimeVar;PodHandlingTimeMin;PodHandlingTimeMax;PileOn;IdleTime;UpTime
InputStation0;0.50;12.50;0;0;0;0;0;0;0;0;1800;1800
OutputStation0;35.50;3.50;173;143;21;80.40455919706582;4007.5491553129195;10.044444444444444;207.15360032172987;8.238095238095237;108.9175758091159;1800
OutputStation1;35.50;9.50;174;126;30;60.68522847498295;1655.8279154751901;10.30833333333334;206.7186003217297;5.8;101.46035387029187;1800
OutputStation2;0.50;6.50;172;131;28;60.56567820975798;2132.2335765194453;10.125;187.24787156918796;6.142857142857143;122.61037516564762;1800
