Ident;X;Y;Transfers;InjectedTransfers;PodsHandled;PodHandlingTimeAvg;PodHandlingTimeVar;PodHandlingTimeMin;PodHandlingTimeMax;PileOn;IdleTime;UpTime
InputStation0;0.50;12.50;0;0;0;0;0;0;0;0;1800;1800
OutputStation0;35.50;3.50;223;159;31;29.798226502541045;466.17381007936194;4.232777777777642;70.25611111111101;7.193548387096774;947.5639422623661;1800
OutputStation1;35.50;9.50;278;215;31;36.72545523988183;290.80572788419636;8.214999999999918;78.59564934696868;8.96774193548387;737.9636077980454;1800
OutputStation2;0.50;6.50;231;159;33;27.59231863783212;333.4978739678474;4.04444444444448;69.35880229039742;7;916.7446355104032;1800
