Ident;X;Y;Transfers;InjectedTransfers;PodsHandled;PodHandlingTimeAvg;PodHandlingTimeVar;PodHandlingTimeMin;PodHandlingTimeMax;PileOn;IdleTime;UpTime
InputStation0;0.50;12.50;0;0;0;0;0;0;0;0;1800;1800
OutputStation0;35.50;3.50;275;208;32;35.3394385824813;372.3207317071085;4.04444444444448;71.87398268030279;8.59375;747.1271068520437;1800
OutputStation1;35.50;9.50;255;186;31;33.65588698075926;344.48927684980777;4.258888888888919;84.52009379141316;8.225806451612904;824.3239539085725;1800
OutputStation2;0.50;6.50;215;159;35;25.280811998052194;311.946778935388;4.04444444444448;76.41712843080632;6.142857142857143;977.2075107893735;1800
