Ident;X;Y;Transfers;InjectedTransfers;PodsHandled;PodHandlingTimeAvg;PodHandlingTimeVar;PodHandlingTimeMin;PodHandlingTimeMax;PileOn;IdleTime;UpTime
InputStation0;0.50;12.50;0;0;0;0;0;0;0;0;1800;1800
OutputStation0;35.50;3.50;252;182;33;30.32678757191571;326.4487866205863;4.04444444444448;78.9855555555556;7.636363636363637;834.9248483817785;1800
OutputStation1;35.50;9.50;228;168;37;24.35730470760301;330.53948862183483;4.04444444444448;70.39333333333354;6.162162162162162;929.4803679727144;1800
OutputStation2;0.50;6.50;261;193;33;32.55231142773242;382.9217656033053;4.04444444444448;77.34944444444523;7.909090909090909;799.3274388601524;1800
