Ident;X;Y;Transfers;InjectedTransfers;PodsHandled;PodHandlingTimeAvg;PodHandlingTimeVar;PodHandlingTimeMin;PodHandlingTimeMax;PileOn;IdleTime;UpTime
InputStation0;0.50;12.50;0;0;0;0;0;0;0;0;1800;1800
OutputStation0;35.50;3.50;259;204;30;34.54223088207131;334.21816915847484;4.04444444444448;75.59907647171462;8.633333333333333;810.2766381784102;1800
OutputStation1;35.50;9.50;249;197;31;32.5702227290307;421.2736826419272;4.066204902528398;77.1906493469686;8.03225806451613;846.9556760583445;1800
OutputStation2;0.50;6.50;271;209;30;37.10287061013454;571.4058462556733;4.178239541916128;79.67129869393784;9.033333333333333;766.8513254052842;1800
