Ident;X;Y;Transfers;InjectedTransfers;PodsHandled;PodHandlingTimeAvg;PodHandlingTimeVar;PodHandlingTimeMin;PodHandlingTimeMax;PileOn;IdleTime;UpTime
InputStation0;0.50;12.50;0;0;0;0;0;0;0;0;1800;1800
OutputStation0;35.50;3.50;265;195;32;33.89938853101394;402.7701121694503;8.306558489403642;83.38712843081021;8.28125;789.7180300969312;1800
OutputStation1;35.50;9.50;243;178;34;29.345002970127588;346.0874443004915;4.097222222221717;75.89277777777795;7.147058823529412;873.0597692596382;1800
OutputStation2;0.50;6.50;245;183;33;30.2649374723912;573.330580234689;4.16944444444448;85.00444444444429;7.424242424242424;862.6195163736909;1800
