Ident;X;Y;Transfers;InjectedTransfers;PodsHandled;PodHandlingTimeAvg;PodHandlingTimeVar;PodHandlingTimeMin;PodHandlingTimeMax;PileOn;IdleTime;UpTime
InputStation0;0.50;12.50;0;0;0;0;0;0;0;0;1800;1800
OutputStation0;35.50;3.50;242;177;35;27.8433780671142;319.2734315710828;4.079350653031611;66.25277777777762;6.914285714285715;870.5418542494856;1800
OutputStation1;35.50;9.50;247;184;33;31.01092264782718;349.22450978013933;4.04444444444448;80.55361470757202;7.484848484848484;855.6528499904359;1800
OutputStation2;0.50;6.50;236;173;33;28.952283442026772;287.591285470545;4.147316013634736;66.39388888888868;7.151515151515151;892.4220777969244;1800
