Ident;X;Y;Transfers;InjectedTransfers;PodsHandled;PodHandlingTimeAvg;PodHandlingTimeVar;PodHandlingTimeMin;PodHandlingTimeMax;PileOn;IdleTime;UpTime
InputStation0;0.50;12.50;0;0;0;0;0;0;0;0;1800;1800
OutputStation0;35.50;3.50;226;164;36;25.67719596924831;261.74363710996795;4.198333333333039;66.80813855758493;6.277777777777778;930.409769259629;1800
OutputStation1;35.50;9.50;240;184;34;28.915522875816954;255.41627414823466;4.116666666666561;63.51879509747505;7.0588235294117645;879.578304561616;1800
OutputStation2;0.50;6.50;246;188;35;28.521691195483214;328.02350891695124;4.184906208586426;68.01888888888925;7.0285714285714285;858.5405195909493;1800
