Ident;X;Y;Transfers;InjectedTransfers;PodsHandled;PodHandlingTimeAvg;PodHandlingTimeVar;PodHandlingTimeMin;PodHandlingTimeMax;PileOn;IdleTime;UpTime
InputStation0;0.50;12.50;0;0;0;0;0;0;0;0;1800;1800
OutputStation0;35.50;3.50;265;195;31;35.07744309501474;411.88510001891683;4.120548362630643;79.62222222222294;8.548387096774194;786.6083606133132;1800
OutputStation1;35.50;9.50;268;206;31;35.6611378768167;595.1584831437312;4.087222222222323;84.56611111111101;8.64516129032258;771.69489901566;1800
OutputStation2;0.50;6.50;253;193;32;32.14581011025902;642.2601732151055;4.04444444444448;84.04564934696839;7.90625;829.8323810333628;1800
