Ident;X;Y;Transfers;InjectedTransfers;PodsHandled;PodHandlingTimeAvg;PodHandlingTimeVar;PodHandlingTimeMin;PodHandlingTimeMax;PileOn;IdleTime;UpTime
InputStation0;0.50;12.50;0;0;0;0;0;0;0;0;1800;1800
OutputStation0;35.50;3.50;259;184;31;34.39936927026765;434.7103480209066;4.04444444444448;82.98222222222216;8.35483870967742;810.0507431383603;1800
OutputStation1;35.50;9.50;252;196;34;30.53806680139611;477.3937823572652;4.044444444444423;80.21722222222218;7.411764705882353;835.4976624075975;1800
OutputStation2;0.50;6.50;209;151;35;24.19569305318908;320.93291436259284;4.04444444444448;76.80777777777783;5.9714285714285715;999.9733911601255;1800
