Ident;X;Y;Transfers;InjectedTransfers;PodsHandled;PodHandlingTimeAvg;PodHandlingTimeVar;PodHandlingTimeMin;PodHandlingTimeMax;PileOn;IdleTime;UpTime
InputStation0;0.50;12.50;0;0;0;0;0;0;0;0;1800;1800
OutputStation0;35.50;3.50;250;181;32;31.888379554703498;448.61405858485585;4.044444444444423;84.90740261212613;7.8125;841.5217029147018;1800
OutputStation1;35.50;9.50;263;196;33;32.516579649418574;530.8880162461078;4.04444444444448;75.25277777777774;7.96969696969697;792.3229147267324;1800
OutputStation2;0.50;6.50;232;169;34;27.75251358129825;381.2836492434873;4.04444444444448;79.75944444444553;6.823529411764706;906.9185859358846;1800
