Ident;X;Y;Transfers;InjectedTransfers;PodsHandled;PodHandlingTimeAvg;PodHandlingTimeVar;PodHandlingTimeMin;PodHandlingTimeMax;PileOn;IdleTime;UpTime
InputStation0;0.50;12.50;0;0;0;0;0;0;0;0;1800;1800
OutputStation0;35.50;3.50;261;192;31;34.070095656793264;331.3518878194702;8.40657287525346;84.34120490252391;8.419354838709678;801.4597258187221;1800
OutputStation1;35.50;9.50;234;176;32;29.684218525220977;528.4630924851772;4.04444444444448;80.40731601363512;7.3125;903.9828787621007;1800
OutputStation2;0.50;6.50;226;165;34;27.46276907895176;419.39994182159415;4.125;81.22564934696823;6.647058823529412;934.7971140450068;1800
