Ident;X;Y;Transfers;InjectedTransfers;PodsHandled;PodHandlingTimeAvg;PodHandlingTimeVar;PodHandlingTimeMin;PodHandlingTimeMax;PileOn;IdleTime;UpTime
InputStation0;0.50;12.50;0;0;0;0;0;0;0;0;1800;1800
OutputStation0;35.50;3.50;173;139;24;73.98482323017623;2038.908337549437;10.044444444444444;205.6466666666679;7.208333333333333;112.67531014591515;1800
OutputStation1;35.50;9.50;173;134;26;69.4333080817991;1799.8467339332853;10.30833333333334;187.0623160136363;6.653846153846154;101.89284999042138;1800
OutputStation2;0.50;6.50;169;124;30;56.408783311246424;1968.0381623809385;10.08888888888896;186.26851372323733;5.633333333333334;144.08406927878778;1800
