Ident;X;Y;Transfers;InjectedTransfers;PodsHandled;PodHandlingTimeAvg;PodHandlingTimeVar;PodHandlingTimeMin;PodHandlingTimeMax;PileOn;IdleTime;UpTime
InputStation0;0.50;12.50;0;0;0;0;0;0;0;0;1800;1800
OutputStation0;35.50;3.50;231;162;33;28.782567884985838;434.2495166293748;4.04444444444448;81.39222222222205;7;915.932171588347;1800
OutputStation1;35.50;9.50;251;189;32;32.32958874573908;432.54973459615974;4.04444444444448;79.41555555555563;7.84375;839.0902957600895;1800
OutputStation2;0.50;6.50;255;185;32;32.405613276073254;340.93709605153185;8.193982680301815;83.01768398636489;7.96875;827.4860751464751;1800
