Ident;X;Y;Transfers;InjectedTransfers;PodsHandled;PodHandlingTimeAvg;PodHandlingTimeVar;PodHandlingTimeMin;PodHandlingTimeMax;PileOn;IdleTime;UpTime
InputStation0;0.50;12.50;0;0;0;0;0;0;0;0;1800;1800
OutputStation0;35.50;3.50;223;166;38;23.801171680263348;214.94518685021646;4.104632027270782;71.30129869393863;5.868421052631579;947.476918985845;1800
OutputStation1;35.50;9.50;272;209;30;36.61210846425926;386.65511789193823;12.089999999999918;79.58443725152279;9.066666666666666;757.8348055076094;1800
OutputStation2;0.50;6.50;216;155;36;24.631648829054377;310.62114660772136;4.044444444444451;74.68203463939653;6;977.1969549504374;1800
