Ident;X;Y;Transfers;InjectedTransfers;PodsHandled;PodHandlingTimeAvg;PodHandlingTimeVar;PodHandlingTimeMin;PodHandlingTimeMax;PileOn;IdleTime;UpTime
InputStation0;0.50;12.50;0;0;0;0;0;0;0;0;1800;1800
OutputStation0;35.50;3.50;235;168;34;27.985384092706234;246.1385921865178;4.2875901949519175;67.72212843080938;6.911764705882353;898.2595166570843;1800
OutputStation1;35.50;9.50;252;187;36;28.31212702431262;267.1285097072644;4.04444444444448;68.62222222222272;7;836.3221790646744;1800
OutputStation2;0.50;6.50;277;206;30;37.81758633983177;463.378590020145;4.04444444444448;82.52787156919112;9.233333333333333;741.1508153510156;1800
