Ident;X;Y;Transfers;InjectedTransfers;PodsHandled;PodHandlingTimeAvg;PodHandlingTimeVar;PodHandlingTimeMin;PodHandlingTimeMax;PileOn;IdleTime;UpTime
InputStation0;0.50;12.50;0;0;0;0;0;0;0;0;1800;1800
OutputStation0;35.50;3.50;274;200;32;35.27037675681777;468.99244312802176;4.149444444444271;82.78231601363541;8.5625;750.9344225822757;1800
OutputStation1;35.50;9.50;270;202;32;34.59766729959014;354.4644970566067;4.079999999999927;79.0362049025241;8.4375;767.7807215595919;1800
OutputStation2;0.50;6.50;245;179;31;31.915415443939203;491.7100634546054;4.318528109085719;85.32008659849163;7.903225806451613;856.2741271055997;1800
