Ident;X;Y;Transfers;InjectedTransfers;PodsHandled;PodHandlingTimeAvg;PodHandlingTimeVar;PodHandlingTimeMin;PodHandlingTimeMax;PileOn;IdleTime;UpTime
InputStation0;0.50;12.50;0;0;0;0;0;0;0;0;1800;1800
OutputStation0;35.50;3.50;245;187;31;32.71424079670943;429.77004207496753;4.04444444444448;79.59000000000003;7.903225806451613;861.4649280707403;1800
OutputStation1;35.50;9.50;229;161;35;27.06350607880187;248.54636853908983;4.04444444444448;68.4662986939386;6.542857142857143;919.8315081389228;1800
OutputStation2;0.50;6.50;246;187;32;31.59837076175845;380.4525131133393;4.04444444444448;84.30620490252407;7.6875;854.1470202535311;1800
