Ident;X;Y;Transfers;InjectedTransfers;PodsHandled;PodHandlingTimeAvg;PodHandlingTimeVar;PodHandlingTimeMin;PodHandlingTimeMax;PileOn;IdleTime;UpTime
InputStation0;0.50;12.50;0;0;0;0;0;0;0;0;1800;1800
OutputStation0;35.50;3.50;210;148;37;23.215682502771497;300.08842169145373;4.074350653027523;81.57498561415707;5.675675675675675;997.3800794055721;1800
OutputStation1;35.50;9.50;222;167;33;27.82629782206769;410.52565398117474;4.044444444444423;68.99064934696912;6.7272727272727275;949.3089823968825;1800
OutputStation2;0.50;6.50;215;152;36;24.671065014618144;230.97801258113387;4.143888888888796;67.30010098433422;5.972222222222222;978.3468899306562;1800
