Ident;X;Y;Transfers;InjectedTransfers;PodsHandled;PodHandlingTimeAvg;PodHandlingTimeVar;PodHandlingTimeMin;PodHandlingTimeMax;PileOn;IdleTime;UpTime
InputStation0;0.50;12.50;0;0;0;0;0;0;0;0;1800;1800
OutputStation0;35.50;3.50;255;174;33;31.076547287189037;280.18430333917007;4.1462049025237775;75.18277777777746;7.7272727272727275;823.407792163625;1800
OutputStation1;35.50;9.50;245;184;34;28.70756302401925;348.1425227136738;4.04444444444448;81.67398268030172;7.205882352941177;862.3302088781762;1800
OutputStation2;0.50;6.50;239;172;34;28.651949326916718;313.3346108231162;4.04444444444448;68.2423160136351;7.029411764705882;885.9959813550927;1800
