Ident;X;Y;Transfers;InjectedTransfers;PodsHandled;PodHandlingTimeAvg;PodHandlingTimeVar;PodHandlingTimeMin;PodHandlingTimeMax;PileOn;IdleTime;UpTime
InputStation0;0.50;12.50;0;0;0;0;0;0;0;0;1800;1800
OutputStation0;35.50;3.50;221;154;34;26.46218444845485;245.49900399509846;4.04444444444448;84.91342712474716;6.5;951.2733336167486;1800
OutputStation1;35.50;9.50;247;183;34;29.680703883718166;395.4629168104698;4.04444444444448;79.81740980504793;7.264705882352941;851.6981819985447;1800
OutputStation2;0.50;6.50;247;184;32;31.502346006645087;261.78296945988063;4.04444444444448;58.85407647171496;7.71875;854.728369297944;1800
