Ident;X;Y;Transfers;InjectedTransfers;PodsHandled;PodHandlingTimeAvg;PodHandlingTimeVar;PodHandlingTimeMin;PodHandlingTimeMax;PileOn;IdleTime;UpTime
InputStation0;0.50;12.50;0;0;0;0;0;0;0;0;1800;1800
OutputStation0;35.50;3.50;247;178;32;31.675868280334356;492.90783919425434;4.147972553524653;73.99861470757162;7.71875;854.4398421531872;1800
OutputStation1;35.50;9.50;241;170;33;29.902148479980237;314.99104765850564;8.40425686161825;85.0910173196985;7.303030303030303;877.5968512769164;1800
OutputStation2;0.50;6.50;266;203;29;37.43011351732923;510.9971624411474;4.133333333333439;75.82676045807952;9.172413793103448;780.3837851134601;1800
