Ident;X;Y;Transfers;InjectedTransfers;PodsHandled;PodHandlingTimeAvg;PodHandlingTimeVar;PodHandlingTimeMin;PodHandlingTimeMax;PileOn;IdleTime;UpTime
InputStation0;0.50;12.50;0;0;0;0;0;0;0;0;1800;1800
OutputStation0;35.50;3.50;226;164;34;26.841103046954817;360.2807433095672;4.04444444444448;66.47444444444437;6.647058823529412;935.0017604580883;1800
OutputStation1;35.50;9.50;248;188;33;30.730507952981956;381.50949126675624;4.04444444444448;76.52925686161865;7.515151515151516;846.5675319124898;1800
OutputStation2;0.50;6.50;255;192;33;31.58589840800384;249.4928802679624;8.057222222221753;75.46852091615926;7.7272727272727275;822.3469654115723;1800
