Ident;X;Y;Transfers;InjectedTransfers;PodsHandled;PodHandlingTimeAvg;PodHandlingTimeVar;PodHandlingTimeMin;PodHandlingTimeMax;PileOn;IdleTime;UpTime
InputStation0;0.50;12.50;0;0;0;0;0;0;0;0;1800;1800
OutputStation0;35.50;3.50;256;189;32;32.615755095943946;492.2980154156942;4.04444444444448;78.0622222222222;8;821.9211401662228;1800
OutputStation1;35.50;9.50;242;167;34;28.979801374554395;332.49437063082104;4.096666666666124;64.26564934696876;7.117647058823529;876.1502310237805;1800
OutputStation2;0.50;6.50;243;184;31;32.20842317109788;804.826741767087;4.04444444444448;83.87861470757389;7.838709677419355;865.1283261404113;1800
