Ident;X;Y;Transfers;InjectedTransfers;PodsHandled;PodHandlingTimeAvg;PodHandlingTimeVar;PodHandlingTimeMin;PodHandlingTimeMax;PileOn;IdleTime;UpTime
InputStation0;0.50;12.50;0;0;0;0;0;0;0;0;1800;1800
OutputStation0;35.50;3.50;278;207;30;37.86932972742469;552.1774736568937;4.04444444444448;82.7424098050476;9.266666666666667;735.1088392956763;1800
OutputStation1;35.50;9.50;278;205;34;33.70059162853462;466.48716062078654;4.318333333333271;79.33639248534973;8.176470588235293;737.8292200932392;1800
OutputStation2;0.50;6.50;244;176;32;31.43058215916957;528.1832325917462;4.04444444444448;83.71444444444467;7.625;865.0715081389523;1800
