Ident;X;Y;Transfers;InjectedTransfers;PodsHandled;PodHandlingTimeAvg;PodHandlingTimeVar;PodHandlingTimeMin;PodHandlingTimeMax;PileOn;IdleTime;UpTime
InputStation0;0.50;12.50;0;0;0;0;0;0;0;0;1800;1800
OutputStation0;35.50;3.50;282;218;33;34.724778956519465;588.651583931077;4.04444444444448;81.09287156919163;8.545454545454545;720.1386725343874;1800
OutputStation1;35.50;9.50;266;207;32;33.60229166666679;555.0178585860048;4.04444444444448;81.68722222222277;8.3125;778.0989682944723;1800
OutputStation2;0.50;6.50;268;211;33;33.39774497961366;419.57697630100205;4.095093791413319;78.13064934696843;8.121212121212121;774.122965360605;1800
