Ident;X;Y;Transfers;InjectedTransfers;PodsHandled;PodHandlingTimeAvg;PodHandlingTimeVar;PodHandlingTimeMin;PodHandlingTimeMax;PileOn;IdleTime;UpTime
InputStation0;0.50;12.50;0;0;0;0;0;0;0;0;1800;1800
OutputStation0;35.50;3.50;269;197;31;35.20160080110823;485.59446961871856;4.04444444444448;84.70398268030272;8.67741935483871;776.0480088015488;1800
OutputStation1;35.50;9.50;241;180;34;28.69940624756395;469.1840135975712;4.132316013634409;83.47759019495288;7.088235294117647;879.0308153510141;1800
OutputStation2;0.50;6.50;236;169;33;29.38992413344059;427.1562308614336;4.04444444444448;81.25009379141352;7.151515151515151;896.8117964226883;1800
