Ident;X;Y;Transfers;InjectedTransfers;PodsHandled;PodHandlingTimeAvg;PodHandlingTimeVar;PodHandlingTimeMin;PodHandlingTimeMax;PileOn;IdleTime;UpTime
InputStation0;0.50;12.50;0;0;0;0;0;0;0;0;1800;1800
OutputStation0;35.50;3.50;209;151;33;25.8692752138187;376.69685288244705;4.04444444444448;75.1078715691907;6.333333333333333;1002.3018539660991;1800
OutputStation1;35.50;9.50;256;193;31;34.068214400423415;517.0792253597958;4.0744444444444525;82.95777777777778;8.258064516129032;816.862345068727;1800
OutputStation2;0.50;6.50;233;174;34;27.672546464258154;477.8831130438015;4.04444444444448;83.3012986939384;6.852941176470588;907.8933692979502;1800
