Ident;X;Y;Transfers;InjectedTransfers;PodsHandled;PodHandlingTimeAvg;PodHandlingTimeVar;PodHandlingTimeMin;PodHandlingTimeMax;PileOn;IdleTime;UpTime
InputStation0;0.50;12.50;0;0;0;0;0;0;0;0;1800;1800
OutputStation0;35.50;3.50;224;158;36;25.61881770989593;191.03931021159184;4.125;63.582222222222754;6.222222222222222;944.1057300564221;1800
OutputStation1;35.50;9.50;223;164;33;27.428755579156395;398.67307409684827;4.04444444444448;76.22841993182305;6.757575757575758;948.2770686018879;1800
OutputStation2;0.50;6.50;221;167;34;26.974108486769797;272.4119529794551;4.04444444444448;63.614451637365846;6.5;953.4978001183731;1800
