Ident;X;Y;Transfers;InjectedTransfers;PodsHandled;PodHandlingTimeAvg;PodHandlingTimeVar;PodHandlingTimeMin;PodHandlingTimeMax;PileOn;IdleTime;UpTime
InputStation0;0.50;12.50;0;0;0;0;0;0;0;0;1800;1800
OutputStation0;35.50;3.50;231;164;33;28.494514408708376;533.2127837544683;4.047590194950317;81.8083333333334;7;915.0262771151724;1800
OutputStation1;35.50;9.50;261;196;36;29.972864760129458;275.3507680596178;4.04444444444448;67.92000000000075;7.25;802.4137660423613;1800
OutputStation2;0.50;6.50;260;192;32;33.07969110531828;307.49990327170633;4.285670925738032;77.90444444444472;8.125;803.1963852924262;1800
