Ident;X;Y;Transfers;InjectedTransfers;PodsHandled;PodHandlingTimeAvg;PodHandlingTimeVar;PodHandlingTimeMin;PodHandlingTimeMax;PileOn;IdleTime;UpTime
InputStation0;0.50;12.50;0;0;0;0;0;0;0;0;1800;1800
OutputStation0;35.50;3.50;289;218;28;42.15168290135303;516.2462644728943;8.472777777777992;77.07333333333395;10.321428571428571;692.9847042399233;1800
OutputStation1;35.50;9.50;214;147;36;24.158662418237977;214.5746334204352;4.04444444444448;78.92787156919098;5.944444444444445;976.124855574707;1800
OutputStation2;0.50;6.50;241;180;31;31.91718963748783;473.9529136495171;4.108708498990154;82.13222222222227;7.774193548387097;876.399812417194;1800
