Ident;X;Y;Transfers;InjectedTransfers;PodsHandled;PodHandlingTimeAvg;PodHandlingTimeVar;PodHandlingTimeMin;PodHandlingTimeMax;PileOn;IdleTime;UpTime
InputStation0;0.50;12.50;0;0;0;0;0;0;0;0;1800;1800
OutputStation0;35.50;3.50;272;198;30;37.3329930279466;521.6633084029826;8.452128430808443;84.29842712474635;9.066666666666666;755.2591990348144;1800
OutputStation1;35.50;9.50;296;214;30;40.78004281026954;383.5465169258219;8.193427124745995;82.47323954192055;9.866666666666667;665.2826842697398;1800
OutputStation2;0.50;6.50;260;189;32;33.30007575596554;389.71047582611783;4.04444444444448;84.04453823585754;8.125;801.4906847447896;1800
