Ident;X;Y;Transfers;InjectedTransfers;PodsHandled;PodHandlingTimeAvg;PodHandlingTimeVar;PodHandlingTimeMin;PodHandlingTimeMax;PileOn;IdleTime;UpTime
InputStation0;0.50;12.50;0;0;0;0;0;0;0;0;1800;1800
OutputStation0;35.50;3.50;261;196;30;34.84522558836666;465.6349812310944;4.221666666666124;69.10555555555544;8.7;803.9819336550611;1800
OutputStation1;35.50;9.50;247;183;35;28.893471241991044;326.9778169491717;4.1690764717145825;73.52676045807982;7.057142857142857;857.388484668126;1800
OutputStation2;0.50;6.50;295;227;30;39.849315294342944;458.35014641793816;8.069906208586872;80.97944444444511;9.833333333333334;672.0944228656724;1800
