Ident;X;Y;Transfers;InjectedTransfers;PodsHandled;PodHandlingTimeAvg;PodHandlingTimeVar;PodHandlingTimeMin;PodHandlingTimeMax;PileOn;IdleTime;UpTime
InputStation0;0.50;12.50;0;0;0;0;0;0;0;0;1800;1800
OutputStation0;35.50;3.50;237;166;34;28.527002797547965;285.6502051273328;4.04444444444448;62.36175326515854;6.970588235294118;892.277712758063;1800
OutputStation1;35.50;9.50;314;236;29;44.48266805369033;582.0154297700418;8.293888888888887;83.62944444444486;10.827586206896552;601.6857862959064;1800
OutputStation2;0.50;6.50;237;164;35;27.5562273681219;302.66539927798294;4.04444444444448;81.39823954192046;6.771428571428571;899.5631963843799;1800
