Ident;X;Y;Transfers;InjectedTransfers;PodsHandled;PodHandlingTimeAvg;PodHandlingTimeVar;PodHandlingTimeMin;PodHandlingTimeMax;PileOn;IdleTime;UpTime
InputStation0;0.50;12.50;0;0;0;0;0;0;0;0;1800;1800
OutputStation0;35.50;3.50;228;164;31;29.993414790598916;468.79794892821474;4.04444444444448;80.58398268030237;7.354838709677419;924.8924892106079;1800
OutputStation1;35.50;9.50;254;187;33;31.67713520497403;315.19793974768396;4.04444444444448;67.42499999999995;7.696969696969697;828.9882032939373;1800
OutputStation2;0.50;6.50;227;161;35;26.439354360346407;335.1979823729357;4.231111111110749;84.81907647171533;6.485714285714286;928.3967316863675;1800
