Ident;X;Y;Transfers;InjectedTransfers;PodsHandled;PodHandlingTimeAvg;PodHandlingTimeVar;PodHandlingTimeMin;PodHandlingTimeMax;PileOn;IdleTime;UpTime
InputStation0;0.50;12.50;0;0;0;0;0;0;0;0;1800;1800
OutputStation0;35.50;3.50;273;193;31;35.836475121049624;540.4780749749692;4.048419931823673;81.28120490252422;8.806451612903226;753.0257287525455;1800
OutputStation1;35.50;9.50;274;201;32;35.041007169223256;594.9098733466622;4.0949999999995725;80.8000000000001;8.5625;747.8922512773329;1800
OutputStation2;0.50;6.50;297;229;29;41.956165596220714;773.8966379396004;4.2355555555552655;86.11000000000004;10.241379310344827;665.9445166570905;1800
