Ident;X;Y;Transfers;InjectedTransfers;PodsHandled;PodHandlingTimeAvg;PodHandlingTimeVar;PodHandlingTimeMin;PodHandlingTimeMax;PileOn;IdleTime;UpTime
InputStation0;0.50;12.50;0;0;0;0;0;0;0;0;1800;1800
OutputStation0;35.50;3.50;263;185;30;35.79468783203734;513.8787352628183;4.216572875253803;80.8562049025245;8.766666666666667;790.7618326707347;1800
OutputStation1;35.50;9.50;279;215;31;37.02158985913951;696.4612754114306;4.120750331310774;84.15879509747629;9;733.7150143858455;1800
OutputStation2;0.50;6.50;258;188;32;33.179013572427515;485.91015755173345;4.044444444444423;77.52888888888913;8.0625;815.2459019495107;1800
