Ident;X;Y;Transfers;InjectedTransfers;PodsHandled;PodHandlingTimeAvg;PodHandlingTimeVar;PodHandlingTimeMin;PodHandlingTimeMax;PileOn;IdleTime;UpTime
InputStation0;0.50;12.50;0;0;0;0;0;0;0;0;1800;1800
OutputStation0;35.50;3.50;259;191;31;33.92430037917932;331.5372085171952;4.1016666666664605;80.49953823585793;8.35483870967742;808.6395816768179;1800
OutputStation1;35.50;9.50;240;187;34;29.024477547296183;264.1627510611114;4.04444444444448;71.5273160136349;7.0588235294117645;885.0828137424003;1800
OutputStation2;0.50;6.50;203;142;36;23.1990977217308;218.55834656536211;4.04444444444448;71.4162049025249;5.638888888888889;1026.0390327473726;1800
