Ident;X;Y;Transfers;InjectedTransfers;PodsHandled;PodHandlingTimeAvg;PodHandlingTimeVar;PodHandlingTimeMin;PodHandlingTimeMax;PileOn;IdleTime;UpTime
InputStation0;0.50;12.50;0;0;0;0;0;0;0;0;1800;1800
OutputStation0;35.50;3.50;241;171;35;28.029819626291882;427.52093986003024;4.04444444444448;81.71398268030248;6.885714285714286;878.9818332375567;1800
OutputStation1;35.50;9.50;257;204;31;34.00030551134635;539.4363567791773;4.1422222222222445;76.29629869393665;8.290322580645162;815.0899983420431;1800
OutputStation2;0.50;6.50;235;170;32;29.87898764314994;300.5917428326222;8.131204902524132;75.22771275805258;7.34375;897.57324772473;1800
