Ident;X;Y;Transfers;InjectedTransfers;PodsHandled;PodHandlingTimeAvg;PodHandlingTimeVar;PodHandlingTimeMin;PodHandlingTimeMax;PileOn;IdleTime;UpTime
InputStation0;0.50;12.50;0;0;0;0;0;0;0;0;1800;1800
OutputStation0;35.50;3.50;209;144;38;22.640623529293087;249.29122340375537;4.074999999999818;80.30915587728427;5.5;999.6862264812787;1800
OutputStation1;35.50;9.50;227;166;36;24.685822712261725;233.7784559103832;4.070555555555302;76.78055555555557;6.305555555555555;933.1979437818297;1800
OutputStation2;0.50;6.50;232;168;34;28.22451510950727;306.18130581253666;4.264733011608541;81.69944444444457;6.823529411764706;910.355144425293;1800
