Ident;X;Y;Transfers;InjectedTransfers;PodsHandled;PodHandlingTimeAvg;PodHandlingTimeVar;PodHandlingTimeMin;PodHandlingTimeMax;PileOn;IdleTime;UpTime
InputStation0;0.50;12.50;0;0;0;0;0;0;0;0;1800;1800
OutputStation0;35.50;3.50;219;149;34;26.189271280806995;351.9219092243204;4.04444444444448;71.20149346968583;6.4411764705882355;962.9524169979786;1800
OutputStation1;35.50;9.50;256;188;34;30.364134833154452;222.4465936102115;4.274062085871037;65.20999999999992;7.529411764705882;824.3704836263339;1800
OutputStation2;0.50;6.50;273;203;29;38.86426630637337;450.67486697569825;8.102784970699872;80.72620490252393;9.413793103448276;755.57103918188;1800
