Ident;X;Y;Transfers;InjectedTransfers;PodsHandled;PodHandlingTimeAvg;PodHandlingTimeVar;PodHandlingTimeMin;PodHandlingTimeMax;PileOn;IdleTime;UpTime
InputStation0;0.50;12.50;0;0;0;0;0;0;0;0;1800;1800
OutputStation0;35.50;3.50;274;201;32;34.83693699131582;340.9893002022935;4.087683986364937;77.39823954192013;8.5625;749.9322484431624;1800
OutputStation1;35.50;9.50;277;218;32;35.02330061640714;474.8383751617822;4.070555555555643;81.98999999999984;8.65625;740.8318921980458;1800
OutputStation2;0.50;6.50;250;179;31;33.25799632113029;282.32058700492234;4.04444444444448;75.81287156919075;8.064516129032258;843.1033292579918;1800
