Ident;X;Y;Transfers;InjectedTransfers;PodsHandled;PodHandlingTimeAvg;PodHandlingTimeVar;PodHandlingTimeMin;PodHandlingTimeMax;PileOn;IdleTime;UpTime
InputStation0;0.50;12.50;0;0;0;0;0;0;0;0;1800;1800
OutputStation0;35.50;3.50;278;214;30;38.17482395419207;467.0290634138925;4.112777777778092;80.81611111111147;9.266666666666667;739.4524529625592;1800
OutputStation1;35.50;9.50;281;212;31;37.317517573102315;364.1997915925964;4.387222222222363;76.06888888888886;9.064516129032258;721.6063202727212;1800
OutputStation2;0.50;6.50;296;231;28;42.921263398773306;635.957966386257;4.04444444444448;84.34971862576072;10.571428571428571;666.2652094450118;1800
