Ident;X;Y;Transfers;InjectedTransfers;PodsHandled;PodHandlingTimeAvg;PodHandlingTimeVar;PodHandlingTimeMin;PodHandlingTimeMax;PileOn;IdleTime;UpTime
InputStation0;0.50;12.50;0;0;0;0;0;0;0;0;1800;1800
OutputStation0;35.50;3.50;232;170;30;31.8408862420367;354.64746501967824;4.04444444444448;77.5305555555558;7.733333333333333;910.0480159944814;1800
OutputStation1;35.50;9.50;262;205;33;32.57668371965095;488.70826403549603;4.044444444444451;78.16787156919077;7.9393939393939394;796.8446944736645;1800
OutputStation2;0.50;6.50;267;208;29;38.1108334573492;523.547774917699;4.04444444444448;76.72185424949225;9.206896551724139;774.31489182273;1800
