Ident;X;Y;Transfers;InjectedTransfers;PodsHandled;PodHandlingTimeAvg;PodHandlingTimeVar;PodHandlingTimeMin;PodHandlingTimeMax;PileOn;IdleTime;UpTime
InputStation0;0.50;12.50;0;0;0;0;0;0;0;0;1800;1800
OutputStation0;35.50;3.50;230;173;33;28.842334165044708;459.0080637962202;4.044444444444423;77.11055555555562;6.96969696969697;924.8480159944779;1800
OutputStation1;35.50;9.50;209;142;36;23.535972621829014;277.88659354223023;4.109076471714616;76.45564934696846;5.805555555555555;999.2492496686932;1800
OutputStation2;0.50;6.50;244;186;32;31.365706393150003;481.2609810312996;4.067222222222199;83.12240980504703;7.625;862.4166954383766;1800
