Ident;X;Y;Transfers;InjectedTransfers;PodsHandled;PodHandlingTimeAvg;PodHandlingTimeVar;PodHandlingTimeMin;PodHandlingTimeMax;PileOn;IdleTime;UpTime
InputStation0;0.50;12.50;0;0;0;0;0;0;0;0;1800;1800
OutputStation0;35.50;3.50;224;159;34;27.09097487501444;306.68593195191545;4.044444444444444;80.51712843081123;6.588235294117647;942.8626549312424;1800
OutputStation1;35.50;9.50;227;173;33;27.894744850550868;525.6012810883919;4.04444444444448;82.93611111111227;6.878787878787879;935.6181169788596;1800
OutputStation2;0.50;6.50;211;152;36;24.232553712640676;332.1929437431407;4.112128430808298;74.83898268030202;5.861111111111111;994.1400865985414;1800
