Ident;X;Y;Transfers;InjectedTransfers;PodsHandled;PodHandlingTimeAvg;PodHandlingTimeVar;PodHandlingTimeMin;PodHandlingTimeMax;PileOn;IdleTime;UpTime
InputStation0;0.50;12.50;0;0;0;0;0;0;0;0;1800;1800
OutputStation0;35.50;3.50;238;172;34;28.958196885680547;292.11432589944485;4.04444444444448;63.84444444444375;7;890.910194775749;1800
OutputStation1;35.50;9.50;237;177;35;27.745936302424283;357.94572182829523;4.04444444444448;80.38509379141328;6.771428571428571;892.015115370181;1800
OutputStation2;0.50;6.50;228;159;34;26.628932602911483;180.8199196564168;8.159444444444262;63.16518758282609;6.705882352941177;928.0528499904148;1800
