Ident;X;Y;Transfers;InjectedTransfers;PodsHandled;PodHandlingTimeAvg;PodHandlingTimeVar;PodHandlingTimeMin;PodHandlingTimeMax;PileOn;IdleTime;UpTime
InputStation0;0.50;12.50;0;0;0;0;0;0;0;0;1800;1800
OutputStation0;35.50;3.50;247;185;33;30.561352921609707;369.144655275164;4.04444444444448;70.68694804090534;7.484848484848484;849.1539682944542;1800
OutputStation1;35.50;9.50;270;201;30;36.6544047605553;506.7027202870553;4.07388888888886;75.47185424949248;9;761.0846751848032;1800
OutputStation2;0.50;6.50;241;178;32;30.243738276073454;291.77414689610066;4.116111111111138;70.92444444444482;7.53125;879.966681052533;1800
