Ident;X;Y;Transfers;InjectedTransfers;PodsHandled;PodHandlingTimeAvg;PodHandlingTimeVar;PodHandlingTimeMin;PodHandlingTimeMax;PileOn;IdleTime;UpTime
InputStation0;0.50;12.50;0;0;0;0;0;0;0;0;1800;1800
OutputStation0;35.50;3.50;243;177;33;29.962190958417864;420.759405255147;4.04444444444448;72.15036797273024;7.363636363636363;867.206226764707;1800
OutputStation1;35.50;9.50;260;197;32;33.14775816002143;434.82437192242514;4.04444444444448;77.28943725152192;8.125;803.2045595312101;1800
OutputStation2;0.50;6.50;235;170;36;26.960547539801198;298.83225840563307;4.04444444444448;71.16388888888946;6.527777777777778;898.9565006626065;1800
