Ident;X;Y;Transfers;InjectedTransfers;PodsHandled;PodHandlingTimeAvg;PodHandlingTimeVar;PodHandlingTimeMin;PodHandlingTimeMax;PileOn;IdleTime;UpTime
InputStation0;0.50;12.50;0;0;0;0;0;0;0;0;1800;1800
OutputStation0;35.50;3.50;229;163;35;27.050589570318174;243.33311354707493;4.04444444444448;70.27268398636517;6.542857142857143;922.8224239075217;1800
OutputStation1;35.50;9.50;231;172;35;27.189900635467758;266.7491104204003;4.1666666666667425;62.256760458079725;6.6;915.7669701865484;1800
OutputStation2;0.50;6.50;229;163;33;28.41580129805479;304.3062053106929;4.04444444444448;79.75333333333344;6.9393939393939394;925.1390039756587;1800
