Ident;X;Y;Transfers;InjectedTransfers;PodsHandled;PodHandlingTimeAvg;PodHandlingTimeVar;PodHandlingTimeMin;PodHandlingTimeMax;PileOn;IdleTime;UpTime
InputStation0;0.50;12.50;0;0;0;0;0;0;0;0;1800;1800
OutputStation0;35.50;3.50;245;184;33;29.209778956519322;451.6545418343719;4.086305886862192;84.52398268030186;7.424242424242424;862.3669986747926;1800
OutputStation1;35.50;9.50;268;203;32;34.13803841922325;457.03407513198374;4.066204902524532;76.62518758282579;8.375;772.2438022903782;1800
OutputStation2;0.50;6.50;215;149;34;25.18994504013709;337.85042333486797;4.100822543946606;72.04944444444527;6.323529411764706;974.0673735570294;1800
