Ident;X;Y;Transfers;InjectedTransfers;PodsHandled;PodHandlingTimeAvg;PodHandlingTimeVar;PodHandlingTimeMin;PodHandlingTimeMax;PileOn;IdleTime;UpTime
InputStation0;0.50;12.50;0;0;0;0;0;0;0;0;1800;1800
OutputStation0;35.50;3.50;258;190;30;35.72194492397263;610.9352292016348;4.088888888889187;81.17398268030274;8.6;811.402691179266;1800
OutputStation1;35.50;9.50;247;173;32;31.415352409849064;356.69405696880267;4.04444444444448;83.29453823585698;7.71875;854.8835422114882;1800
OutputStation2;0.50;6.50;255;191;30;34.57356469493269;498.8039391970567;4.04444444444448;71.31222222222227;8.5;823.970447661728;1800
