Ident;X;Y;Transfers;InjectedTransfers;PodsHandled;PodHandlingTimeAvg;PodHandlingTimeVar;PodHandlingTimeMin;PodHandlingTimeMax;PileOn;IdleTime;UpTime
InputStation0;0.50;12.50;0;0;0;0;0;0;0;0;1800;1800
OutputStation0;35.50;3.50;226;162;34;27.451034717350012;381.94730611537767;4.06222222222226;71.1450937914129;6.647058823529412;931.5800002833948;1800
OutputStation1;35.50;9.50;280;224;33;34.723034452998405;434.21006696910666;4.059538235857076;78.65031014593114;8.484848484848484;727.5909669692419;1800
OutputStation2;0.50;6.50;256;198;29;35.647304822884436;436.777697281583;8.205000000000041;75.96295097475468;8.827586206896552;822.0974532459995;1800
