Ident;X;Y;Transfers;InjectedTransfers;PodsHandled;PodHandlingTimeAvg;PodHandlingTimeVar;PodHandlingTimeMin;PodHandlingTimeMax;PileOn;IdleTime;UpTime
InputStation0;0.50;12.50;0;0;0;0;0;0;0;0;1800;1800
OutputStation0;35.50;3.50;248;181;36;28.17583132742675;348.9297869378934;4.1872222222218625;83.5755555555561;6.888888888888889;847.8895163736913;1800
OutputStation1;35.50;9.50;279;208;31;37.04290020027718;384.08041645490783;4.3277777777775555;80.88990620858726;9;733.694004259055;1800
OutputStation2;0.50;6.50;250;183;30;34.25160533787846;414.3037844682368;4.04444444444448;78.94787156919074;8.333333333333334;843.2317098242103;1800
