Ident;X;Y;Transfers;InjectedTransfers;PodsHandled;PodHandlingTimeAvg;PodHandlingTimeVar;PodHandlingTimeMin;PodHandlingTimeMax;PileOn;IdleTime;UpTime
InputStation0;0.50;12.50;0;0;0;0;0;0;0;0;1800;1800
OutputStation0;35.50;3.50;174;135;23;77.6945366721786;1905.7012131686454;11.887777777777842;166.17064934696964;7.565217391304348;103.13035358688649;1800
OutputStation1;35.50;9.50;174;143;21;82.94613825117793;2392.5053523337565;11.784444444444375;195.8164862767635;8.285714285714286;101.38100293386034;1800
OutputStation2;0.50;6.50;172;138;20;87.99234271247471;2684.4737272542425;12.391760458079375;175.57500000000005;8.6;121.24914840092319;1800
