Ident;X;Y;Transfers;InjectedTransfers;PodsHandled;PodHandlingTimeAvg;PodHandlingTimeVar;PodHandlingTimeMin;PodHandlingTimeMax;PileOn;IdleTime;UpTime
InputStation0;0.50;12.50;0;0;0;0;0;0;0;0;1800;1800
OutputStation0;35.50;3.50;209;152;35;24.385756545252583;294.87370761160474;4.125;66.49388888888916;5.9714285714285715;1003.2147258186733;1800
OutputStation1;35.50;9.50;272;219;32;35.26206890320388;347.31433830049014;4.04444444444448;71.58287156919164;8.5;758.3137735187001;1800
OutputStation2;0.50;6.50;231;162;33;28.852530500918604;393.7314914032746;4.044444444444423;76.41722222222302;7;915.8787807116487;1800
