Ident;X;Y;Transfers;InjectedTransfers;PodsHandled;PodHandlingTimeAvg;PodHandlingTimeVar;PodHandlingTimeMin;PodHandlingTimeMax;PileOn;IdleTime;UpTime
InputStation0;0.50;12.50;0;0;0;0;0;0;0;0;1800;1800
OutputStation0;31.50;3.50;173;144;22;80.33217728822224;2133.7570496574367;22.11000000000081;186.90676045808016;7.863636363636363;102.01376632578072;1800
OutputStation1;31.50;9.50;174;138;22;81.94547651558739;2877.0705879356988;12.133333333333269;198.1025035964608;7.909090909090909;100.82662322572811;1800
OutputStation2;0.50;6.50;174;142;19;93.67166286600144;4380.76110409264;10.04944444444444;206.08306634493908;9.157894736842104;99.46431468841737;1800
