Ident;X;Y;Transfers;InjectedTransfers;PodsHandled;PodHandlingTimeAvg;PodHandlingTimeVar;PodHandlingTimeMin;PodHandlingTimeMax;PileOn;IdleTime;UpTime
InputStation0;0.50;12.50;0;0;0;0;0;0;0;0;1800;1800
OutputStation0;35.50;3.50;248;181;31;32.88873807647512;450.20662982635184;4.125;80.06777777777782;8;849.1903607797968;1800
OutputStation1;35.50;9.50;254;189;34;29.477012774048937;336.8571178654286;4.04444444444448;75.31981961009978;7.470588235294118;828.7205193075099;1800
OutputStation2;0.50;6.50;213;145;34;25.435299634788873;352.1518497161101;4.04444444444448;70.56731601363515;6.264705882352941;984.1387156919086;1800
