Ident;X;Y;Transfers;InjectedTransfers;PodsHandled;PodHandlingTimeAvg;PodHandlingTimeVar;PodHandlingTimeMin;PodHandlingTimeMax;PileOn;IdleTime;UpTime
InputStation0;0.50;12.50;0;0;0;0;0;0;0;0;1800;1800
OutputStation0;35.50;3.50;243;167;34;29.003717426039795;374.28800051733793;4.04444444444448;76.2100000000001;7.147058823529412;870.5969408479764;1800
OutputStation1;35.50;9.50;291;215;30;39.80443891097596;423.3811926418622;4.086666666666588;78.56805915201687;9.7;685.9085209161501;1800
OutputStation2;0.50;6.50;229;156;33;28.356312913345857;520.8855168818059;4.04444444444448;84.60064934696845;6.9393939393939394;925.4083839672126;1800
