Ident;X;Y;Transfers;InjectedTransfers;PodsHandled;PodHandlingTimeAvg;PodHandlingTimeVar;PodHandlingTimeMin;PodHandlingTimeMax;PileOn;IdleTime;UpTime
InputStation0;0.50;12.50;0;0;0;0;0;0;0;0;1800;1800
OutputStation0;35.50;3.50;227;152;35;26.80308719883148;468.4393241114308;4.076572875253532;77.0744444444444;6.485714285714286;931.693217679736;1800
OutputStation1;35.50;9.50;259;193;32;32.947850153203774;373.7275086609381;8.116111111110968;84.59722222222274;8.09375;807.0447473974532;1800
OutputStation2;0.50;6.50;263;207;31;34.88308895239457;643.630015389545;4.04444444444448;80.59611111111093;8.483870967741936;796.7317676510089;1800
