Ident;X;Y;Transfers;InjectedTransfers;PodsHandled;PodHandlingTimeAvg;PodHandlingTimeVar;PodHandlingTimeMin;PodHandlingTimeMax;PileOn;IdleTime;UpTime
InputStation0;0.50;12.50;0;0;0;0;0;0;0;0;1800;1800
OutputStation0;35.50;3.50;262;187;31;34.69423846726941;500.4601573927223;4.04444444444448;81.62564934696834;8.451612903225806;797.8857359454483;1800
OutputStation1;35.50;9.50;260;189;33;32.10161375538689;410.3964994289733;4.122222222222035;77.33277777777778;7.878787878787879;803.2050794055791;1800
OutputStation2;0.50;6.50;227;160;35;26.6530024742426;425.43285213596533;4.04444444444448;82.11676045807957;6.485714285714286;929.6190980504809;1800
