Ident;X;Y;Transfers;InjectedTransfers;PodsHandled;PodHandlingTimeAvg;PodHandlingTimeVar;PodHandlingTimeMin;PodHandlingTimeMax;PileOn;IdleTime;UpTime
InputStation0;0.50;12.50;0;0;0;0;0;0;0;0;1800;1800
OutputStation0;35.50;3.50;219;157;34;26.626075256503565;226.15164286245164;4.04444444444448;58.75277777777865;6.4411764705882355;963.0224532459888;1800
OutputStation1;35.50;9.50;283;222;30;39.04046206931801;463.7866361861983;12.573629093421687;80.6961111111109;9.433333333333334;718.0885467030174;1800
OutputStation2;0.50;6.50;211;149;34;25.438150770148738;277.19950260274;4.04444444444448;64.88564934696888;6.205882352941177;991.8165653989411;1800
