Ident;X;Y;Transfers;InjectedTransfers;PodsHandled;PodHandlingTimeAvg;PodHandlingTimeVar;PodHandlingTimeMin;PodHandlingTimeMax;PileOn;IdleTime;UpTime
InputStation0;0.50;12.50;0;0;0;0;0;0;0;0;1800;1800
OutputStation0;35.50;3.50;253;185;31;33.050137318116796;350.5948287184031;8.08055555555552;77.83898268030248;8.161290322580646;827.0692928262326;1800
OutputStation1;35.50;9.50;239;178;36;27.391252605317078;301.33523108346895;4.074163070205884;71.08166666666705;6.638888888888889;884.977626442986;1800
OutputStation2;0.50;6.50;224;157;37;24.994502164004796;163.96251872571403;4.1866666666662695;50.15064934696838;6.054054054054054;944.15265521466;1800
