Ident;X;Y;Transfers;InjectedTransfers;PodsHandled;PodHandlingTimeAvg;PodHandlingTimeVar;PodHandlingTimeMin;PodHandlingTimeMax;PileOn;IdleTime;UpTime
InputStation0;0.50;12.50;0;0;0;0;0;0;0;0;1800;1800
OutputStation0;35.50;3.50;253;182;32;32.419956484832795;270.3271988415139;4.110375165651703;66.07555555555552;7.90625;830.5023303994803;1800
OutputStation1;35.50;9.50;252;191;32;32.3416461497951;669.1503492396025;4.04444444444448;80.90500000000011;7.875;835.1907503313173;1800
OutputStation2;0.50;6.50;260;195;32;33.26895585190962;538.5384940183945;8.62166666666701;81.94666666666672;8.125;806.3367026312892;1800
