Ident;X;Y;Transfers;InjectedTransfers;PodsHandled;PodHandlingTimeAvg;PodHandlingTimeVar;PodHandlingTimeMin;PodHandlingTimeMax;PileOn;IdleTime;UpTime
InputStation0;0.50;12.50;0;0;0;0;0;0;0;0;1800;1800
OutputStation0;35.50;3.50;243;177;35;28.702100803116632;197.401965897018;4.2205555555551655;61.16888888888889;6.942857142857143;867.7976624075806;1800
OutputStation1;35.50;9.50;238;175;35;27.55773263297259;310.85251632338634;4.04444444444448;76.42592352828552;6.8;890.8265366272551;1800
OutputStation2;0.50;6.50;264;198;30;36.1640432897982;373.4286839870204;4.04444444444448;71.781854249493;8.8;788.5826911793001;1800
