Ident;X;Y;Transfers;InjectedTransfers;PodsHandled;PodHandlingTimeAvg;PodHandlingTimeVar;PodHandlingTimeMin;PodHandlingTimeMax;PileOn;IdleTime;UpTime
InputStation0;0.50;12.50;0;0;0;0;0;0;0;0;1800;1800
OutputStation0;35.50;3.50;203;149;37;22.690681148095287;265.32378413639464;4.04444444444448;61.33574313838153;5.486486486486487;1025.8210604772264;1800
OutputStation1;35.50;9.50;263;195;33;32.64594137573729;307.41294923749643;8.318333333333157;69.43407647171512;7.96969696969697;791.8671423058029;1800
OutputStation2;0.50;6.50;230;159;34;27.881883521789035;343.36549091754705;4.067026935624881;79.3218542494933;6.764705882352941;919.3942923154013;1800
