Ident;X;Y;Transfers;InjectedTransfers;PodsHandled;PodHandlingTimeAvg;PodHandlingTimeVar;PodHandlingTimeMin;PodHandlingTimeMax;PileOn;IdleTime;UpTime
InputStation0;0.50;12.50;0;0;0;0;0;0;0;0;1800;1800
OutputStation0;35.50;3.50;276;209;30;37.891997353147666;327.0406385106766;4.122222222222263;68.94611111111101;9.2;745.8435790263613;1800
OutputStation1;35.50;9.50;250;187;33;31.160855525727193;297.4575912417446;4.044444444444423;66.48731601363602;7.575757575757576;844.1191414914256;1800
OutputStation2;0.50;6.50;237;181;35;27.92737394067756;416.81750858768976;4.045555555555438;75.61611111111118;6.771428571428571;892.2140905741421;1800
