Ident;X;Y;Transfers;InjectedTransfers;PodsHandled;PodHandlingTimeAvg;PodHandlingTimeVar;PodHandlingTimeMin;PodHandlingTimeMax;PileOn;IdleTime;UpTime
InputStation0;0.50;12.50;0;0;0;0;0;0;0;0;1800;1800
OutputStation0;35.50;3.50;215;150;34;25.928189667750527;413.71578818922126;4.12166666666667;79.97564934696828;6.323529411764706;977.5133983530504;1800
OutputStation1;35.50;9.50;275;213;31;36.33850672577402;645.9707102609494;4.04444444444448;82.32564934696825;8.870967741935484;746.1554761500043;1800
OutputStation2;0.50;6.50;245;176;32;30.787555463872714;394.3442465957754;4.059999999999718;75.11481961009588;7.65625;863.3936290934254;1800
