Ident;X;Y;Transfers;InjectedTransfers;PodsHandled;PodHandlingTimeAvg;PodHandlingTimeVar;PodHandlingTimeMin;PodHandlingTimeMax;PileOn;IdleTime;UpTime
InputStation0;0.50;12.50;0;0;0;0;0;0;0;0;1800;1800
OutputStation0;35.50;3.50;283;222;29;38.769039159439245;414.5313440238978;4.2150000000001455;80.98500000000001;9.758620689655173;711.6399928070779;1800
OutputStation1;35.50;9.50;291;231;29;41.08210404550701;428.6520951979829;4.231666666666655;79.47055555555721;10.03448275862069;684.7862915010083;1800
OutputStation2;0.50;6.50;265;201;32;33.959079861111185;444.2433750494216;4.048333333333403;75.04963202727004;8.28125;784.9790692787956;1800
