Ident;X;Y;Transfers;InjectedTransfers;PodsHandled;PodHandlingTimeAvg;PodHandlingTimeVar;PodHandlingTimeMin;PodHandlingTimeMax;PileOn;IdleTime;UpTime
InputStation0;0.50;12.50;0;0;0;0;0;0;0;0;1800;1800
OutputStation0;35.50;3.50;236;166;34;28.043227018404696;323.80805844370485;4.04444444444448;70.82277777777765;6.9411764705882355;896.275988831417;1800
OutputStation1;35.50;9.50;260;188;31;34.22543406117546;378.2387615957031;4.329444444444334;74.63333333333344;8.387096774193548;799.1765366272373;1800
OutputStation2;0.50;6.50;252;188;33;31.227378985767007;510.82012265685785;4.172871569190875;74.88314575050742;7.636363636363637;833.903860400595;1800
