Ident;X;Y;Transfers;InjectedTransfers;PodsHandled;PodHandlingTimeAvg;PodHandlingTimeVar;PodHandlingTimeMin;PodHandlingTimeMax;PileOn;IdleTime;UpTime
InputStation0;0.50;12.50;0;0;0;0;0;0;0;0;1800;1800
OutputStation0;35.50;3.50;263;203;31;34.77019108155764;544.5962553587646;4.04444444444448;74.92722222222301;8.483870967741936;791.9899205944369;1800
OutputStation1;35.50;9.50;233;161;34;28.112039725089247;239.51527107645953;4.100555555555047;68.64388888888891;6.852941176470588;904.3613058868578;1800
OutputStation2;0.50;6.50;268;203;29;37.86744887309293;496.1782929092992;4.04444444444448;75.52009379141305;9.241379310344827;772.2599856141467;1800
