Ident;X;Y;Transfers;InjectedTransfers;PodsHandled;PodHandlingTimeAvg;PodHandlingTimeVar;PodHandlingTimeMin;PodHandlingTimeMax;PileOn;IdleTime;UpTime
InputStation0;0.50;12.50;0;0;0;0;0;0;0;0;1800;1800
OutputStation0;35.50;3.50;270;207;32;34.40349228953621;360.2891044724625;4.04444444444448;76.9763780995055;8.4375;769.9282467348348;1800
OutputStation1;35.50;9.50;188;133;36;21.40717372021564;222.27178444259076;4.087943781832564;66.70065653989025;5.222222222222222;1081.0030591520044;1800
OutputStation2;0.50;6.50;258;203;32;33.12123601942818;515.2132005408689;4.044444444444444;80.89842712474683;8.0625;812.7853823585733;1800
