Ident;X;Y;Transfers;InjectedTransfers;PodsHandled;PodHandlingTimeAvg;PodHandlingTimeVar;PodHandlingTimeMin;PodHandlingTimeMax;PileOn;IdleTime;UpTime
InputStation0;0.50;12.50;0;0;0;0;0;0;0;0;1800;1800
OutputStation0;35.50;3.50;265;196;31;34.65009868232322;389.1934408253917;4.04444444444448;79.73666666666674;8.548387096774194;786.0826045807918;1800
OutputStation1;35.50;9.50;208;137;35;24.19076293232266;259.7322274953352;4.04444444444448;77.49064934696821;5.942857142857143;1005.4910173196973;1800
OutputStation2;0.50;6.50;253;194;33;31.212645503872395;477.3232958088345;4.04444444444448;77.33166666666739;7.666666666666667;826.6636653414314;1800
