Ident;X;Y;Transfers;InjectedTransfers;PodsHandled;PodHandlingTimeAvg;PodHandlingTimeVar;PodHandlingTimeMin;PodHandlingTimeMax;PileOn;IdleTime;UpTime
InputStation0;0.50;12.50;0;0;0;0;0;0;0;0;1800;1800
OutputStation0;35.50;3.50;264;193;33;32.77310616958961;590.7413975560268;4.04444444444448;80.91601731969854;8;788.0611902331725;1800
OutputStation1;35.50;9.50;249;194;34;29.79143663082104;424.88803097318976;4.04444444444448;72.20055555555558;7.323529411764706;843.1835209161375;1800
OutputStation2;0.50;6.50;222;152;37;24.88725751646175;242.8366677997706;4.175555555555775;67.00676765099979;6;945.409891822743;1800
