Ident;X;Y;Transfers;InjectedTransfers;PodsHandled;PodHandlingTimeAvg;PodHandlingTimeVar;PodHandlingTimeMin;PodHandlingTimeMax;PileOn;IdleTime;UpTime
InputStation0;0.50;12.50;0;0;0;0;0;0;0;0;1800;1800
OutputStation0;35.50;3.50;258;193;34;30.854629919217572;333.6988052338153;4.127128430809307;72.07842712474712;7.588235294117647;810.9276837029477;1800
OutputStation1;35.50;9.50;238;174;34;28.936648414452588;431.7810362209789;4.04444444444448;85.01360751464927;7;885.882525458632;1800
OutputStation2;0.50;6.50;252;183;32;32.43672506152103;456.43674309068564;4.250555555555593;79.67666666666656;7.875;830.8121212378924;1800
