Ident;X;Y;Transfers;InjectedTransfers;PodsHandled;PodHandlingTimeAvg;PodHandlingTimeVar;PodHandlingTimeMin;PodHandlingTimeMax;PileOn;IdleTime;UpTime
InputStation0;0.50;12.50;0;0;0;0;0;0;0;0;1800;1800
OutputStation0;35.50;3.50;238;181;35;27.634952997488625;314.7389627916032;4.04444444444448;75.58453823585762;6.8;891.309220896999;1800
OutputStation1;35.50;9.50;230;176;35;27.039547706936705;228.91845990957225;4.121111111111077;71.81851372323558;6.571428571428571;916.3686224208217;1800
OutputStation2;0.50;6.50;202;146;34;24.149942916235812;297.2246589880331;4.04444444444448;74.92629150101311;5.9411764705882355;1026.5446759885513;1800
