Ident;X;Y;Transfers;InjectedTransfers;PodsHandled;PodHandlingTimeAvg;PodHandlingTimeVar;PodHandlingTimeMin;PodHandlingTimeMax;PileOn;IdleTime;UpTime
InputStation0;0.50;12.50;0;0;0;0;0;0;0;0;1800;1800
OutputStation0;35.50;3.50;243;174;33;30.077429708785054;362.5573590765291;4.04444444444448;82.0586075146503;7.363636363636363;870.884747397427;1800
OutputStation1;35.50;9.50;285;215;32;36.23558712201724;412.069846213428;8.12166666666667;83.21546176414267;8.90625;706.9955195909168;1800
OutputStation2;0.50;6.50;247;179;31;32.559838709677166;444.32913572745525;4.096111111111213;80.44611111111112;7.967741935483871;860.0233767742901;1800
