Ident;X;Y;Transfers;InjectedTransfers;PodsHandled;PodHandlingTimeAvg;PodHandlingTimeVar;PodHandlingTimeMin;PodHandlingTimeMax;PileOn;IdleTime;UpTime
InputStation0;0.50;12.50;0;0;0;0;0;0;0;0;1800;1800
OutputStation0;35.50;3.50;281;209;29;38.793530876524336;474.00833220570655;8.066666666666947;80.56666666666729;9.689655172413794;726.1072222222045;1800
OutputStation1;35.50;9.50;225;164;34;27.282304133125344;338.34980276084053;4.106666666666342;65.1435209161591;6.617647058823529;941.5178137423898;1800
OutputStation2;0.50;6.50;218;155;36;24.644444244641136;424.06842898849834;4.04444444444448;76.9100937914128;6.055555555555555;965.8292134206528;1800
