Ident;X;Y;Transfers;InjectedTransfers;PodsHandled;PodHandlingTimeAvg;PodHandlingTimeVar;PodHandlingTimeMin;PodHandlingTimeMax;PileOn;IdleTime;UpTime
InputStation0;0.50;12.50;0;0;0;0;0;0;0;0;1800;1800
OutputStation0;35.50;3.50;252;187;34;30.511234189022055;496.1880210594771;4.04444444444448;79.44277777777825;7.411764705882353;832.8195019878367;1800
OutputStation1;35.50;9.50;230;174;33;28.563637017538525;226.7306726271544;4.04444444444448;59.64657287525233;6.96969696969697;919.7715656823227;1800
OutputStation2;0.50;6.50;223;168;34;26.854668108585543;423.0065143437134;4.044444444444444;81.4083333333341;6.5588235294117645;945.9009594928984;1800
