Ident;X;Y;Transfers;InjectedTransfers;PodsHandled;PodHandlingTimeAvg;PodHandlingTimeVar;PodHandlingTimeMin;PodHandlingTimeMax;PileOn;IdleTime;UpTime
InputStation0;0.50;12.50;0;0;0;0;0;0;0;0;1800;1800
OutputStation0;35.50;3.50;220;151;36;25.0138995099606;252.64971648706464;4.04444444444448;74.31629869393737;6.111111111111111;958.1447042399093;1800
OutputStation1;35.50;9.50;280;212;31;37.08855071653689;465.35934085809123;4.04444444444448;83.82287156919085;9.03225806451613;725.9260463748162;1800
OutputStation2;0.50;6.50;236;168;33;29.409843018487773;360.4729719677957;4.04444444444448;80.843888888889;7.151515151515151;893.2668976904422;1800
