Ident;X;Y;Transfers;InjectedTransfers;PodsHandled;PodHandlingTimeAvg;PodHandlingTimeVar;PodHandlingTimeMin;PodHandlingTimeMax;PileOn;IdleTime;UpTime
InputStation0;0.50;12.50;0;0;0;0;0;0;0;0;1800;1800
OutputStation0;35.50;3.50;257;198;31;32.857798260394624;621.8184515006656;4.04444444444448;85.3733333333339;8.290322580645162;814.8212360386335;1800
OutputStation1;35.50;9.50;262;203;29;36.954281981243476;570.6503596713233;4.044444444444444;81.03028137423826;9.03448275862069;794.8974460530877;1800
OutputStation2;0.50;6.50;209;142;36;23.73787578080764;274.2881204779231;4.0833333333332575;67.20685424949238;5.805555555555555;997.3779725535037;1800
