Ident;X;Y;Transfers;InjectedTransfers;PodsHandled;PodHandlingTimeAvg;PodHandlingTimeVar;PodHandlingTimeMin;PodHandlingTimeMax;PileOn;IdleTime;UpTime
InputStation0;0.50;12.50;0;0;0;0;0;0;0;0;1800;1800
OutputStation0;35.50;3.50;256;196;31;33.55601871187659;532.1368202076691;4.239350653028623;84.99583692979418;8.258064516129032;824.9452019686543;1800
OutputStation1;35.50;9.50;228;171;35;26.89548690219679;399.9810762081606;4.048888888887859;80.2068542494925;6.514285714285714;922.8606781186603;1800
OutputStation2;0.50;6.50;253;195;31;33.73127891655206;398.44257637146893;4.051111111110458;71.71368692021679;8.161290322580646;829.5819627101457;1800
