Ident;X;Y;Transfers;InjectedTransfers;PodsHandled;PodHandlingTimeAvg;PodHandlingTimeVar;PodHandlingTimeMin;PodHandlingTimeMax;PileOn;IdleTime;UpTime
InputStation0;0.50;12.50;0;0;0;0;0;0;0;0;1800;1800
OutputStation0;35.50;3.50;223;151;35;26.086169243665356;271.3753715986748;4.127222222222372;77.503888888889;6.371428571428571;944.7557431383868;1800
OutputStation1;35.50;9.50;274;216;31;36.06491365182475;414.7377427656757;4.231673859587659;81.10555555555584;8.838709677419354;750.1190620858749;1800
OutputStation2;0.50;6.50;250;178;34;30.174890714943896;331.8764204440493;4.070555555555757;77.23444444444425;7.352941176470588;842.2834130223146;1800
