Ident;X;Y;Transfers;InjectedTransfers;PodsHandled;PodHandlingTimeAvg;PodHandlingTimeVar;PodHandlingTimeMin;PodHandlingTimeMax;PileOn;IdleTime;UpTime
InputStation0;0.50;12.50;0;0;0;0;0;0;0;0;1800;1800
OutputStation0;35.50;3.50;259;188;32;32.63337414229788;291.7461545861233;4.16944444444448;73.59277777777785;8.09375;802.3595243702574;1800
OutputStation1;35.50;9.50;230;165;35;27.055454957951227;210.2875239723074;4.130375165651344;63.0178715691909;6.571428571428571;918.3429150101847;1800
OutputStation2;0.50;6.50;227;172;33;28.48264637574191;396.27795955338354;4.116111111110968;75.51249640353922;6.878787878787879;930.6352885671699;1800
