Ident;X;Y;Transfers;InjectedTransfers;PodsHandled;PodHandlingTimeAvg;PodHandlingTimeVar;PodHandlingTimeMin;PodHandlingTimeMax;PileOn;IdleTime;UpTime
InputStation0;0.50;12.50;0;0;0;0;0;0;0;0;1800;1800
OutputStation0;35.50;3.50;231;166;34;27.991654354707777;265.4183239928135;4.125;76.39797255352556;6.794117647058823;919.4189107510869;1800
OutputStation1;35.50;9.50;260;203;32;33.521769242167956;587.6540054079813;4.04444444444448;79.90459606265733;8.125;803.7922064192832;1800
OutputStation2;0.50;6.50;263;190;32;33.55873060702258;431.86742004926907;4.04444444444448;83.41722222222232;8.21875;798.0122227890439;1800
