Ident;X;Y;Transfers;InjectedTransfers;PodsHandled;PodHandlingTimeAvg;PodHandlingTimeVar;PodHandlingTimeMin;PodHandlingTimeMax;PileOn;IdleTime;UpTime
InputStation0;0.50;12.50;0;0;0;0;0;0;0;0;1800;1800
OutputStation0;35.50;3.50;249;184;31;32.934563841414196;527.3955903192768;4.04444444444448;83.60444444444454;8.03225806451613;843.709675184795;1800
OutputStation1;35.50;9.50;255;190;34;30.43833863891883;312.71716285257247;4.232222222222845;81.5284271247499;7.5;823.4917604580953;1800
OutputStation2;0.50;6.50;234;175;34;28.02867371201737;385.2133822790419;4.044444444444444;70.5711111111109;6.882352941176471;904.6397114328336;1800
