Ident;X;Y;Transfers;InjectedTransfers;PodsHandled;PodHandlingTimeAvg;PodHandlingTimeVar;PodHandlingTimeMin;PodHandlingTimeMax;PileOn;IdleTime;UpTime
InputStation0;0.50;12.50;0;0;0;0;0;0;0;0;1800;1800
OutputStation0;35.50;3.50;229;173;34;27.956158641487654;252.99284418423505;4.049906208587117;59.17777777777788;6.735294117647059;919.310165437247;1800
OutputStation1;35.50;9.50;254;198;31;33.14765535527866;563.0215712718366;4.138333333333435;81.92749640353964;8.193548387096774;831.1892928262425;1800
OutputStation2;0.50;6.50;245;179;33;29.91888123426646;292.05293804019294;4.04444444444448;62.442222222222426;7.424242424242424;864.2574966869233;1800
