Ident;X;Y;Transfers;InjectedTransfers;PodsHandled;PodHandlingTimeAvg;PodHandlingTimeVar;PodHandlingTimeMin;PodHandlingTimeMax;PileOn;IdleTime;UpTime
InputStation0;0.50;12.50;0;0;0;0;0;0;0;0;1800;1800
OutputStation0;35.50;3.50;223;157;33;27.912089948316975;509.2932360054568;4.04444444444448;81.47796536060332;6.757575757575758;944.8524820176918;1800
OutputStation1;35.50;9.50;283;221;31;37.257321136575136;397.8570460596411;4.04444444444448;81.36036797272845;9.129032258064516;712.9923375924077;1800
OutputStation2;0.50;6.50;252;185;30;33.96415993437778;346.69451557064224;4.134444444444512;74.35555555555652;8.4;835.9747617832796;1800
