Ident;X;Y;Transfers;InjectedTransfers;PodsHandled;PodHandlingTimeAvg;PodHandlingTimeVar;PodHandlingTimeMin;PodHandlingTimeMax;PileOn;IdleTime;UpTime
InputStation0;0.50;12.50;0;0;0;0;0;0;0;0;1800;1800
OutputStation0;35.50;3.50;241;189;33;30.42919788392143;348.0795245470028;4.205000000000041;76.99934346010969;7.303030303030303;877.8950971471166;1800
OutputStation1;35.50;9.50;190;127;35;22.52534614448377;225.06208567672377;4.04444444444448;67.2515728752536;5.428571428571429;1070.8975788813857;1800
OutputStation2;0.50;6.50;231;166;34;27.24806549395743;331.42363261824164;8.061017319698294;72.12917026313175;6.794117647058823;918.2490248258939;1800
