Ident;X;Y;Transfers;InjectedTransfers;PodsHandled;PodHandlingTimeAvg;PodHandlingTimeVar;PodHandlingTimeMin;PodHandlingTimeMax;PileOn;IdleTime;UpTime
InputStation0;0.50;12.50;0;0;0;0;0;0;0;0;1800;1800
OutputStation0;35.50;3.50;260;194;31;34.708691524242674;529.035378143141;4.04444444444448;85.42111111111126;8.387096774193548;801.0720706040156;1800
OutputStation1;35.50;9.50;249;192;33;30.961093840159563;511.51017430014826;4.044444444444444;84.19296536060415;7.545454545454546;848.3138238691612;1800
OutputStation2;0.50;6.50;276;209;32;35.45441513462807;401.9536083094745;4.04444444444448;82.15666666666698;8.625;743.0710101267995;1800
