Ident;X;Y;Transfers;InjectedTransfers;PodsHandled;PodHandlingTimeAvg;PodHandlingTimeVar;PodHandlingTimeMin;PodHandlingTimeMax;PileOn;IdleTime;UpTime
InputStation0;0.50;12.50;0;0;0;0;0;0;0;0;1800;1800
OutputStation0;35.50;3.50;173;131;28;61.83368326302386;1951.2228333387518;11.394350653031665;205.4189826803016;6.178571428571429;102.95466108238745;1800
OutputStation1;35.50;9.50;168;118;33;51.94463574989243;1369.9055185693505;10.044444444444444;165.45101731969817;5.090909090909091;150.40107486307733;1800
OutputStation2;0.50;6.50;173;140;23;76.48645774387326;1409.3108491302771;22.837128430809116;165.87953823585724;7.521739130434782;102.27580068178845;1800
