Ident;X;Y;Transfers;InjectedTransfers;PodsHandled;PodHandlingTimeAvg;PodHandlingTimeVar;PodHandlingTimeMin;PodHandlingTimeMax;PileOn;IdleTime;UpTime
InputStation0;0.50;12.50;0;0;0;0;0;0;0;0;1800;1800
OutputStation0;35.50;3.50;258;188;32;32.297198999148016;406.6266475482482;4.045555555554984;80.99611111111123;8.0625;813.3305936011129;1800
OutputStation1;35.50;9.50;246;187;33;30.31585290153079;413.57368598750105;4.147777777777492;77.65176045807982;7.454545454545454;855.1099784212042;1800
OutputStation2;0.50;6.50;241;180;31;31.778811617301464;304.4776993883193;4.04444444444448;62.95166666666671;7.774193548387097;872.5422027244466;1800
