Ident;X;Y;Transfers;InjectedTransfers;PodsHandled;PodHandlingTimeAvg;PodHandlingTimeVar;PodHandlingTimeMin;PodHandlingTimeMax;PileOn;IdleTime;UpTime
InputStation0;0.50;12.50;0;0;0;0;0;0;0;0;1800;1800
OutputStation0;35.50;3.50;242;178;30;33.316898747558476;544.6276592456901;4.343427124746313;81.33666666666727;8.066666666666666;873.2063780995147;1800
OutputStation1;35.50;9.50;255;188;31;33.575896753437085;427.8976282595166;4.04444444444448;74.8516666666676;8.225806451612904;820.8726194869727;1800
OutputStation2;0.50;6.50;242;173;32;30.76566287798266;359.2307854090906;8.08888888888896;71.57963202727115;7.5625;873.7977343368357;1800
