Ident;X;Y;Transfers;InjectedTransfers;PodsHandled;PodHandlingTimeAvg;PodHandlingTimeVar;PodHandlingTimeMin;PodHandlingTimeMax;PileOn;IdleTime;UpTime
InputStation0;0.50;12.50;0;0;0;0;0;0;0;0;1800;1800
OutputStation0;35.50;3.50;257;192;30;35.250324193956175;520.0546477269096;4.2088888888888505;81.43963202727059;8.566666666666666;812.4354761499782;1800
OutputStation1;35.50;9.50;258;196;33;30.23716800313806;406.82187260670946;4.336666666666815;82.50796536060324;7.818181818181818;810.4011111110761;1800
OutputStation2;0.50;6.50;252;185;32;32.03082633861957;524.8108050789454;4.04444444444448;79.58611111111114;7.875;833.394170263143;1800
