Ident;X;Y;Transfers;InjectedTransfers;PodsHandled;PodHandlingTimeAvg;PodHandlingTimeVar;PodHandlingTimeMin;PodHandlingTimeMax;PileOn;IdleTime;UpTime
InputStation0;0.50;12.50;0;0;0;0;0;0;0;0;1800;1800
OutputStation0;35.50;3.50;228;160;36;26.080081971521025;258.5340814337061;4.291666666666629;62.0683333333335;6.333333333333333;927.9964575050716;1800
OutputStation1;35.50;9.50;231;164;36;26.132255491933254;312.755222990364;4.275555555555229;79.81963202727025;6.416666666666667;917.9803607797919;1800
OutputStation2;0.50;6.50;240;187;33;28.3536197465869;279.9937936711628;4.118888888888932;80.12999999999948;7.2727272727272725;883.9355915201684;1800
