Ident;X;Y;Transfers;InjectedTransfers;PodsHandled;PodHandlingTimeAvg;PodHandlingTimeVar;PodHandlingTimeMin;PodHandlingTimeMax;PileOn;IdleTime;UpTime
InputStation0;0.50;12.50;0;0;0;0;0;0;0;0;1800;1800
OutputStation0;35.50;3.50;282;218;32;36.244103308964185;464.1149400011501;4.322316013635081;77.83111111111116;8.8125;719.967698372204;1800
OutputStation1;35.50;9.50;296;233;29;42.05251654298115;516.0734736136045;4.04444444444448;81.09018758282593;10.206896551724139;670.9519405645793;1800
OutputStation2;0.50;6.50;237;179;31;31.455140575676218;479.8213528185252;4.04444444444448;80.44611111111112;7.645161290322581;891.8886797273035;1800
