Ident;X;Y;Transfers;InjectedTransfers;PodsHandled;PodHandlingTimeAvg;PodHandlingTimeVar;PodHandlingTimeMin;PodHandlingTimeMax;PileOn;IdleTime;UpTime
InputStation0;0.50;12.50;0;0;0;0;0;0;0;0;1800;1800
OutputStation0;35.50;3.50;233;175;34;28.157708813503532;367.64360011166224;4.105000000000132;72.99823954192038;6.852941176470588;906.3739826803021;1800
OutputStation1;35.50;9.50;228;159;36;25.58874699507615;331.99826421925667;4.044444444444423;76.00776339193158;6.333333333333333;930.9456349611125;1800
OutputStation2;0.50;6.50;277;218;30;37.781521644899094;499.0408417219286;4.367683986364682;83.95879509747624;9.233333333333333;739.181515331873;1800
