Ident;X;Y;Transfers;InjectedTransfers;PodsHandled;PodHandlingTimeAvg;PodHandlingTimeVar;PodHandlingTimeMin;PodHandlingTimeMax;PileOn;IdleTime;UpTime
InputStation0;0.50;12.50;0;0;0;0;0;0;0;0;1800;1800
OutputStation0;35.50;3.50;236;165;35;27.329692847676938;214.56365264559454;4.241111111110968;61.84166666666658;6.742857142857143;896.9189392393441;1800
OutputStation1;35.50;9.50;263;188;33;32.61093401648315;225.59127405856213;4.04444444444448;62.57619770960275;7.96969696969697;790.3928787621301;1800
OutputStation2;0.50;6.50;267;205;30;36.689632516246135;551.6634489153962;4.04444444444448;79.33111111111066;8.9;779.2999856141578;1800
