Ident;X;Y;Transfers;InjectedTransfers;PodsHandled;PodHandlingTimeAvg;PodHandlingTimeVar;PodHandlingTimeMin;PodHandlingTimeMax;PileOn;IdleTime;UpTime
InputStation0;0.50;12.50;0;0;0;0;0;0;0;0;1800;1800
OutputStation0;35.50;3.50;247;178;33;30.113234947428953;385.0502168200289;4.04444444444448;74.9112049025241;7.484848484848484;852.933578742939;1800
OutputStation1;35.50;9.50;226;169;36;25.50693161766273;322.0375467027628;4.04444444444448;77.0005555555556;6.277777777777778;934.495844122734;1800
OutputStation2;0.50;6.50;232;178;33;28.8916299365016;331.01044029364124;4.112222222222044;68.11082973686894;7.03030303030303;911.1558009651653;1800
