Ident;X;Y;Transfers;InjectedTransfers;PodsHandled;PodHandlingTimeAvg;PodHandlingTimeVar;PodHandlingTimeMin;PodHandlingTimeMax;PileOn;IdleTime;UpTime
InputStation0;0.50;12.50;0;0;0;0;0;0;0;0;1800;1800
OutputStation0;35.50;3.50;273;189;30;37.35662337686879;562.7703359092841;4.213333333333139;81.02231601363542;9.1;752.6975542303448;1800
OutputStation1;35.50;9.50;269;211;31;35.1436587074782;601.0628658822714;4.09222222222229;83.90453823585716;8.67741935483871;771.4689826803148;1800
OutputStation2;0.50;6.50;228;171;33;28.58558638342542;484.70245983749777;4.04444444444448;84.08157287525353;6.909090909090909;925.7022222222158;1800
