Ident;X;Y;Transfers;InjectedTransfers;PodsHandled;PodHandlingTimeAvg;PodHandlingTimeVar;PodHandlingTimeMin;PodHandlingTimeMax;PileOn;IdleTime;UpTime
InputStation0;0.50;12.50;0;0;0;0;0;0;0;0;1800;1800
OutputStation0;35.50;3.50;258;190;31;34.330618867884105;487.2793137595841;4.195555555555643;79.30870130606326;8.32258064516129;813.0659476333508;1800
OutputStation1;35.50;9.50;237;168;35;27.96496619804784;217.26709350618307;4.261572875253933;67.56342712474589;6.771428571428571;894.0659143199146;1800
OutputStation2;0.50;6.50;231;172;34;27.733262245157945;402.2441222968873;4.044444444444444;67.97953823585794;6.794117647058823;915.3932797662476;1800
