Ident;X;Y;Transfers;InjectedTransfers;PodsHandled;PodHandlingTimeAvg;PodHandlingTimeVar;PodHandlingTimeMin;PodHandlingTimeMax;PileOn;IdleTime;UpTime
InputStation0;0.50;12.50;0;0;0;0;0;0;0;0;1800;1800
OutputStation0;35.50;3.50;258;195;34;31.375337620112923;353.2030323125725;4.04444444444448;72.5550071929215;7.588235294117647;810.20475430695;1800
OutputStation1;35.50;9.50;224;169;37;24.725159123342642;170.83271260074798;4.044444444444444;54.0150000000001;6.054054054054054;944.9165803516056;1800
OutputStation2;0.50;6.50;233;167;35;27.141632651904317;263.8779351458237;4.068888888888978;66.02342712474604;6.6571428571428575;906.1848624841953;1800
