Ident;X;Y;Transfers;InjectedTransfers;PodsHandled;PodHandlingTimeAvg;PodHandlingTimeVar;PodHandlingTimeMin;PodHandlingTimeMax;PileOn;IdleTime;UpTime
InputStation0;0.50;12.50;0;0;0;0;0;0;0;0;1800;1800
OutputStation0;35.50;3.50;211;145;33;26.43438563086935;381.8837932888995;4.044444444444423;76.53546176414329;6.393939393939394;988.495360779804;1800
OutputStation1;35.50;9.50;233;165;35;26.88334858981291;396.06982464735023;4.04444444444448;79.90943725152056;6.6571428571428575;912.6639032747291;1800
OutputStation2;0.50;6.50;204;147;35;23.751569159841;343.41575729292595;4.04444444444448;71.23666666666645;5.828571428571428;1017.9910173197001;1800
