Ident;X;Y;Transfers;InjectedTransfers;PodsHandled;PodHandlingTimeAvg;PodHandlingTimeVar;PodHandlingTimeMin;PodHandlingTimeMax;PileOn;IdleTime;UpTime
InputStation0;0.50;12.50;0;0;0;0;0;0;0;0;1800;1800
OutputStation0;35.50;3.50;242;169;32;31.0086196792772;519.5778228345379;4.04444444444448;76.95815294343015;7.5625;870.6894950783146;1800
OutputStation1;35.50;9.50;228;168;38;24.619468937107758;305.332877607685;4.04444444444448;68.56999999999982;6;930.3014790838527;1800
OutputStation2;0.50;6.50;251;177;34;30.39916963679404;336.73379284881054;4.270555555555632;75.29555555555561;7.382352941176471;835.4722581868311;1800
