Ident;X;Y;Transfers;InjectedTransfers;PodsHandled;PodHandlingTimeAvg;PodHandlingTimeVar;PodHandlingTimeMin;PodHandlingTimeMax;PileOn;IdleTime;UpTime
InputStation0;0.50;12.50;0;0;0;0;0;0;0;0;1800;1800
OutputStation0;35.50;3.50;194;138;35;22.47301442633384;216.60925279275529;4.044444444444423;57.906666666667206;5.542857142857143;1055.8058297368743;1800
OutputStation1;35.50;9.50;251;189;32;31.82118822460654;239.70442036831898;8.413059152016558;69.05129869393727;7.84375;837.9671212378803;1800
OutputStation2;0.50;6.50;250;188;32;31.226348304703283;351.1162711038012;4.070555555555302;78.12796536060398;7.8125;843.9407650005535;1800
