Ident;X;Y;Transfers;InjectedTransfers;PodsHandled;PodHandlingTimeAvg;PodHandlingTimeVar;PodHandlingTimeMin;PodHandlingTimeMax;PileOn;IdleTime;UpTime
InputStation0;0.50;12.50;0;0;0;0;0;0;0;0;1800;1800
OutputStation0;35.50;3.50;253;180;30;34.279135882390655;492.4753806271585;8.078888888888883;80.23176045807986;8.433333333333334;833.5920343559648;1800
OutputStation1;35.50;9.50;261;198;33;31.958372469727774;387.313840688479;4.04444444444448;75.95064934696984;7.909090909090909;801.4475470374251;1800
OutputStation2;0.50;6.50;216;152;33;26.571481045546594;292.3390267086662;4.109725818683046;80.92555555555612;6.545454545454546;972.9803104293162;1800
