Ident;X;Y;Transfers;InjectedTransfers;PodsHandled;PodHandlingTimeAvg;PodHandlingTimeVar;PodHandlingTimeMin;PodHandlingTimeMax;PileOn;IdleTime;UpTime
InputStation0;0.50;12.50;0;0;0;0;0;0;0;0;1800;1800
OutputStation0;35.50;3.50;230;153;35;26.608310037589966;328.75746284337686;4.04444444444448;70.71055555555552;6.571428571428571;923.3674889272137;1800
OutputStation1;35.50;9.50;247;183;35;29.03511152213535;446.9012023931185;4.097496403539367;75.72379509747611;7.057142857142857;858.4536075146499;1800
OutputStation2;0.50;6.50;254;192;34;30.419916388308764;359.88425607500625;4.318809483320706;73.31796536060403;7.470588235294118;822.123080730772;1800
