Ident;X;Y;Transfers;InjectedTransfers;PodsHandled;PodHandlingTimeAvg;PodHandlingTimeVar;PodHandlingTimeMin;PodHandlingTimeMax;PileOn;IdleTime;UpTime
InputStation0;0.50;12.50;0;0;0;0;0;0;0;0;1800;1800
OutputStation0;35.50;3.50;241;174;32;30.698631852761746;481.5759064470321;4.1599999999998545;75.40963202727025;7.53125;877.81929282625;1800
OutputStation1;35.50;9.50;266;196;33;33.07231186366693;326.0444546024263;8.453427124746213;77.42740980504783;8.06060606060606;778.3309649088935;1800
OutputStation2;0.50;6.50;202;139;35;23.713564211356047;184.97925165540005;4.04444444444448;53.08120490252412;5.771428571428571;1030.4595598146043;1800
