Ident;X;Y;Transfers;InjectedTransfers;PodsHandled;PodHandlingTimeAvg;PodHandlingTimeVar;PodHandlingTimeMin;PodHandlingTimeMax;PileOn;IdleTime;UpTime
InputStation0;0.50;12.50;0;0;0;0;0;0;0;0;1800;1800
OutputStation0;35.50;3.50;221;156;33;26.92838405635116;356.6912046101643;4.04444444444448;80.90555555555625;6.696969696969697;951.9392493973456;1800
OutputStation1;35.50;9.50;232;172;35;27.199344052352156;490.3444638322936;4.044444444444423;80.32935065303195;6.628571428571429;911.1918902141167;1800
OutputStation2;0.50;6.50;257;188;30;35.265244106885454;356.7399948103995;8.153888888889014;76.1911111111109;8.566666666666666;814.1840675036909;1800
