Ident;X;Y;Transfers;InjectedTransfers;PodsHandled;PodHandlingTimeAvg;PodHandlingTimeVar;PodHandlingTimeMin;PodHandlingTimeMax;PileOn;IdleTime;UpTime
InputStation0;0.50;12.50;0;0;0;0;0;0;0;0;1800;1800
OutputStation0;35.50;3.50;229;177;34;27.52328155515483;348.12437726447575;4.044444444444444;64.9411111111109;6.735294117647059;922.6213130797788;1800
OutputStation1;35.50;9.50;253;190;35;29.535349617373722;344.0025541900285;4.261666666666656;65.48787156919116;7.228571428571429;829.0646679919103;1800
OutputStation2;0.50;6.50;245;181;33;29.751571122926684;352.7834826053419;4.2445382358573625;83.05202744647511;7.424242424242424;859.7224676318434;1800
