Ident;X;Y;Transfers;InjectedTransfers;PodsHandled;PodHandlingTimeAvg;PodHandlingTimeVar;PodHandlingTimeMin;PodHandlingTimeMax;PileOn;IdleTime;UpTime
InputStation0;0.50;12.50;0;0;0;0;0;0;0;0;1800;1800
OutputStation0;35.50;3.50;214;150;36;24.64702661576894;273.4025160230875;4.04444444444448;56.90111111111118;5.944444444444445;979.5848339959349;1800
OutputStation1;35.50;9.50;263;204;31;34.54350090674445;382.3830483906155;4.04444444444448;81.81842712474656;8.483870967741936;790.1573738404134;1800
OutputStation2;0.50;6.50;235;175;35;27.474954649682964;240.18407749290577;4.243795097475868;65.70722222222275;6.714285714285714;901.5446248343396;1800
