Ident;X;Y;Transfers;InjectedTransfers;PodsHandled;PodHandlingTimeAvg;PodHandlingTimeVar;PodHandlingTimeMin;PodHandlingTimeMax;PileOn;IdleTime;UpTime
InputStation0;0.50;12.50;0;0;0;0;0;0;0;0;1800;1800
OutputStation0;31.50;3.50;174;135;22;82.01406172027052;3693.231690873434;12.119444444444298;205.30592352828558;7.909090909090909;104.64806634493237;1800
OutputStation1;31.50;9.50;174;133;25;71.09809321597912;1671.7500286141264;11.961111111110995;175.3152813742386;6.96;103.43816732925214;1800
OutputStation2;0.50;6.50;173;144;17;101.52996732026152;4434.1651644676185;10.054444444444442;206.7034199318241;10.176470588235293;107.07698428894253;1800
