Ident;X;Y;Transfers;InjectedTransfers;PodsHandled;PodHandlingTimeAvg;PodHandlingTimeVar;PodHandlingTimeMin;PodHandlingTimeMax;PileOn;IdleTime;UpTime
InputStation0;0.50;12.50;0;0;0;0;0;0;0;0;1800;1800
OutputStation0;35.50;3.50;246;176;32;31.7304428207229;413.6213971314001;8.300000000000182;73.88639248534912;7.6875;856.8904186066254;1800
OutputStation1;35.50;9.50;257;193;32;32.74048047392654;561.0465133256863;4.119444444444298;81.6389826803022;8.03125;810.6088816959764;1800
OutputStation2;0.50;6.50;270;199;30;36.70839225503368;440.7063984817256;4.21842712474654;82.80842712474634;9;764.095584610639;1800
