Ident;X;Y;Transfers;InjectedTransfers;PodsHandled;PodHandlingTimeAvg;PodHandlingTimeVar;PodHandlingTimeMin;PodHandlingTimeMax;PileOn;IdleTime;UpTime
InputStation0;0.50;12.50;0;0;0;0;0;0;0;0;1800;1800
OutputStation0;35.50;3.50;236;173;33;29.33301631017765;272.7143923398571;4.04444444444448;77.6950000000013;7.151515151515151;894.3948052242695;1800
OutputStation1;35.50;9.50;246;175;34;29.56762541336868;265.6605670598614;4.160555555555447;64.12712843080931;7.235294117647059;859.5942568616124;1800
OutputStation2;0.50;6.50;233;168;35;27.488182642438463;267.47598814284953;4.282683986364759;61.757871569190726;6.6571428571428575;907.826998674781;1800
