Ident;X;Y;Transfers;InjectedTransfers;PodsHandled;PodHandlingTimeAvg;PodHandlingTimeVar;PodHandlingTimeMin;PodHandlingTimeMax;PileOn;IdleTime;UpTime
InputStation0;0.50;12.50;0;0;0;0;0;0;0;0;1800;1800
OutputStation0;35.50;3.50;276;210;30;37.46973496750812;507.19411561399;4.04444444444448;84.09120490252405;9.2;743.0720202535456;1800
OutputStation1;35.50;9.50;251;188;32;32.00002277351676;276.989675590948;8.21166666666818;72.05740980504834;7.84375;837.456623509132;1800
OutputStation2;0.50;6.50;236;174;35;27.599058543578316;468.6279832831933;4.04444444444448;80.20777777777778;6.742857142857143;894.8261761308356;1800
