Ident;X;Y;Transfers;InjectedTransfers;PodsHandled;PodHandlingTimeAvg;PodHandlingTimeVar;PodHandlingTimeMin;PodHandlingTimeMax;PileOn;IdleTime;UpTime
InputStation0;0.50;12.50;0;0;0;0;0;0;0;0;1800;1800
OutputStation0;35.50;3.50;226;166;37;25.237881125593333;255.50244788829437;4.04444444444448;72.315375165653;6.108108108108108;933.2842856333152;1800
OutputStation1;35.50;9.50;222;165;35;25.847420943188684;266.7573199114529;4.217597387875458;67.29777777777782;6.3428571428571425;949.1357215596186;1800
OutputStation2;0.50;6.50;212;150;36;24.340748956298782;293.88947143661244;4.168888888889114;69.83499999999975;5.888888888888889;986.8161039181865;1800
