Ident;X;Y;Transfers;InjectedTransfers;PodsHandled;PodHandlingTimeAvg;PodHandlingTimeVar;PodHandlingTimeMin;PodHandlingTimeMax;PileOn;IdleTime;UpTime
InputStation0;0.50;12.50;0;0;0;0;0;0;0;0;1800;1800
OutputStation0;35.50;3.50;237;173;32;29.20907693012946;377.8235485272712;4.219350653031597;76.87592352828551;7.40625;895.1648196101028;1800
OutputStation1;35.50;9.50;243;184;34;29.454368050683506;322.2094046550407;4.04444444444448;72.23360751465026;7.147058823529412;871.8899712283177;1800
OutputStation2;0.50;6.50;212;150;36;24.122456109217154;258.46491276548477;4.053333333333342;69.00333333333343;5.888888888888889;990.5828643762734;1800
