Ident;X;Y;Transfers;InjectedTransfers;PodsHandled;PodHandlingTimeAvg;PodHandlingTimeVar;PodHandlingTimeMin;PodHandlingTimeMax;PileOn;IdleTime;UpTime
InputStation0;0.50;12.50;0;0;0;0;0;0;0;0;1800;1800
OutputStation0;35.50;3.50;233;175;34;28.195531574642946;457.37350880376397;4.071666666666488;75.25000000000068;6.852941176470588;909.420555555552;1800
OutputStation1;35.50;9.50;254;178;32;32.63145202181224;439.06604435050207;8.34722222222149;79.59898268030224;7.9375;825.3023810333509;1800
OutputStation2;0.50;6.50;254;188;31;33.77377321353757;484.54106606237326;4.1097330116042485;83.02120490252395;8.193548387096774;825.9411398827901;1800
