Ident;X;Y;Transfers;InjectedTransfers;PodsHandled;PodHandlingTimeAvg;PodHandlingTimeVar;PodHandlingTimeMin;PodHandlingTimeMax;PileOn;IdleTime;UpTime
InputStation0;0.50;12.50;0;0;0;0;0;0;0;0;1800;1800
OutputStation0;35.50;3.50;228;161;34;27.355057929990405;418.6390251383922;4.08055555555552;78.08861470757176;6.705882352941177;922.7595526217042;1800
OutputStation1;35.50;9.50;238;169;34;28.967205670796698;311.31210503403764;4.152222222222008;75.961204902524;7;885.1564646979855;1800
OutputStation2;0.50;6.50;257;191;31;33.464325047474844;513.4229103920821;4.04444444444448;72.31944444444503;8.290322580645162;815.1381601363372;1800
