Ident;X;Y;Transfers;InjectedTransfers;PodsHandled;PodHandlingTimeAvg;PodHandlingTimeVar;PodHandlingTimeMin;PodHandlingTimeMax;PileOn;IdleTime;UpTime
InputStation0;0.50;12.50;0;0;0;0;0;0;0;0;1800;1800
OutputStation0;35.50;3.50;241;167;33;29.875087017248386;392.85136063985937;4.04444444444448;79.66898268030218;7.303030303030303;877.2148774368799;1800
OutputStation1;35.50;9.50;263;196;30;35.68532395419222;477.1955642712117;4.1026839863643545;77.68166666666679;8.766666666666667;791.6195310429283;1800
OutputStation2;0.50;6.50;249;190;33;30.85211027939975;409.1032267198941;4.125555555555593;83.44564934696834;7.545454545454546;846.0179363055149;1800
