Ident;X;Y;Transfers;InjectedTransfers;PodsHandled;PodHandlingTimeAvg;PodHandlingTimeVar;PodHandlingTimeMin;PodHandlingTimeMax;PileOn;IdleTime;UpTime
InputStation0;0.50;12.50;0;0;0;0;0;0;0;0;1800;1800
OutputStation0;35.50;3.50;229;157;35;26.760188001947867;380.6065201257558;4.04444444444448;70.37657287525377;6.542857142857143;926.4298124171778;1800
OutputStation1;35.50;9.50;203;145;35;23.93987281036097;271.72200926054177;4.065093791412892;70.4127777777785;5.8;1024.9226624075882;1800
OutputStation2;0.50;6.50;243;180;33;30.02820717969082;358.6036222907548;4.04444444444448;71.01009379141294;7.363636363636363;868.9225107893889;1800
