Ident;X;Y;Transfers;InjectedTransfers;PodsHandled;PodHandlingTimeAvg;PodHandlingTimeVar;PodHandlingTimeMin;PodHandlingTimeMax;PileOn;IdleTime;UpTime
InputStation0;0.50;12.50;0;0;0;0;0;0;0;0;1800;1800
OutputStation0;35.50;3.50;243;175;32;31.13255465039635;278.3347996802813;4.04444444444448;84.31499999999988;7.59375;868.5812457198157;1800
OutputStation1;35.50;9.50;272;202;32;34.70712121131592;348.8408116321626;4.04444444444448;71.69453823585745;8.5;757.7609307212072;1800
OutputStation2;0.50;6.50;213;149;33;26.358229128177467;226.4220298691888;8.253888888889378;75.42008659849114;6.454545454545454;982.7073450687385;1800
