Ident;X;Y;Transfers;InjectedTransfers;PodsHandled;PodHandlingTimeAvg;PodHandlingTimeVar;PodHandlingTimeMin;PodHandlingTimeMax;PileOn;IdleTime;UpTime
InputStation0;0.50;12.50;0;0;0;0;0;0;0;0;1800;1800
OutputStation0;35.50;3.50;234;165;35;27.203917955166002;293.43723879084433;4.221666666666124;78.245;6.685714285714286;905.5436869201999;1800
OutputStation1;35.50;9.50;245;177;36;27.321926407028823;235.93474945106024;4.135649346968428;73.55555555555588;6.805555555555555;860.08783532117;1800
OutputStation2;0.50;6.50;266;206;30;35.5915827339231;597.234231047101;4.04444444444448;79.66917026312754;8.866666666666667;782.443701306054;1800
