Ident;X;Y;Transfers;InjectedTransfers;PodsHandled;PodHandlingTimeAvg;PodHandlingTimeVar;PodHandlingTimeMin;PodHandlingTimeMax;PileOn;IdleTime;UpTime
InputStation0;0.50;12.50;0;0;0;0;0;0;0;0;1800;1800
OutputStation0;35.50;3.50;259;194;33;32.144165467846385;406.3716521588039;4.04444444444448;84.66833333333398;7.848484848484849;804.4030159945128;1800
OutputStation1;35.50;9.50;255;201;33;31.926366914462424;514.6640785444242;4.04444444444448;81.15666666666766;7.7272727272727275;820.6344156727579;1800
OutputStation2;0.50;6.50;228;166;34;27.423542993062906;409.1463900810667;4.04444444444448;73.64944444444447;6.705882352941177;927.8216879620011;1800
