Ident;X;Y;Transfers;InjectedTransfers;PodsHandled;PodHandlingTimeAvg;PodHandlingTimeVar;PodHandlingTimeMin;PodHandlingTimeMax;PileOn;IdleTime;UpTime
InputStation0;0.50;12.50;0;0;0;0;0;0;0;0;1800;1800
OutputStation0;35.50;3.50;254;190;32;32.34655303271872;473.50998380835455;4.04444444444448;73.12333333333379;7.9375;825.1392424757752;1800
OutputStation1;35.50;9.50;240;175;34;28.828413331891344;406.0981545744073;4.04444444444448;81.88129869393686;7.0588235294117645;884.8568254778074;1800
OutputStation2;0.50;6.50;242;169;33;30.116731164570044;340.98594524877745;4.19388888888966;76.12296536060342;7.333333333333333;871.5495148819751;1800
