Ident;X;Y;Transfers;InjectedTransfers;PodsHandled;PodHandlingTimeAvg;PodHandlingTimeVar;PodHandlingTimeMin;PodHandlingTimeMax;PileOn;IdleTime;UpTime
InputStation0;0.50;12.50;0;0;0;0;0;0;0;0;1800;1800
OutputStation0;35.50;3.50;284;209;29;39.80925934193648;619.0564586880896;4.04444444444448;81.08722222222238;9.793103448275861;715.6697833621167;1800
OutputStation1;35.50;9.50;300;231;26;47.282873793298464;755.8238058495775;4.166572875253905;83.69342712474632;11.538461538461538;649.2551731970061;1800
OutputStation2;0.50;6.50;282;206;27;42.20233205039288;781.737634611196;4.04444444444448;82.86231601363716;10.444444444444445;715.9362986939273;1800
