Ident;X;Y;Transfers;InjectedTransfers;PodsHandled;PodHandlingTimeAvg;PodHandlingTimeVar;PodHandlingTimeMin;PodHandlingTimeMax;PileOn;IdleTime;UpTime
InputStation0;0.50;12.50;0;0;0;0;0;0;0;0;1800;1800
OutputStation0;35.50;3.50;221;159;32;28.440294914110197;284.2073404767985;4.053145750506928;67.01009379141328;6.90625;952.2578862384678;1800
OutputStation1;35.50;9.50;242;174;33;29.932413091735494;358.0304013396492;4.122222222222263;73.14787156919112;7.333333333333333;879.37699119844;1800
OutputStation2;0.50;6.50;260;199;32;31.946171537831834;478.52215969104253;4.04444444444448;76.45777777777857;8.125;805.5010607606478;1800
