Ident;X;Y;Transfers;InjectedTransfers;PodsHandled;PodHandlingTimeAvg;PodHandlingTimeVar;PodHandlingTimeMin;PodHandlingTimeMax;PileOn;IdleTime;UpTime
InputStation0;0.50;12.50;0;0;0;0;0;0;0;0;1800;1800
OutputStation0;35.50;3.50;232;169;33;29.025325985582693;241.81746956639444;4.044444444444444;79.65842712474716;7.03030303030303;910.648924853491;1800
OutputStation1;35.50;9.50;262;203;32;33.85931186707656;480.52527551090117;4.044444444444451;81.68027418131669;8.1875;796.5475899115528;1800
OutputStation2;0.50;6.50;240;180;35;28.2669311484273;290.56823867615503;4.204999999999984;69.79888888888945;6.857142857142857;880.9395670075545;1800
