Ident;X;Y;Transfers;InjectedTransfers;PodsHandled;PodHandlingTimeAvg;PodHandlingTimeVar;PodHandlingTimeMin;PodHandlingTimeMax;PileOn;IdleTime;UpTime
InputStation0;0.50;12.50;0;0;0;0;0;0;0;0;1800;1800
OutputStation0;35.50;3.50;274;203;29;38.987056772866175;463.7071394367138;4.135555555555811;82.7389826803016;9.448275862068966;755.0638310620884;1800
OutputStation1;35.50;9.50;229;153;35;26.755002268730365;302.4026096943282;4.134444444444398;74.07296536060355;6.542857142857143;922.1869914818518;1800
OutputStation2;0.50;6.50;250;186;34;30.240756728015832;323.445066621395;4.069999999999709;73.69666666666666;7.352941176470588;842.7449856141445;1800
