Ident;X;Y;Transfers;InjectedTransfers;PodsHandled;PodHandlingTimeAvg;PodHandlingTimeVar;PodHandlingTimeMin;PodHandlingTimeMax;PileOn;IdleTime;UpTime
InputStation0;0.50;12.50;0;0;0;0;0;0;0;0;1800;1800
OutputStation0;35.50;3.50;256;183;32;32.81687499999993;434.6753132390821;4.04444444444448;85.3044444444447;8;821.579357845948;1800
OutputStation1;35.50;9.50;248;184;33;30.96337290566256;507.21800790331696;4.27046176414251;81.30388888888945;7.515151515151516;846.0888886054578;1800
OutputStation2;0.50;6.50;246;184;34;29.847414264407394;585.4077989339637;4.04444444444448;80.16139967827178;7.235294117647059;858.3939829637281;1800
