Ident;X;Y;Transfers;InjectedTransfers;PodsHandled;PodHandlingTimeAvg;PodHandlingTimeVar;PodHandlingTimeMin;PodHandlingTimeMax;PileOn;IdleTime;UpTime
InputStation0;0.50;12.50;0;0;0;0;0;0;0;0;1800;1800
OutputStation0;35.50;3.50;236;160;34;28.610890840210647;229.42393649874802;4.0821284308092345;79.77333333333081;6.9411764705882355;895.8776117737157;1800
OutputStation1;35.50;9.50;252;189;31;33.13946213356156;382.97230726380354;4.04444444444448;68.57499999999754;8.129032258064516;832.6078499904281;1800
OutputStation2;0.50;6.50;238;172;34;28.770509506075168;201.47474100615332;8.04444444444448;54.481572875253846;7;890.987554230343;1800
