Ident;X;Y;Transfers;InjectedTransfers;PodsHandled;PodHandlingTimeAvg;PodHandlingTimeVar;PodHandlingTimeMin;PodHandlingTimeMax;PileOn;IdleTime;UpTime
InputStation0;0.50;12.50;0;0;0;0;0;0;0;0;1800;1800
OutputStation0;35.50;3.50;267;203;31;34.637430520597896;282.54652448370973;8.482222222221935;73.79823954192045;8.612903225806452;774.0830586691487;1800
OutputStation1;35.50;9.50;224;168;33;27.91299641502932;302.36084082586115;4.04444444444448;75.36944444444444;6.787878787878788;942.6599560761854;1800
OutputStation2;0.50;6.50;228;166;31;29.878701064890635;574.3764692997049;4.04444444444448;75.35407647171468;7.354838709677419;927.4665654268911;1800
