Ident;X;Y;Transfers;InjectedTransfers;PodsHandled;PodHandlingTimeAvg;PodHandlingTimeVar;PodHandlingTimeMin;PodHandlingTimeMax;PileOn;IdleTime;UpTime
InputStation0;0.50;12.50;0;0;0;0;0;0;0;0;1800;1800
OutputStation0;35.50;3.50;232;170;29;32.42727670733178;434.98371545369355;4.04444444444448;78.10842712474675;8;907.5385281090805;1800
OutputStation1;35.50;9.50;270;199;35;31.86406081230887;383.9372661362936;4.101204902523705;85.23963202727043;7.714285714285714;767.2442278065214;1800
OutputStation2;0.50;6.50;278;212;29;39.112356569870904;345.4190720469675;8.175000000000182;76.13009379141283;9.586206896551724;734.9403607797918;1800
