Ident;X;Y;Transfers;InjectedTransfers;PodsHandled;PodHandlingTimeAvg;PodHandlingTimeVar;PodHandlingTimeMin;PodHandlingTimeMax;PileOn;IdleTime;UpTime
InputStation0;0.50;12.50;0;0;0;0;0;0;0;0;1800;1800
OutputStation0;35.50;3.50;258;189;33;32.119652148974566;372.10155334956414;4.2588888888897145;82.4099062085872;7.818181818181818;809.2402526025471;1800
OutputStation1;35.50;9.50;253;180;35;29.777103277359167;311.25259952380424;4.078145750507588;71.9550937914131;7.228571428571429;834.4837807116321;1800
OutputStation2;0.50;6.50;233;163;34;27.98046006335415;334.778895492147;4.044999999999845;75.27092352828498;6.852941176470588;906.7338816959666;1800
