Ident;X;Y;Transfers;InjectedTransfers;PodsHandled;PodHandlingTimeAvg;PodHandlingTimeVar;PodHandlingTimeMin;PodHandlingTimeMax;PileOn;IdleTime;UpTime
InputStation0;0.50;12.50;0;0;0;0;0;0;0;0;1800;1800
OutputStation0;35.50;3.50;310;241;29;43.6335346067745;541.8271780020979;4.10777777777821;82.46962483434822;10.689655172413794;607.6044804090697;1800
OutputStation1;35.50;9.50;243;174;35;28.39745475243895;402.5065186092654;8.249444444444407;75.12305195909107;6.942857142857143;867.9989970661518;1800
OutputStation2;0.50;6.50;237;168;31;31.64020364773519;375.8267356253499;4.04444444444448;79.2947258186826;7.645161290322581;893.9326333524953;1800
