Ident;X;Y;Transfers;InjectedTransfers;PodsHandled;PodHandlingTimeAvg;PodHandlingTimeVar;PodHandlingTimeMin;PodHandlingTimeMax;PileOn;IdleTime;UpTime
InputStation0;0.50;12.50;0;0;0;0;0;0;0;0;1800;1800
OutputStation0;35.50;3.50;228;161;34;27.665184409477675;311.21683195441494;4.04444444444448;71.71786437626588;6.705882352941177;927.0771956710839;1800
OutputStation1;35.50;9.50;249;193;31;33.286819552613174;335.67744261192723;4.196666666666488;76.00722222222231;8.03225806451613;845.1657071737619;1800
OutputStation2;0.50;6.50;222;166;34;26.667857557964446;321.81044141199686;4.188888888888982;73.668888888889;6.529411764705882;948.3061828086475;1800
