Ident;X;Y;Transfers;InjectedTransfers;PodsHandled;PodHandlingTimeAvg;PodHandlingTimeVar;PodHandlingTimeMin;PodHandlingTimeMax;PileOn;IdleTime;UpTime
InputStation0;0.50;12.50;0;0;0;0;0;0;0;0;1800;1800
OutputStation0;35.50;3.50;255;192;31;33.95895452241803;666.0737662782517;4.04444444444448;83.60176045807958;8.225806451612904;819.9986581485091;1800
OutputStation1;35.50;9.50;248;186;36;27.91714205680444;263.2789349273657;4.04444444444448;67.029906208586;6.888888888888889;849.4718398636201;1800
OutputStation2;0.50;6.50;252;191;32;31.85791666666714;536.5163076718144;4.04444444444448;81.14676045807954;7.875;835.4799205944532;1800
