Ident;X;Y;Transfers;InjectedTransfers;PodsHandled;PodHandlingTimeAvg;PodHandlingTimeVar;PodHandlingTimeMin;PodHandlingTimeMax;PileOn;IdleTime;UpTime
InputStation0;0.50;12.50;0;0;0;0;0;0;0;0;1800;1800
OutputStation0;35.50;3.50;237;165;35;27.596846834862465;404.128579980446;4.04444444444448;84.10500000000081;6.771428571428571;890.1301153701853;1800
OutputStation1;35.50;9.50;255;198;34;30.93128490941796;544.8576353411074;4.04444444444448;80.30907647171477;7.5;824.5500002834015;1800
OutputStation2;0.50;6.50;263;196;32;33.48968028936383;309.6381543043633;4.04444444444448;75.52453823585813;8.21875;790.900735945454;1800
