Ident;X;Y;Transfers;InjectedTransfers;PodsHandled;PodHandlingTimeAvg;PodHandlingTimeVar;PodHandlingTimeMin;PodHandlingTimeMax;PileOn;IdleTime;UpTime
InputStation0;0.50;12.50;0;0;0;0;0;0;0;0;1800;1800
OutputStation0;35.50;3.50;230;158;33;28.190084611018886;459.6848561260257;4.04444444444448;80.64555555555566;6.96969696969697;919.8886290934215;1800
OutputStation1;35.50;9.50;247;186;33;30.95669727656899;601.2226239851708;4.0882395419205295;81.53888888888878;7.484848484848484;860.2570634111056;1800
OutputStation2;0.50;6.50;260;189;32;33.0136864175192;463.2764922816043;4.04444444444448;81.08620490252403;8.125;805.3267460722498;1800
