Ident;X;Y;Transfers;InjectedTransfers;PodsHandled;PodHandlingTimeAvg;PodHandlingTimeVar;PodHandlingTimeMin;PodHandlingTimeMax;PileOn;IdleTime;UpTime
InputStation0;0.50;12.50;0;0;0;0;0;0;0;0;1800;1800
OutputStation0;35.50;3.50;238;175;35;27.90027437873082;286.754747292117;4.04444444444448;65.97953823585749;6.8;890.3713061702811;1800
OutputStation1;35.50;9.50;224;162;35;26.419069057084787;392.25862538939595;4.07722222222219;74.37286437626909;6.4;941.8701660040535;1800
OutputStation2;0.50;6.50;243;181;35;28.74693980422762;224.88544959534684;4.275555555555229;69.14500000000021;6.942857142857143;870.8719621433263;1800
