Ident;X;Y;Transfers;InjectedTransfers;PodsHandled;PodHandlingTimeAvg;PodHandlingTimeVar;PodHandlingTimeMin;PodHandlingTimeMax;PileOn;IdleTime;UpTime
InputStation0;0.50;12.50;0;0;0;0;0;0;0;0;1800;1800
OutputStation0;35.50;3.50;246;175;34;29.98023915778424;316.9192126652361;4.19444444444423;64.56842712474759;7.235294117647059;855.6028859550478;1800
OutputStation1;35.50;9.50;229;174;35;26.97773592926368;254.54749474499877;4.1416666666666515;64.0006493469682;6.542857142857143;923.3485787429465;1800
OutputStation2;0.50;6.50;227;164;36;25.63826639430421;213.28337151679713;4.04444444444448;58.577777777777726;6.305555555555555;932.4910604772236;1800
