Ident;X;Y;Transfers;InjectedTransfers;PodsHandled;PodHandlingTimeAvg;PodHandlingTimeVar;PodHandlingTimeMin;PodHandlingTimeMax;PileOn;IdleTime;UpTime
InputStation0;0.50;12.50;0;0;0;0;0;0;0;0;1800;1800
OutputStation0;35.50;3.50;227;171;34;27.251676628016963;352.06924564870775;4.04444444444448;77.16388888888946;6.676470588235294;930.173968526164;1800
OutputStation1;35.50;9.50;282;220;33;34.718583234389314;266.38547429657945;12.193982680301815;80.87333333333345;8.545454545454545;730.0878001033956;1800
OutputStation2;0.50;6.50;219;167;34;26.758545751634035;470.52128704668235;4.04444444444448;80.17222222222233;6.4411764705882355;959.3980732544198;1800
