Ident;X;Y;Transfers;InjectedTransfers;PodsHandled;PodHandlingTimeAvg;PodHandlingTimeVar;PodHandlingTimeMin;PodHandlingTimeMax;PileOn;IdleTime;UpTime
InputStation0;0.50;12.50;0;0;0;0;0;0;0;0;1800;1800
OutputStation0;35.50;3.50;238;171;35;27.779931559451416;273.4803681741041;4.04444444444448;66.15777777777862;6.8;885.7336578651341;1800
OutputStation1;35.50;9.50;259;194;34;30.882865205822807;364.7171509324742;8.501572875253771;81.47277777777799;7.617647058823529;812.2290258378298;1800
OutputStation2;0.50;6.50;226;174;32;28.41195098074424;329.0162066750352;4.04444444444448;71.40666666666671;7.0625;933.4937735186952;1800
