Ident;X;Y;Transfers;InjectedTransfers;PodsHandled;PodHandlingTimeAvg;PodHandlingTimeVar;PodHandlingTimeMin;PodHandlingTimeMax;PileOn;IdleTime;UpTime
InputStation0;0.50;12.50;0;0;0;0;0;0;0;0;1800;1800
OutputStation0;35.50;3.50;214;151;35;24.589086993319196;169.4447885252094;4.095555555555649;53.487316013635024;6.114285714285714;980.2499205944239;1800
OutputStation1;35.50;9.50;246;186;33;29.9660829074382;421.58830532892415;4.134444444444398;72.8235209161603;7.454545454545454;859.3541412080276;1800
OutputStation2;0.50;6.50;257;193;32;33.104673968986106;401.92621555373364;4.151111111111277;72.77287156919101;8.03125;813.0982251560622;1800
