Ident;X;Y;Transfers;InjectedTransfers;PodsHandled;PodHandlingTimeAvg;PodHandlingTimeVar;PodHandlingTimeMin;PodHandlingTimeMax;PileOn;IdleTime;UpTime
InputStation0;0.50;12.50;0;0;0;0;0;0;0;0;1800;1800
OutputStation0;35.50;3.50;248;181;31;32.53909253662375;385.9830475307286;4.04444444444448;82.78712843081075;8;850.8523954192071;1800
OutputStation1;35.50;9.50;236;168;34;28.694668108585635;382.4929178367796;8.094444444444662;83.92277777777747;6.9411764705882355;896.2264716074992;1800
OutputStation2;0.50;6.50;286;218;29;39.94821490858619;371.22122915644036;4.04444444444448;76.66666666666634;9.862068965517242;700.7464500287231;1800
