Ident;X;Y;Transfers;InjectedTransfers;PodsHandled;PodHandlingTimeAvg;PodHandlingTimeVar;PodHandlingTimeMin;PodHandlingTimeMax;PileOn;IdleTime;UpTime
InputStation0;0.50;12.50;0;0;0;0;0;0;0;0;1800;1800
OutputStation0;35.50;3.50;253;181;31;33.172310203748594;273.14252913353585;8.089632027270142;67.47972581868385;8.161290322580646;832.5761326898717;1800
OutputStation1;35.50;9.50;252;181;33;30.7836223793718;394.00787816718724;4.04444444444448;75.91315294342928;7.636363636363637;834.789040790493;1800
OutputStation2;0.50;6.50;260;195;32;33.48825104106791;371.0924165602294;4.212777777777092;77.73731601363488;8.125;804.1122584702549;1800
