Ident;X;Y;Transfers;InjectedTransfers;PodsHandled;PodHandlingTimeAvg;PodHandlingTimeVar;PodHandlingTimeMin;PodHandlingTimeMax;PileOn;IdleTime;UpTime
InputStation0;0.50;12.50;0;0;0;0;0;0;0;0;1800;1800
OutputStation0;35.50;3.50;215;152;36;24.618857625084495;246.42172862944517;4.159906208587017;75.56555555555553;5.972222222222222;978.587878762101;1800
OutputStation1;35.50;9.50;273;211;33;34.016972757101065;454.0895128347121;4.148795097474931;84.93277777777871;8.272727272727273;756.5888670267443;1800
OutputStation2;0.50;6.50;234;173;34;28.260493589319406;345.2232021311908;4.180649346967812;71.2912915010146;6.882352941176471;904.9562843080942;1800
