Ident;X;Y;Transfers;InjectedTransfers;PodsHandled;PodHandlingTimeAvg;PodHandlingTimeVar;PodHandlingTimeMin;PodHandlingTimeMax;PileOn;IdleTime;UpTime
InputStation0;0.50;12.50;0;0;0;0;0;0;0;0;1800;1800
OutputStation0;35.50;3.50;210;153;36;23.901059604181096;270.69418394659033;4.051111111111098;65.73888888888928;5.833333333333333;996.2317673675808;1800
OutputStation1;35.50;9.50;246;187;33;30.300305654499695;304.63230187991854;4.04444444444448;66.96555555555585;7.454545454545454;855.1829581676906;1800
OutputStation2;0.50;6.50;233;174;34;27.853281343598205;205.33252809192464;4.221854249493617;70.98009379141331;6.852941176470588;909.6144012869239;1800
