Ident;X;Y;Transfers;InjectedTransfers;PodsHandled;PodHandlingTimeAvg;PodHandlingTimeVar;PodHandlingTimeMin;PodHandlingTimeMax;PileOn;IdleTime;UpTime
InputStation0;0.50;12.50;0;0;0;0;0;0;0;0;1800;1800
OutputStation0;35.50;3.50;251;188;32;32.21250315576102;330.06875151912635;4.04444444444448;77.27036797272945;7.84375;839.659899015676;1800
OutputStation1;35.50;9.50;278;216;31;36.71225829654639;409.5962486374146;4.247222222222263;83.70879509747897;8.96774193548387;738.0202235474605;1800
OutputStation2;0.50;6.50;277;222;31;36.5268612378132;507.39103705784413;4.04444444444448;70.73287156919173;8.935483870967742;736.542510789388;1800
