Ident;X;Y;Transfers;InjectedTransfers;PodsHandled;PodHandlingTimeAvg;PodHandlingTimeVar;PodHandlingTimeMin;PodHandlingTimeMax;PileOn;IdleTime;UpTime
InputStation0;0.50;12.50;0;0;0;0;0;0;0;0;1800;1800
OutputStation0;35.50;3.50;253;186;33;30.987575103673795;270.0873353059482;12.044444444444444;77.44722222222254;7.666666666666667;832.0037591328658;1800
OutputStation1;35.50;9.50;219;158;35;25.211666050130326;249.60780344936876;4.04444444444448;58.231760458079435;6.257142857142857;959.9364503121369;1800
OutputStation2;0.50;6.50;232;167;33;27.559531461692757;236.44562137177363;4.04444444444448;55.36888888888939;7.03030303030303;911.0919336550569;1800
