Ident;X;Y;Transfers;InjectedTransfers;PodsHandled;PodHandlingTimeAvg;PodHandlingTimeVar;PodHandlingTimeMin;PodHandlingTimeMax;PileOn;IdleTime;UpTime
InputStation0;0.50;12.50;0;0;0;0;0;0;0;0;1800;1800
OutputStation0;35.50;3.50;240;176;32;30.766261499147824;494.6879703675779;4.062323206556357;79.42564934696838;7.5;881.8968442313246;1800
OutputStation1;35.50;9.50;240;177;34;28.7935211966493;362.18407990529494;4.04444444444448;76.46944444444478;7.0588235294117645;881.2523471290635;1800
OutputStation2;0.50;6.50;230;163;33;28.51619572212997;382.01404797086565;4.06277777777791;73.23176045807953;6.96969696969697;917.3918837497339;1800
