Ident;X;Y;Transfers;InjectedTransfers;PodsHandled;PodHandlingTimeAvg;PodHandlingTimeVar;PodHandlingTimeMin;PodHandlingTimeMax;PileOn;IdleTime;UpTime
InputStation0;0.50;12.50;0;0;0;0;0;0;0;0;1800;1800
OutputStation0;35.50;3.50;232;174;31;30.481051064581663;539.0023156825188;4.0505555555555475;79.21443725152267;7.483870967741935;912.4610676701186;1800
OutputStation1;35.50;9.50;285;222;31;37.40838779286337;552.0009366409898;4.134444444444853;77.66777777777753;9.193548387096774;706.0159163353662;1800
OutputStation2;0.50;6.50;256;189;33;31.887269885108875;358.9527976894801;4.126111111111186;71.72526698839465;7.757575757575758;817.8664646979821;1800
