Ident;X;Y;Transfers;InjectedTransfers;PodsHandled;PodHandlingTimeAvg;PodHandlingTimeVar;PodHandlingTimeMin;PodHandlingTimeMax;PileOn;IdleTime;UpTime
InputStation0;0.50;12.50;0;0;0;0;0;0;0;0;1800;1800
OutputStation0;35.50;3.50;272;207;28;39.80996366715355;448.2734277496281;4.285555555555447;85.06888888888875;9.714285714285714;754.9667460722193;1800
OutputStation1;35.50;9.50;222;158;32;28.315078237389436;586.3680211962999;4.063333333333276;83.88352091615889;6.9375;949.6095888697263;1800
OutputStation2;0.50;6.50;253;180;32;32.44428503868386;269.2380329076414;4.155093791412924;75.17277777777736;7.90625;829.6961111111135;1800
