Ident;X;Y;Transfers;InjectedTransfers;PodsHandled;PodHandlingTimeAvg;PodHandlingTimeVar;PodHandlingTimeMin;PodHandlingTimeMax;PileOn;IdleTime;UpTime
InputStation0;0.50;12.50;0;0;0;0;0;0;0;0;1800;1800
OutputStation0;35.50;3.50;239;173;34;28.927454162076504;277.6717007938651;4.04444444444448;66.59814575050746;7.029411764705882;883.911652280827;1800
OutputStation1;35.50;9.50;217;161;37;23.82135076814095;252.65337102044438;4.082777777777665;62.42333333333363;5.864864864864865;965.7179078171896;1800
OutputStation2;0.50;6.50;255;193;31;33.74531373608628;380.477256267275;8.08888888888896;78.05166666666742;8.225806451612904;821.1416519974259;1800
