Ident;X;Y;Transfers;InjectedTransfers;PodsHandled;PodHandlingTimeAvg;PodHandlingTimeVar;PodHandlingTimeMin;PodHandlingTimeMax;PileOn;IdleTime;UpTime
InputStation0;0.50;12.50;0;0;0;0;0;0;0;0;1800;1800
OutputStation0;35.50;3.50;235;164;31;30.49780430231126;509.9623465486417;4.04444444444448;80.31176045807968;7.580645161290323;896.1667262641153;1800
OutputStation1;35.50;9.50;267;196;35;31.210730775266533;378.6924399281157;4.04444444444448;70.87500000000136;7.628571428571429;774.3150284882827;1800
OutputStation2;0.50;6.50;269;209;31;35.17406064797834;497.92564109299377;4.04444444444448;77.9356493469682;8.67741935483871;768.4449200275646;1800
