Ident;X;Y;Transfers;InjectedTransfers;PodsHandled;PodHandlingTimeAvg;PodHandlingTimeVar;PodHandlingTimeMin;PodHandlingTimeMax;PileOn;IdleTime;UpTime
InputStation0;0.50;12.50;0;0;0;0;0;0;0;0;1800;1800
OutputStation0;39.50;3.50;238;179;30;39.857521884663164;801.1883824451344;5.1154617641425375;98.7418542494924;7.933333333333334;659.7121212379004;1800
OutputStation1;39.50;9.50;276;226;26;54.43910977882666;753.1789710006129;5.096854249492381;99.29036797272624;10.615384615384615;477.17722941511454;1800
OutputStation2;0.50;6.50;249;194;31;41.25810617745199;704.5552883982893;5.04444444444448;98.28000000000145;8.03225806451613;606.1074964035378;1800
