Ident;X;Y;Transfers;InjectedTransfers;PodsHandled;PodHandlingTimeAvg;PodHandlingTimeVar;PodHandlingTimeMin;PodHandlingTimeMax;PileOn;IdleTime;UpTime
InputStation0;0.50;12.50;0;0;0;0;0;0;0;0;1800;1800
OutputStation0;35.50;3.50;252;174;31;33.06082257544912;469.43140710240795;4.168340526257225;77.1990764717151;8.129032258064516;839.071196563769;1800
OutputStation1;35.50;9.50;289;220;32;36.92294523620409;525.8881648384315;4.25;84.48666666666645;9.03125;691.6071407064858;1800
OutputStation2;0.50;6.50;266;198;28;38.79624388975654;594.7346172444353;8.0495238500082;85.37176045808133;9.5;777.6479923055316;1800
