Ident;X;Y;Transfers;InjectedTransfers;PodsHandled;PodHandlingTimeAvg;PodHandlingTimeVar;PodHandlingTimeMin;PodHandlingTimeMax;PileOn;IdleTime;UpTime
InputStation0;0.50;12.50;0;0;0;0;0;0;0;0;1800;1800
OutputStation0;35.50;3.50;233;155;32;29.84066851516723;302.6181182362969;4.155000000000086;80.7594444444445;7.28125;907.4964140640978;1800
OutputStation1;35.50;9.50;274;210;34;33.35163674549912;434.8469148488926;4.277871569190438;74.73388888888894;8.058823529411764;749.2884990539683;1800
OutputStation2;0.50;6.50;232;170;34;26.2232675507429;377.8059352572297;4.04444444444448;71.54611111111092;6.823529411764706;913.2406565398808;1800
