Ident;X;Y;Transfers;InjectedTransfers;PodsHandled;PodHandlingTimeAvg;PodHandlingTimeVar;PodHandlingTimeMin;PodHandlingTimeMax;PileOn;IdleTime;UpTime
InputStation0;0.50;12.50;0;0;0;0;0;0;0;0;1800;1800
OutputStation0;35.50;3.50;278;208;31;35.73009193517471;445.43697016834074;4.152683986365673;81.83953823585745;8.96774193548387;734.0334276916399;1800
OutputStation1;35.50;9.50;247;187;34;29.753842416294656;262.32666381072505;4.070555555555302;74.6712049025241;7.264705882352941;854.2808006817775;1800
OutputStation2;0.50;6.50;243;173;34;29.49254371402245;333.00830200152757;4.04444444444448;79.70158006817553;7.147058823529412;871.9960319889524;1800
