Ident;X;Y;Transfers;InjectedTransfers;PodsHandled;PodHandlingTimeAvg;PodHandlingTimeVar;PodHandlingTimeMin;PodHandlingTimeMax;PileOn;IdleTime;UpTime
InputStation0;0.50;12.50;0;0;0;0;0;0;0;0;1800;1800
OutputStation0;35.50;3.50;226;164;31;28.919546848386492;427.1050997260799;4.0767604580796615;80.87963202726996;7.290322580645161;931.7463058868611;1800
OutputStation1;35.50;9.50;258;195;34;31.365857948915625;390.0719575354417;4.04444444444448;76.30305195909443;7.588235294117647;810.562994132297;1800
OutputStation2;0.50;6.50;222;156;36;24.82857583549318;162.74715903966563;4.07287156919142;57.12463202726997;6.166666666666667;951.1065584894025;1800
