Ident;X;Y;Transfers;InjectedTransfers;PodsHandled;PodHandlingTimeAvg;PodHandlingTimeVar;PodHandlingTimeMin;PodHandlingTimeMax;PileOn;IdleTime;UpTime
InputStation0;0.50;12.50;0;0;0;0;0;0;0;0;1800;1800
OutputStation0;35.50;3.50;238;175;34;27.934891772726587;313.365194566799;4.04444444444448;66.77999999999997;7;887.0498270584416;1800
OutputStation1;35.50;9.50;206;150;35;24.277994699356885;218.0002563247269;4.04444444444448;59.5399062085869;5.885714285714286;1010.1605722571383;1800
OutputStation2;0.50;6.50;237;181;32;30.735561642297696;439.7948829708267;4.044444444444423;85.87990620858761;7.40625;893.3556634773784;1800
