Ident;X;Y;Transfers;InjectedTransfers;PodsHandled;PodHandlingTimeAvg;PodHandlingTimeVar;PodHandlingTimeMin;PodHandlingTimeMax;PileOn;IdleTime;UpTime
InputStation0;0.50;12.50;0;0;0;0;0;0;0;0;1800;1800
OutputStation0;35.50;3.50;263;193;32;34.070807179277224;446.8385857669999;4.122777777777628;79.2946320272689;8.21875;796.482258470241;1800
OutputStation1;35.50;9.50;221;165;36;25.458711919262022;383.51003301267286;4.04712843080938;71.2483333333339;6.138888888888889;953.7584487035393;1800
OutputStation2;0.50;6.50;250;187;33;31.31695286195296;369.2755871557774;4.130555555555702;68.5764790838416;7.575757575757576;845.2752307403664;1800
