Ident;X;Y;Transfers;InjectedTransfers;PodsHandled;PodHandlingTimeAvg;PodHandlingTimeVar;PodHandlingTimeMin;PodHandlingTimeMax;PileOn;IdleTime;UpTime
InputStation0;0.50;12.50;0;0;0;0;0;0;0;0;1800;1800
OutputStation0;35.50;3.50;251;183;29;34.83908194796109;737.77586150283;4.044444444444423;83.13768398636512;8.655172413793103;834.7821572024918;1800
OutputStation1;35.50;9.50;223;148;37;24.568729376739714;199.78579170174416;4.084444444444102;71.24407647171529;6.027027027027027;945.8009307212063;1800
OutputStation2;0.50;6.50;271;211;32;34.29292049676366;470.8745369284945;4.152222222222008;81.36120490252415;8.46875;753.6183764908617;1800
