Ident;X;Y;Transfers;InjectedTransfers;PodsHandled;PodHandlingTimeAvg;PodHandlingTimeVar;PodHandlingTimeMin;PodHandlingTimeMax;PileOn;IdleTime;UpTime
InputStation0;0.50;12.50;0;0;0;0;0;0;0;0;1800;1800
OutputStation0;35.50;3.50;194;128;37;21.492700751009608;149.6679161533853;4.16111111111104;60.482871569191275;5.243243243243243;1055.0778212187067;1800
OutputStation1;35.50;9.50;237;171;34;28.445052412848717;184.77505427553132;4.07722222222219;62.6471284308094;6.970588235294118;890.9844297751999;1800
OutputStation2;0.50;6.50;273;205;31;35.78744379110408;442.3048804219544;4.168239541920229;81.60592352828621;8.806451612903226;752.4951009843462;1800
