Ident;X;Y;Transfers;InjectedTransfers;PodsHandled;PodHandlingTimeAvg;PodHandlingTimeVar;PodHandlingTimeMin;PodHandlingTimeMax;PileOn;IdleTime;UpTime
InputStation0;0.50;12.50;0;0;0;0;0;0;0;0;1800;1800
OutputStation0;35.50;3.50;261;186;30;35.953441814937015;365.1180816912115;4.135461764142747;80.09500000000037;8.7;798.8943573256282;1800
OutputStation1;35.50;9.50;266;205;31;34.581887771489086;380.00104489019895;8.426111111111368;79.4388888888891;8.580645161290322;780.8059379141594;1800
OutputStation2;0.50;6.50;259;189;30;35.56801851851869;414.89259550200893;4.04444444444448;79.97027418131654;8.633333333333333;808.5739765280424;1800
