Ident;X;Y;Transfers;InjectedTransfers;PodsHandled;PodHandlingTimeAvg;PodHandlingTimeVar;PodHandlingTimeMin;PodHandlingTimeMax;PileOn;IdleTime;UpTime
InputStation0;0.50;12.50;0;0;0;0;0;0;0;0;1800;1800
OutputStation0;35.50;3.50;234;169;34;27.889199346404844;411.28773939764466;4.149999999999636;84.15842712474705;6.882352941176471;901.1405989964608;1800
OutputStation1;35.50;9.50;267;207;34;32.270528181402334;368.38195476714634;4.273600321720323;79.1900000000004;7.852941176470588;777.829588869659;1800
OutputStation2;0.50;6.50;236;169;35;27.874280765800798;263.57207165035743;4.417590194951799;72.53499999999985;6.742857142857143;895.6054761499724;1800
