Ident;X;Y;Transfers;InjectedTransfers;PodsHandled;PodHandlingTimeAvg;PodHandlingTimeVar;PodHandlingTimeMin;PodHandlingTimeMax;PileOn;IdleTime;UpTime
InputStation0;0.50;12.50;0;0;0;0;0;0;0;0;1800;1800
OutputStation0;35.50;3.50;250;184;33;30.155047444919095;387.13850496898306;4.115555555555602;74.29176045807955;7.575757575757576;842.9074892106141;1800
OutputStation1;35.50;9.50;278;213;32;35.75410623994609;403.7734357491269;8.333145750507583;79.9400000000001;8.6875;734.8373954191969;1800
OutputStation2;0.50;6.50;236;162;34;28.489778882873278;314.30607103976536;4.160187582827348;83.72277777777799;6.9411764705882355;892.5218976904508;1800
