Ident;X;Y;Transfers;InjectedTransfers;PodsHandled;PodHandlingTimeAvg;PodHandlingTimeVar;PodHandlingTimeMin;PodHandlingTimeMax;PileOn;IdleTime;UpTime
InputStation0;0.50;12.50;0;0;0;0;0;0;0;0;1800;1800
OutputStation0;35.50;3.50;236;173;32;30.334083241650443;246.1794087095118;8.189992807075441;62.07352091615985;7.375;893.4480229039805;1800
OutputStation1;35.50;9.50;286;224;32;36.85488726516723;302.2726039586946;12.08888888888896;77.61860751464963;8.9375;706.0033621050379;1800
OutputStation2;0.50;6.50;223;162;35;26.312777777777953;315.068132939435;4.204999999999927;61.725000000000044;6.371428571428571;944.7809091424299;1800
