Ident;X;Y;Transfers;InjectedTransfers;PodsHandled;PodHandlingTimeAvg;PodHandlingTimeVar;PodHandlingTimeMin;PodHandlingTimeMax;PileOn;IdleTime;UpTime
InputStation0;0.50;12.50;0;0;0;0;0;0;0;0;1800;1800
OutputStation0;35.50;3.50;242;174;34;29.319572193271245;321.9242894459555;4.190642154046714;62.539538235857265;7.117647058823529;872.6620418323212;1800
OutputStation1;35.50;9.50;252;195;31;32.61285620951382;232.16875229289073;4.256111111111068;61.812777777778024;8.129032258064516;834.1538094833043;1800
OutputStation2;0.50;6.50;242;183;31;31.94085718952435;309.31983817188836;4.069444444443775;61.86666666666679;7.806451612903226;870.5585334752606;1800
