Ident;X;Y;Transfers;InjectedTransfers;PodsHandled;PodHandlingTimeAvg;PodHandlingTimeVar;PodHandlingTimeMin;PodHandlingTimeMax;PileOn;IdleTime;UpTime
InputStation0;0.50;12.50;0;0;0;0;0;0;0;0;1800;1800
OutputStation0;35.50;3.50;286;212;30;38.819518518518365;288.9216444548523;8.723333333333585;79.30222222222221;9.533333333333333;702.4757215596103;1800
OutputStation1;35.50;9.50;244;182;34;29.697876240106595;250.45436550382473;4.1400937914124825;57.307777777777574;7.176470588235294;867.7773088207133;1800
OutputStation2;0.50;6.50;241;172;33;30.032317765962663;368.64995019767696;4.413982680301729;84.29342712474704;7.303030303030303;875.4791702631383;1800
