Ident;X;Y;Transfers;InjectedTransfers;PodsHandled;PodHandlingTimeAvg;PodHandlingTimeVar;PodHandlingTimeMin;PodHandlingTimeMax;PileOn;IdleTime;UpTime
InputStation0;0.50;12.50;0;0;0;0;0;0;0;0;1800;1800
OutputStation0;35.50;3.50;241;170;32;30.922748018402824;362.3757742358682;4.04444444444448;81.74722222222229;7.53125;878.4507862959217;1800
OutputStation1;35.50;9.50;266;197;32;34.16577854379737;514.1061337616246;4.04444444444448;74.8342640545402;8.3125;783.8354818214025;1800
OutputStation2;0.50;6.50;242;182;32;31.127204861111174;530.8544018268549;4.04444444444448;85.4429653606046;7.5625;874.171796678123;1800
