Ident;X;Y;Transfers;InjectedTransfers;PodsHandled;PodHandlingTimeAvg;PodHandlingTimeVar;PodHandlingTimeMin;PodHandlingTimeMax;PileOn;IdleTime;UpTime
InputStation0;0.50;12.50;0;0;0;0;0;0;0;0;1800;1800
OutputStation0;35.50;3.50;240;166;34;27.98656905056416;343.2686561400222;4.04444444444448;80.11277777777741;7.0588235294117645;881.9556346776955;1800
OutputStation1;35.50;9.50;257;193;32;33.07133544802583;292.3793216414439;8.216666666666924;75.0729653606038;8.03125;814.9432539277577;1800
OutputStation2;0.50;6.50;248;181;32;31.729383109751748;320.38795730407463;4.119444444444298;62.0916666666667;7.75;848.1764724577544;1800
