Ident;X;Y;Transfers;InjectedTransfers;PodsHandled;PodHandlingTimeAvg;PodHandlingTimeVar;PodHandlingTimeMin;PodHandlingTimeMax;PileOn;IdleTime;UpTime
InputStation0;0.50;12.50;0;0;0;0;0;0;0;0;1800;1800
OutputStation0;35.50;3.50;262;202;29;37.123825197283175;427.9113025812828;4.231111111110749;71.71888888888907;9.03448275862069;797.0573160136286;1800
OutputStation1;35.50;9.50;247;194;33;29.955446018962164;399.1427131887261;4.219999999999345;70.69611111111124;7.484848484848484;852.4031529434027;1800
OutputStation2;0.50;6.50;254;199;32;32.724797079072225;421.97540721247725;4.04444444444448;74.42703463939654;7.9375;826.1566738595916;1800
