Ident;X;Y;Transfers;InjectedTransfers;PodsHandled;PodHandlingTimeAvg;PodHandlingTimeVar;PodHandlingTimeMin;PodHandlingTimeMax;PileOn;IdleTime;UpTime
InputStation0;0.50;12.50;0;0;0;0;0;0;0;0;1800;1800
OutputStation0;35.50;3.50;226;155;35;26.428812409076404;323.665084460757;4.04444444444448;73.24722222222255;6.457142857142857;934.6950143858346;1800
OutputStation1;35.50;9.50;259;200;31;34.43034329529181;594.7959777098717;4.044444444444423;84.55176045807957;8.35483870967742;806.273225156072;1800
OutputStation2;0.50;6.50;253;190;32;32.34886589059335;437.95311057260216;4.04444444444448;81.65593072120873;7.90625;831.1388457313434;1800
