Ident;X;Y;Transfers;InjectedTransfers;PodsHandled;PodHandlingTimeAvg;PodHandlingTimeVar;PodHandlingTimeMin;PodHandlingTimeMax;PileOn;IdleTime;UpTime
InputStation0;0.50;12.50;0;0;0;0;0;0;0;0;1800;1800
OutputStation0;35.50;3.50;239;179;31;31.859122559888668;323.2216789464334;4.04444444444448;66.91000000000054;7.709677419354839;885.9748837795973;1800
OutputStation1;35.50;9.50;282;225;33;34.99533757220628;312.8237550697661;4.386204902523971;66.20842712474624;8.545454545454545;718.4099925236538;1800
OutputStation2;0.50;6.50;245;180;34;29.27976784025373;304.4619034871417;4.097316013634554;70.44888888888897;7.205882352941177;862.0609963077337;1800
