Ident;X;Y;Transfers;InjectedTransfers;PodsHandled;PodHandlingTimeAvg;PodHandlingTimeVar;PodHandlingTimeMin;PodHandlingTimeMax;PileOn;IdleTime;UpTime
InputStation0;0.50;12.50;0;0;0;0;0;0;0;0;1800;1800
OutputStation0;35.50;3.50;245;169;34;29.735952171776944;287.1876788676447;4.059999999999718;76.47730162778407;7.205882352941177;858.7414865601265;1800
OutputStation1;35.50;9.50;247;189;33;30.847713279874725;348.1477030033401;4.04444444444448;65.69555555555547;7.484848484848484;854.0858803707256;1800
OutputStation2;0.50;6.50;219;162;35;25.91387383792185;394.1239149738916;4.060093791413237;81.8811111111122;6.257142857142857;963.7216088398836;1800
