Ident;X;Y;Transfers;InjectedTransfers;PodsHandled;PodHandlingTimeAvg;PodHandlingTimeVar;PodHandlingTimeMin;PodHandlingTimeMax;PileOn;IdleTime;UpTime
InputStation0;0.50;12.50;0;0;0;0;0;0;0;0;1800;1800
OutputStation0;35.50;3.50;291;219;29;40.84534532364978;537.3678936716628;4.070555555555529;82.01676045807994;10.03448275862069;685.4589895898109;1800
OutputStation1;35.50;9.50;248;180;33;30.698826797214938;500.7958380055113;4.161767651004084;80.42111111111103;7.515151515151516;852.4308728943976;1800
OutputStation2;0.50;6.50;221;160;35;26.086246340014224;226.55708262344723;4.04444444444448;58.83722222222218;6.314285714285714;953.4376045807901;1800
