Ident;X;Y;Transfers;InjectedTransfers;PodsHandled;PodHandlingTimeAvg;PodHandlingTimeVar;PodHandlingTimeMin;PodHandlingTimeMax;PileOn;IdleTime;UpTime
InputStation0;0.50;12.50;0;0;0;0;0;0;0;0;1800;1800
OutputStation0;35.50;3.50;235;169;35;27.837569365353673;238.60345931443538;4.04444444444448;73.19064934696962;6.714285714285714;898.5882683136205;1800
OutputStation1;35.50;9.50;255;189;32;32.6992913502052;480.00298782454666;4.04444444444448;77.09148627676745;7.96875;825.2401875828333;1800
OutputStation2;0.50;6.50;271;202;32;34.0474740707233;331.8333822933205;8.130555555555702;70.79111111111098;8.46875;761.3135137232543;1800
