Ident;X;Y;Transfers;InjectedTransfers;PodsHandled;PodHandlingTimeAvg;PodHandlingTimeVar;PodHandlingTimeMin;PodHandlingTimeMax;PileOn;IdleTime;UpTime
InputStation0;0.50;12.50;0;0;0;0;0;0;0;0;1800;1800
OutputStation0;35.50;3.50;279;210;33;34.508139839623425;340.0576568999697;4.363427124746977;79.26018758282646;8.454545454545455;728.3290764717144;1800
OutputStation1;35.50;9.50;265;200;33;32.814554199004995;323.85073747659703;4.2311111111114315;73.05342712474635;8.030303030303031;784.5653967444221;1800
OutputStation2;0.50;6.50;243;170;32;30.95403093353833;309.86558175376194;4.2599999999997635;76.74823954192061;7.59375;867.1253895515139;1800
