Ident;X;Y;Transfers;InjectedTransfers;PodsHandled;PodHandlingTimeAvg;PodHandlingTimeVar;PodHandlingTimeMin;PodHandlingTimeMax;PileOn;IdleTime;UpTime
InputStation0;0.50;12.50;0;0;0;0;0;0;0;0;1800;1800
OutputStation0;35.50;3.50;234;168;36;26.313078432109165;323.184542097232;4.04444444444448;69.35111111111132;6.5;905.2612997059276;1800
OutputStation1;35.50;9.50;275;217;30;37.34720370370388;425.53062548022274;4.07722222222219;75.74611111111199;9.166666666666666;747.6527931756351;1800
OutputStation2;0.50;6.50;227;176;35;26.58133033033453;207.57196583042776;4.04444444444448;61.19500000000028;6.485714285714286;928.5820480132547;1800
