Ident;X;Y;Transfers;InjectedTransfers;PodsHandled;PodHandlingTimeAvg;PodHandlingTimeVar;PodHandlingTimeMin;PodHandlingTimeMax;PileOn;IdleTime;UpTime
InputStation0;0.50;12.50;0;0;0;0;0;0;0;0;1800;1800
OutputStation0;35.50;3.50;252;192;34;30.740076393761044;389.3978096042322;4.044444444444444;75.53388888888946;7.411764705882353;835.0586219005078;1800
OutputStation1;35.50;9.50;217;155;36;24.673568019542245;356.0984549231905;4.04444444444448;70.85944444444452;6.027777777777778;970.615858508565;1800
OutputStation2;0.50;6.50;222;159;35;26.067844360620033;309.01634279284474;4.125;75.05481961009588;6.3428571428571425;948.2312120954416;1800
