Ident;X;Y;Transfers;InjectedTransfers;PodsHandled;PodHandlingTimeAvg;PodHandlingTimeVar;PodHandlingTimeMin;PodHandlingTimeMax;PileOn;IdleTime;UpTime
InputStation0;0.50;12.50;0;0;0;0;0;0;0;0;1800;1800
OutputStation0;35.50;3.50;237;177;36;27.085300826024337;275.51526089443774;4.04444444444448;78.55555555555554;6.583333333333333;891.5012411505741;1800
OutputStation1;35.50;9.50;247;184;32;30.652673611111297;401.70952222632275;4.1422222222222445;80.882316013636;7.71875;854.9056493469751;1800
OutputStation2;0.50;6.50;250;187;35;29.048471036478983;211.54829770383307;4.336666666666815;68.03388888888918;7.142857142857143;842.6993362671824;1800
