Ident;X;Y;Transfers;InjectedTransfers;PodsHandled;PodHandlingTimeAvg;PodHandlingTimeVar;PodHandlingTimeMin;PodHandlingTimeMax;PileOn;IdleTime;UpTime
InputStation0;0.50;12.50;0;0;0;0;0;0;0;0;1800;1800
OutputStation0;35.50;3.50;253;203;31;31.883739468654493;423.94038949819634;4.04444444444448;71.42036797272976;8.161290322580646;830.4166378949534;1800
OutputStation1;35.50;9.50;232;160;35;27.397793445281682;287.95192540282716;4.195649346968423;74.2805555555559;6.628571428571429;911.1508441227292;1800
OutputStation2;0.50;6.50;217;157;35;25.241889094400975;324.60515915172607;4.076666666666597;75.06842712474645;6.2;969.1300143858452;1800
