Ident;X;Y;Transfers;InjectedTransfers;PodsHandled;PodHandlingTimeAvg;PodHandlingTimeVar;PodHandlingTimeMin;PodHandlingTimeMax;PileOn;IdleTime;UpTime
InputStation0;0.50;12.50;0;0;0;0;0;0;0;0;1800;1800
OutputStation0;35.50;3.50;264;194;32;33.435850919223256;322.9520429016292;8.073051959094528;79.18852091615929;8.25;791.3114718909169;1800
OutputStation1;35.50;9.50;240;178;35;27.523169038153263;345.40263386861136;4.102871569191166;75.23407647171484;6.857142857142857;885.3865728752488;1800
OutputStation2;0.50;6.50;284;218;32;36.60514678271841;515.135185719261;4.1450000000000955;76.97138529242761;8.875;710.2868902141045;1800
