Ident;X;Y;Transfers;InjectedTransfers;PodsHandled;PodHandlingTimeAvg;PodHandlingTimeVar;PodHandlingTimeMin;PodHandlingTimeMax;PileOn;IdleTime;UpTime
InputStation0;0.50;12.50;0;0;0;0;0;0;0;0;1800;1800
OutputStation0;35.50;3.50;261;188;32;32.841745353613824;509.35310754065625;4.04444444444448;78.53647908384073;8.15625;800.0274607222797;1800
OutputStation1;35.50;9.50;242;174;34;29.27168576510682;466.3518686966801;4.0917604580797615;83.64146469799061;7.117647058823529;873.3248912559787;1800
OutputStation2;0.50;6.50;247;188;34;29.82330065359471;465.0394060122217;4.079076471714643;85.20620490252395;7.264705882352941;851.4279578842846;1800
