Ident;X;Y;Transfers;InjectedTransfers;PodsHandled;PodHandlingTimeAvg;PodHandlingTimeVar;PodHandlingTimeMin;PodHandlingTimeMax;PileOn;IdleTime;UpTime
InputStation0;0.50;12.50;0;0;0;0;0;0;0;0;1800;1800
OutputStation0;35.50;3.50;265;195;30;35.72814862767639;397.02014178877636;4.071111111111122;85.26722222222224;8.833333333333334;785.9107359454581;1800
OutputStation1;35.50;9.50;243;174;34;28.980125201812417;323.9973228852165;4.077777777777783;77.8844444444442;7.147058823529412;868.5921043649236;1800
OutputStation2;0.50;6.50;255;185;33;31.362626262626208;332.21340891458664;4.242316013634991;74.75055555555534;7.7272727272727275;820.4608297368641;1800
