Ident;X;Y;Transfers;InjectedTransfers;PodsHandled;PodHandlingTimeAvg;PodHandlingTimeVar;PodHandlingTimeMin;PodHandlingTimeMax;PileOn;IdleTime;UpTime
InputStation0;0.50;12.50;0;0;0;0;0;0;0;0;1800;1800
OutputStation0;35.50;3.50;215;155;36;24.62793536072378;292.3257578819338;4.04444444444448;74.03064934696857;5.972222222222222;974.6600071929292;1800
OutputStation1;35.50;9.50;284;216;31;36.79213843551653;346.121327583081;4.154999999999745;79.28231601363564;9.161290322580646;719.4795022712456;1800
OutputStation2;0.50;6.50;237;176;32;30.274039276925482;308.8502610589687;8.312590194951554;75.61000000000013;7.40625;891.1168953467279;1800
