Ident;X;Y;Transfers;InjectedTransfers;PodsHandled;PodHandlingTimeAvg;PodHandlingTimeVar;PodHandlingTimeMin;PodHandlingTimeMax;PileOn;IdleTime;UpTime
InputStation0;0.50;12.50;0;0;0;0;0;0;0;0;1800;1800
OutputStation0;35.50;3.50;250;178;33;30.842519786164658;444.468506795253;4.045649346968503;82.31620490252385;7.575757575757576;844.3147905549829;1800
OutputStation1;35.50;9.50;270;198;35;31.75848196100941;280.40283694041824;4.1360173196976575;77.49731601363493;7.714285714285714;765.6394228656997;1800
OutputStation2;0.50;6.50;247;181;31;32.949770282649;491.3239684664933;4.1126839863648;80.18657287525457;7.967741935483871;853.2125251752178;1800
