Ident;X;Y;Transfers;InjectedTransfers;PodsHandled;PodHandlingTimeAvg;PodHandlingTimeVar;PodHandlingTimeMin;PodHandlingTimeMax;PileOn;IdleTime;UpTime
InputStation0;0.50;12.50;0;0;0;0;0;0;0;0;1800;1800
OutputStation0;35.50;3.50;238;178;32;30.746146058112465;463.0218863049256;4.098614707572551;85.64833333333445;7.4375;886.4809597763195;1800
OutputStation1;35.50;9.50;241;182;33;29.486624688108265;376.21707190692615;4.12777777777778;85.0880519590944;7.303030303030303;876.5481174711686;1800
OutputStation2;0.50;6.50;231;165;33;28.6258894137284;305.2121115509641;8.25833333333344;72.95842712474655;7;918.0784774752082;1800
