Ident;X;Y;Transfers;InjectedTransfers;PodsHandled;PodHandlingTimeAvg;PodHandlingTimeVar;PodHandlingTimeMin;PodHandlingTimeMax;PileOn;IdleTime;UpTime
InputStation0;0.50;12.50;0;0;0;0;0;0;0;0;1800;1800
OutputStation0;35.50;3.50;267;191;31;35.13339013144647;256.47204847797195;12.580555555555577;77.10222222222234;8.612903225806452;774.6286293768662;1800
OutputStation1;35.50;9.50;271;200;33;33.69859722724201;387.5299815797443;4.204444444444334;73.73555555555572;8.212121212121213;766.7309364969668;1800
OutputStation2;0.50;6.50;261;182;33;32.409066872563585;398.8278935102373;4.269466306637469;81.16388888888855;7.909090909090909;801.8747045233465;1800
