Ident;X;Y;Transfers;InjectedTransfers;PodsHandled;PodHandlingTimeAvg;PodHandlingTimeVar;PodHandlingTimeMin;PodHandlingTimeMax;PileOn;IdleTime;UpTime
InputStation0;0.50;12.50;0;0;0;0;0;0;0;0;1800;1800
OutputStation0;35.50;3.50;249;176;34;30.014235207827895;430.74163175208;4.04444444444448;82.44064934696857;7.323529411764706;846.5199424566304;1800
OutputStation1;35.50;9.50;290;221;31;38.39506237596992;299.0100008493026;12.38333333333344;78.8422222222224;9.35483870967742;687.4102235474406;1800
OutputStation2;0.50;6.50;272;208;32;34.68515083759451;382.1881803969864;8.150555555557048;76.07055555555576;8.5;756.6310173197169;1800
