Ident;X;Y;Transfers;InjectedTransfers;PodsHandled;PodHandlingTimeAvg;PodHandlingTimeVar;PodHandlingTimeMin;PodHandlingTimeMax;PileOn;IdleTime;UpTime
InputStation0;0.50;12.50;0;0;0;0;0;0;0;0;1800;1800
OutputStation0;35.50;3.50;237;171;35;27.18015378167348;290.30310451014583;4.048333333333403;85.04240980504824;6.771428571428571;895.0415222413835;1800
OutputStation1;35.50;9.50;238;170;38;25.56258240433321;249.69146973257295;4.062222222222317;64.70833333333303;6.2631578947368425;890.3135571641888;1800
OutputStation2;0.50;6.50;227;160;37;25.29527787497955;218.45974046714525;4.044444444444451;57.06323954192055;6.135135135135135;937.871298693959;1800
