Ident;X;Y;Transfers;InjectedTransfers;PodsHandled;PodHandlingTimeAvg;PodHandlingTimeVar;PodHandlingTimeMin;PodHandlingTimeMax;PileOn;IdleTime;UpTime
InputStation0;0.50;12.50;0;0;0;0;0;0;0;0;1800;1800
OutputStation0;35.50;3.50;245;174;33;30.149851980914452;409.6913502878743;4.178333333333285;73.25064934696888;7.424242424242424;863.1474820176884;1800
OutputStation1;35.50;9.50;264;209;31;34.29518270105865;458.0073943797374;4.071111111110895;81.5284271247499;8.516129032258064;786.6814646979915;1800
OutputStation2;0.50;6.50;218;162;36;24.937258297053656;332.1044116844134;4.04444444444448;71.35055555555573;6.055555555555555;964.756168937884;1800
