Ident;X;Y;Transfers;InjectedTransfers;PodsHandled;PodHandlingTimeAvg;PodHandlingTimeVar;PodHandlingTimeMin;PodHandlingTimeMax;PileOn;IdleTime;UpTime
InputStation0;0.50;12.50;0;0;0;0;0;0;0;0;1800;1800
OutputStation0;35.50;3.50;174;137;25;69.90019278440386;1931.6878461632737;11.325649346968405;196.61055555555606;6.96;99.74655848939508;1800
OutputStation1;35.50;9.50;173;145;19;91.12222715861243;3324.1171916900066;12.418888888889;187.6036147075713;9.105263157894736;105.20841993182772;1800
OutputStation2;0.50;6.50;172;134;20;87.68731024512618;2282.4984012955524;21.83055555555552;186.83657287525386;8.6;122.30580815808497;1800
