Ident;X;Y;Transfers;InjectedTransfers;PodsHandled;PodHandlingTimeAvg;PodHandlingTimeVar;PodHandlingTimeMin;PodHandlingTimeMax;PileOn;IdleTime;UpTime
InputStation0;0.50;12.50;0;0;0;0;0;0;0;0;1800;1800
OutputStation0;35.50;3.50;224;163;35;26.58207957059141;339.367741036966;4.067777777777785;79.36111111111177;6.4;944.2050422176925;1800
OutputStation1;35.50;9.50;239;175;34;28.634736622104594;323.0791854936167;4.166666666666686;66.9243578459625;7.029411764705882;883.5936660450518;1800
OutputStation2;0.50;6.50;243;183;29;34.10703040330932;311.0485668135209;4.067777777777337;76.6300937914126;8.379310344827585;868.222674306324;1800
