Ident;X;Y;Transfers;InjectedTransfers;PodsHandled;PodHandlingTimeAvg;PodHandlingTimeVar;PodHandlingTimeMin;PodHandlingTimeMax;PileOn;IdleTime;UpTime
InputStation0;0.50;12.50;0;0;0;0;0;0;0;0;1800;1800
OutputStation0;35.50;3.50;233;168;33;28.742290216191748;305.45280888567805;4.04444444444448;77.2211111111119;7.0606060606060606;906.1290846526675;1800
OutputStation1;35.50;9.50;265;208;32;34.16523576667021;530.4292173762101;4.04444444444448;75.79435065303127;8.28125;782.184080703892;1800
OutputStation2;0.50;6.50;249;193;31;32.610152165980274;460.9056325794635;4.170287826977074;83.12676045807945;8.03225806451613;843.856435284162;1800
