Ident;X;Y;Transfers;InjectedTransfers;PodsHandled;PodHandlingTimeAvg;PodHandlingTimeVar;PodHandlingTimeMin;PodHandlingTimeMax;PileOn;IdleTime;UpTime
InputStation0;0.50;12.50;0;0;0;0;0;0;0;0;1800;1800
OutputStation0;35.50;3.50;204;138;34;23.58979861598325;320.3269078345914;4.04444444444448;71.8633333333334;6;1022.6222944348617;1800
OutputStation1;35.50;9.50;262;200;33;32.97323254119972;531.7705254672536;4.116111111110968;81.59953823585829;7.9393939393939394;792.873246734833;1800
OutputStation2;0.50;6.50;243;171;33;30.393151208279544;427.2779471023349;4.148888888888678;84.28277777777839;7.363636363636363;875.969545428774;1800
