Ident;X;Y;Transfers;InjectedTransfers;PodsHandled;PodHandlingTimeAvg;PodHandlingTimeVar;PodHandlingTimeMin;PodHandlingTimeMax;PileOn;IdleTime;UpTime
InputStation0;0.50;12.50;0;0;0;0;0;0;0;0;1800;1800
OutputStation0;35.50;3.50;250;189;32;32.463833874574235;501.26801732755854;4.04444444444448;83.28805195909489;7.8125;844.4208875636407;1800
OutputStation1;35.50;9.50;233;163;36;26.63626803741583;261.15545194003647;4.04444444444448;66.52379509747595;6.472222222222222;907.6271500095812;1800
OutputStation2;0.50;6.50;250;181;34;30.319907266369636;373.7188565616788;4.086666666666815;81.57176045807978;7.352941176470588;842.151645087859;1800
