Ident;X;Y;Transfers;InjectedTransfers;PodsHandled;PodHandlingTimeAvg;PodHandlingTimeVar;PodHandlingTimeMin;PodHandlingTimeMax;PileOn;IdleTime;UpTime
InputStation0;0.50;12.50;0;0;0;0;0;0;0;0;1800;1800
OutputStation0;35.50;3.50;256;186;34;30.719519560530262;419.3939151458164;4.04444444444448;75.1236290934196;7.529411764705882;819.1976333525072;1800
OutputStation1;35.50;9.50;237;174;34;28.143399539036754;334.19950570926;4.068816676247479;76.02435065303163;6.970588235294118;895.1250865984931;1800
OutputStation2;0.50;6.50;237;171;33;29.027500544918443;354.99196016082846;4.044444444444451;74.79777777777781;7.181818181818182;891.6683980696151;1800
