Ident;X;Y;Transfers;InjectedTransfers;PodsHandled;PodHandlingTimeAvg;PodHandlingTimeVar;PodHandlingTimeMin;PodHandlingTimeMax;PileOn;IdleTime;UpTime
InputStation0;0.50;12.50;0;0;0;0;0;0;0;0;1800;1800
OutputStation0;35.50;3.50;210;151;35;24.39036528487714;341.7679509786807;4.04444444444448;83.5150000000009;6;995.1228137423956;1800
OutputStation1;35.50;9.50;222;163;35;25.855291073795254;263.95122784209224;4.087777777777546;70.82055555555667;6.3428571428571425;950.9400143858463;1800
OutputStation2;0.50;6.50;239;184;32;30.05704049250284;330.24409826464597;4.188888888888414;70.79777777777758;7.46875;883.8653607798233;1800
