Ident;X;Y;Transfers;InjectedTransfers;PodsHandled;PodHandlingTimeAvg;PodHandlingTimeVar;PodHandlingTimeMin;PodHandlingTimeMax;PileOn;IdleTime;UpTime
InputStation0;0.50;12.50;0;0;0;0;0;0;0;0;1800;1800
OutputStation0;35.50;3.50;173;132;23;77.37797979573956;2637.6213884211857;21.954444444444107;186.47518038990418;7.521739130434782;109.7248196100872;1800
OutputStation1;35.50;9.50;173;141;18;97.17324114034773;2912.0152223605446;10.07935065303159;196.7484271247465;9.61111111111111;114.08279216360455;1800
OutputStation2;0.50;6.50;174;147;16;112.0237793098167;3157.2180883468736;31.98999999999978;174.8451803899042;10.875;102.7673375923893;1800
