Ident;X;Y;Transfers;InjectedTransfers;PodsHandled;PodHandlingTimeAvg;PodHandlingTimeVar;PodHandlingTimeMin;PodHandlingTimeMax;PileOn;IdleTime;UpTime
InputStation0;0.50;12.50;0;0;0;0;0;0;0;0;1800;1800
OutputStation0;35.50;3.50;246;180;33;29.815945821074475;381.0519415328414;4.044444444444444;79.25129869393686;7.454545454545454;857.2130807307854;1800
OutputStation1;35.50;9.50;251;192;35;29.39279591952419;343.49538000708407;4.04444444444448;67.53620490252467;7.171428571428572;838.7646464131051;1800
OutputStation2;0.50;6.50;212;150;37;23.42175636795016;329.721248552916;4.04444444444448;79.06898268030193;5.72972972972973;987.7509235282773;1800
