Ident;X;Y;Transfers;InjectedTransfers;PodsHandled;PodHandlingTimeAvg;PodHandlingTimeVar;PodHandlingTimeMin;PodHandlingTimeMax;PileOn;IdleTime;UpTime
InputStation0;0.50;12.50;0;0;0;0;0;0;0;0;1800;1800
OutputStation0;35.50;3.50;251;172;33;31.243758585278275;389.9902541828523;4.071111111110895;71.15907647171429;7.606060606060606;841.1989760542244;1800
OutputStation1;35.50;9.50;256;182;34;30.98787730622536;414.65421617584155;4.197316013634463;84.13111111111095;7.529411764705882;815.3541699797008;1800
OutputStation2;0.50;6.50;266;199;29;36.365761055310564;566.6078038441163;4.231111111111204;83.83241699796935;9.172413793103448;778.8969264621114;1800
