Ident;X;Y;Transfers;InjectedTransfers;PodsHandled;PodHandlingTimeAvg;PodHandlingTimeVar;PodHandlingTimeMin;PodHandlingTimeMax;PileOn;IdleTime;UpTime
InputStation0;0.50;12.50;0;0;0;0;0;0;0;0;1800;1800
OutputStation0;35.50;3.50;253;181;33;31.689753377042997;355.11990141533596;4.097871569189465;73.11444444444487;7.666666666666667;830.4019264621106;1800
OutputStation1;35.50;9.50;257;194;31;34.002897406777564;450.632094405148;4.04444444444448;82.40444444444438;8.290322580645162;816.2790548929237;1800
OutputStation2;0.50;6.50;252;189;31;33.02572312896698;435.2642078031419;4.04444444444448;84.66731601363529;8.129032258064516;832.6375901949691;1800
