Ident;X;Y;Transfers;InjectedTransfers;PodsHandled;PodHandlingTimeAvg;PodHandlingTimeVar;PodHandlingTimeMin;PodHandlingTimeMax;PileOn;IdleTime;UpTime
InputStation0;0.50;12.50;0;0;0;0;0;0;0;0;1800;1800
OutputStation0;35.50;3.50;259;188;33;32.3650841750843;307.0312369365839;4.135461764142633;84.60500000000116;7.848484848484849;809.0917100761595;1800
OutputStation1;35.50;9.50;235;178;34;28.57075990970011;463.1156161889203;4.04444444444448;77.69277777777802;6.911764705882353;905.3077346202347;1800
OutputStation2;0.50;6.50;235;174;33;29.25145699184212;279.9054657240894;4.04444444444448;77.11666666666672;7.121212121212121;900.2003101459411;1800
