Ident;X;Y;Transfers;InjectedTransfers;PodsHandled;PodHandlingTimeAvg;PodHandlingTimeVar;PodHandlingTimeMin;PodHandlingTimeMax;PileOn;IdleTime;UpTime
InputStation0;0.50;12.50;0;0;0;0;0;0;0;0;1800;1800
OutputStation0;35.50;3.50;232;168;34;28.104259188740215;413.0367082565906;4.04444444444448;80.64176045807949;6.823529411764706;911.9732251560615;1800
OutputStation1;35.50;9.50;268;202;32;34.46555622989213;388.322261289059;4.39055555555592;84.19000000000051;8.375;778.1726261595672;1800
OutputStation2;0.50;6.50;277;212;30;38.108444444444466;393.4748903603321;4.28546176414352;76.45166666666682;9.233333333333333;735.9216232257055;1800
