Ident;X;Y;Transfers;InjectedTransfers;PodsHandled;PodHandlingTimeAvg;PodHandlingTimeVar;PodHandlingTimeMin;PodHandlingTimeMax;PileOn;IdleTime;UpTime
InputStation0;0.50;12.50;0;0;0;0;0;0;0;0;1800;1800
OutputStation0;35.50;3.50;236;175;32;29.7750405841856;451.89842882820443;4.1960245126217615;76.32555555555518;7.375;894.381370906587;1800
OutputStation1;35.50;9.50;256;193;34;31.19717044404338;272.77720044758456;8.464444444444553;84.23203463939399;7.529411764705882;819.9141196292613;1800
OutputStation2;0.50;6.50;259;188;32;33.15915787372168;370.46717028176494;4.04444444444448;83.6272222222222;8.09375;806.8165441035505;1800
