Ident;X;Y;Transfers;InjectedTransfers;PodsHandled;PodHandlingTimeAvg;PodHandlingTimeVar;PodHandlingTimeMin;PodHandlingTimeMax;PileOn;IdleTime;UpTime
InputStation0;0.50;12.50;0;0;0;0;0;0;0;0;1800;1800
OutputStation0;35.50;3.50;283;202;31;37.749438393385674;538.4998376250411;4.04444444444448;80.85722222222199;9.129032258064516;717.399509464165;1800
OutputStation1;35.50;9.50;259;180;34;31.299823231565576;413.68451799733555;4.069999999999936;73.42888888888922;7.617647058823529;811.7288598337832;1800
OutputStation2;0.50;6.50;247;185;32;31.46626217348447;424.4272237090739;4.04444444444448;78.56898268030216;7.71875;852.5693722317895;1800
