Ident;X;Y;Transfers;InjectedTransfers;PodsHandled;PodHandlingTimeAvg;PodHandlingTimeVar;PodHandlingTimeMin;PodHandlingTimeMax;PileOn;IdleTime;UpTime
InputStation0;0.50;12.50;0;0;0;0;0;0;0;0;1800;1800
OutputStation0;35.50;3.50;297;220;28;43.65882034355974;854.9472676362009;4.152222222222008;84.21674607224008;10.607142857142858;664.3891181344133;1800
OutputStation1;35.50;9.50;292;221;28;43.02401186444178;664.6802876138084;4.04444444444448;84.7795382358573;10.428571428571429;683.2282047887375;1800
OutputStation2;0.50;6.50;272;203;31;36.14146022543208;516.2073637030247;4.04444444444448;81.41500000000003;8.774193548387096;762.5253011747094;1800
