Ident;X;Y;Transfers;InjectedTransfers;PodsHandled;PodHandlingTimeAvg;PodHandlingTimeVar;PodHandlingTimeMin;PodHandlingTimeMax;PileOn;IdleTime;UpTime
InputStation0;0.50;12.50;0;0;0;0;0;0;0;0;1800;1800
OutputStation0;35.50;3.50;255;189;29;36.10663432480005;435.65059665531237;4.04444444444448;70.92120490252341;8.793103448275861;829.1971859742036;1800
OutputStation1;35.50;9.50;269;204;31;35.59305165146008;384.744072080377;4.33055555555552;79.27944444444506;8.67741935483871;766.6388102495898;1800
OutputStation2;0.50;6.50;264;196;33;32.53871769655648;292.8549636522664;4.39609672526035;71.13833333333355;8;793.9379119560712;1800
