Ident;X;Y;Transfers;InjectedTransfers;PodsHandled;PodHandlingTimeAvg;PodHandlingTimeVar;PodHandlingTimeMin;PodHandlingTimeMax;PileOn;IdleTime;UpTime
InputStation0;0.50;12.50;0;0;0;0;0;0;0;0;1800;1800
OutputStation0;35.50;3.50;226;154;33;28.13405499793244;228.10330464568398;4.397777777777492;65.1839826803018;6.848484848484849;933.4168976093404;1800
OutputStation1;35.50;9.50;255;186;30;35.04744951810494;378.64935056811623;4.04444444444448;67.10296536060423;8.5;821.073466677333;1800
OutputStation2;0.50;6.50;250;187;32;31.99550527141015;391.72358769832783;4.04444444444448;74.6524098050478;7.8125;839.6712860525649;1800
