Ident;X;Y;Transfers;InjectedTransfers;PodsHandled;PodHandlingTimeAvg;PodHandlingTimeVar;PodHandlingTimeMin;PodHandlingTimeMax;PileOn;IdleTime;UpTime
InputStation0;0.50;12.50;0;0;0;0;0;0;0;0;1800;1800
OutputStation0;35.50;3.50;250;179;31;32.51589023831876;399.09618260040895;8.142222222222472;79.30166666666764;8.064516129032258;842.6674241908819;1800
OutputStation1;35.50;9.50;247;175;33;29.957915300076635;272.38195187222044;8.13637809950319;79.15019477575106;7.484848484848484;852.511948040901;1800
OutputStation2;0.50;6.50;223;161;34;26.804941435339785;504.88169498520745;4.07657287525376;77.29500000000053;6.5588235294117645;945.5533621050301;1800
