Ident;X;Y;Transfers;InjectedTransfers;PodsHandled;PodHandlingTimeAvg;PodHandlingTimeVar;PodHandlingTimeMin;PodHandlingTimeMax;PileOn;IdleTime;UpTime
InputStation0;0.50;12.50;0;0;0;0;0;0;0;0;1800;1800
OutputStation0;35.50;3.50;263;185;32;33.79223913377576;469.72544618709617;4.131486276761734;79.40647908384108;8.21875;792.6597692596208;1800
OutputStation1;35.50;9.50;277;212;33;34.121523895974825;550.4455894512118;4.04444444444448;82.87666666666689;8.393939393939394;739.4783692979679;1800
OutputStation2;0.50;6.50;267;204;31;35.318213936363605;405.09112236580376;4.04444444444448;76.27453823585802;8.612903225806452;775.3950865984868;1800
