Ident;X;Y;Transfers;InjectedTransfers;PodsHandled;PodHandlingTimeAvg;PodHandlingTimeVar;PodHandlingTimeMin;PodHandlingTimeMax;PileOn;IdleTime;UpTime
InputStation0;0.50;12.50;0;0;0;0;0;0;0;0;1800;1800
OutputStation0;35.50;3.50;243;176;33;30.347477153704133;363.6930309880879;4.201572875253817;80.36222222222216;7.363636363636363;865.8896898540694;1800
OutputStation1;35.50;9.50;245;175;33;30.465459793847753;340.1793666189382;8.071760458079552;70.843795097476;7.424242424242424;864.6574169979605;1800
OutputStation2;0.50;6.50;229;167;34;27.514011332130053;415.01476696257373;4.04444444444448;83.34509379141332;6.735294117647059;920.6997980313253;1800
