Ident;X;Y;Transfers;InjectedTransfers;PodsHandled;PodHandlingTimeAvg;PodHandlingTimeVar;PodHandlingTimeMin;PodHandlingTimeMax;PileOn;IdleTime;UpTime
InputStation0;0.50;12.50;0;0;0;0;0;0;0;0;1800;1800
OutputStation0;35.50;3.50;241;179;33;30.07180965532618;360.4587134927781;4.08888888888896;77.75111111111232;7.303030303030303;875.4693563323615;1800
OutputStation1;35.50;9.50;265;196;33;33.106266067824585;411.40988126660704;4.1111111111108585;79.72155848941134;8.030303030303031;788.6270960634722;1800
OutputStation2;0.50;6.50;205;140;36;23.584673320608907;282.8110425992742;4.114999999999782;73.4405411697121;5.694444444444445;1017.1212534543499;1800
