Ident;X;Y;Transfers;InjectedTransfers;PodsHandled;PodHandlingTimeAvg;PodHandlingTimeVar;PodHandlingTimeMin;PodHandlingTimeMax;PileOn;IdleTime;UpTime
InputStation0;0.50;18.50;0;0;0;0;0;0;0;0;1800;1800
OutputStation0;55.50;3.50;171;114;38;46.13676653765294;377.1995049683246;10.208333333333336;63.579076471714416;4.5;119.67317452219498;1800
OutputStation1;55.50;9.50;173;117;36;49.428744389759416;217.77976173057627;10.044444444444444;64.33046176414268;4.805555555555555;96.12994245662554;1800
OutputStation2;55.50;15.50;173;112;41;44.174598246562994;297.76311013624235;11.55277777777792;63.53287156919089;4.219512195121951;100.12412710560308;1800
OutputStation3;0.50;6.50;174;117;38;47.71050903842378;268.96766539678254;11.257965360603407;63.89666666666653;4.578947368421052;91.66494964953563;1800
OutputStation4;0.50;12.50;175;115;39;46.2917216106834;304.40350664896886;11.969444444444889;63.534999999999854;4.487179487179487;85.96005754339026;1800
