Ident;X;Y;Transfers;InjectedTransfers;PodsHandled;PodHandlingTimeAvg;PodHandlingTimeVar;PodHandlingTimeMin;PodHandlingTimeMax;PileOn;IdleTime;UpTime
InputStation0;0.50;12.50;0;0;0;0;0;0;0;0;1800;1800
OutputStation0;35.50;3.50;277;206;29;38.98712295456355;435.2541780458249;8.068795097482734;84.10055555555573;9.551724137931034;736.0691846489665;1800
OutputStation1;35.50;9.50;245;172;36;28.167353295160115;346.6090447746654;4.04444444444448;77.82833333333315;6.805555555555555;864.2431241717403;1800
OutputStation2;0.50;6.50;245;176;33;30.01128798777172;360.655708671801;4.044444444444423;73.2595382358574;7.424242424242424;858.4923088207195;1800
