Ident;X;Y;Transfers;InjectedTransfers;PodsHandled;PodHandlingTimeAvg;PodHandlingTimeVar;PodHandlingTimeMin;PodHandlingTimeMax;PileOn;IdleTime;UpTime
InputStation0;0.50;12.50;0;0;0;0;0;0;0;0;1800;1800
OutputStation0;35.50;3.50;225;159;35;26.05254731077969;252.5829384539477;4.04444444444448;77.26555555555683;6.428571428571429;939.7670523809721;1800
OutputStation1;35.50;9.50;228;164;35;26.835145947921774;260.73249059783666;4.04444444444448;70.9071284308094;6.514285714285714;927.9430115420465;1800
OutputStation2;0.50;6.50;260;191;31;33.88417911682927;343.5040839689494;4.212683986364937;71.62444444444463;8.387096774193548;805.848883472876;1800
