Ident;X;Y;Transfers;InjectedTransfers;PodsHandled;PodHandlingTimeAvg;PodHandlingTimeVar;PodHandlingTimeMin;PodHandlingTimeMax;PileOn;IdleTime;UpTime
InputStation0;0.50;12.50;0;0;0;0;0;0;0;0;1800;1800
OutputStation0;35.50;3.50;224;161;35;26.230959598167953;229.84683398359894;4.04444444444448;66.53926405454038;6.4;943.0808513156396;1800
OutputStation1;35.50;9.50;296;240;29;41.80000597230972;513.0690990943065;4.077777777777783;83.91796536060355;10.206896551724139;666.9425683327519;1800
OutputStation2;0.50;6.50;258;192;32;33.176741973074456;344.96269359820417;4.119805224248012;72.16064934696942;8.0625;812.3954470948672;1800
