Ident;X;Y;Transfers;InjectedTransfers;PodsHandled;PodHandlingTimeAvg;PodHandlingTimeVar;PodHandlingTimeMin;PodHandlingTimeMax;PileOn;IdleTime;UpTime
InputStation0;0.50;12.50;0;0;0;0;0;0;0;0;1800;1800
OutputStation0;35.50;3.50;219;160;33;27.08419519729065;458.0757276625804;4.04444444444448;76.16277058485639;6.636363636363637;961.1836578651003;1800
OutputStation1;35.50;9.50;289;220;31;38.0442389313289;398.15534254868993;8.633888888888919;79.19259738787366;9.32258064516129;691.0969983913635;1800
OutputStation2;0.50;6.50;241;173;33;30.24989243370158;426.8900616883179;4.11333333333323;78.5333333333334;7.303030303030303;878.0429656440346;1800
