Ident;X;Y;Transfers;InjectedTransfers;PodsHandled;PodHandlingTimeAvg;PodHandlingTimeVar;PodHandlingTimeMin;PodHandlingTimeMax;PileOn;IdleTime;UpTime
InputStation0;0.50;12.50;0;0;0;0;0;0;0;0;1800;1800
OutputStation0;35.50;3.50;272;205;33;33.78859394914319;413.93170665611353;4.134350653030879;81.53953823585857;8.242424242424242;761.4480879237267;1800
OutputStation1;35.50;9.50;249;189;33;31.28849053281284;476.7991684229836;4.04444444444448;84.35944444444476;7.545454545454546;840.6343869010407;1800
OutputStation2;0.50;6.50;219;149;32;28.039866748295488;288.9357940356645;4.287871569190429;65.70648627676587;6.84375;964.8718033322311;1800
