Ident;X;Y;Transfers;InjectedTransfers;PodsHandled;PodHandlingTimeAvg;PodHandlingTimeVar;PodHandlingTimeMin;PodHandlingTimeMax;PileOn;IdleTime;UpTime
InputStation0;0.50;12.50;0;0;0;0;0;0;0;0;1800;1800
OutputStation0;35.50;3.50;226;151;35;26.39426757253954;328.71014338016784;4.04444444444448;81.3288888888892;6.457142857142857;933.4710245126131;1800
OutputStation1;35.50;9.50;273;212;31;36.14507168458799;643.73540878081;4.389833995947583;80.77388888888947;8.806451612903226;753.6721934505302;1800
OutputStation2;0.50;6.50;226;161;34;27.184408371465135;383.01469159901797;4.070461764142465;79.9467604580799;6.647058823529412;934.710829736862;1800
