Ident;X;Y;Transfers;InjectedTransfers;PodsHandled;PodHandlingTimeAvg;PodHandlingTimeVar;PodHandlingTimeMin;PodHandlingTimeMax;PileOn;IdleTime;UpTime
InputStation0;0.50;12.50;0;0;0;0;0;0;0;0;1800;1800
OutputStation0;35.50;3.50;247;170;34;29.578937908496613;569.2948914356016;4.04444444444448;83.53823234899903;7.264705882352941;856.1239173771394;1800
OutputStation1;35.50;9.50;274;198;31;36.118181119599235;307.11516959923966;8.29444444444448;74.7604545712212;8.838709677419354;749.2755627484821;1800
OutputStation2;0.50;6.50;251;188;33;31.087674143480115;457.97371109246075;4.0686003217285815;78.02342712474623;7.606060606060606;837.5403463939635;1800
