Ident;X;Y;Transfers;InjectedTransfers;PodsHandled;PodHandlingTimeAvg;PodHandlingTimeVar;PodHandlingTimeMin;PodHandlingTimeMax;PileOn;IdleTime;UpTime
InputStation0;0.50;12.50;0;0;0;0;0;0;0;0;1800;1800
OutputStation0;35.50;3.50;215;157;35;25.212759019495024;326.75889276775166;4.04444444444448;84.4372222222222;6.142857142857143;976.5288022903753;1800
OutputStation1;35.50;9.50;254;199;33;31.539164369421037;314.00733776099406;4.08888888888896;72.78120490252388;7.696969696969697;825.309083664678;1800
OutputStation2;0.50;6.50;239;183;32;30.036817953819035;421.45825633021377;4.10297255352657;80.51722222222315;7.46875;886.312019970149;1800
