Ident;X;Y;Transfers;InjectedTransfers;PodsHandled;PodHandlingTimeAvg;PodHandlingTimeVar;PodHandlingTimeMin;PodHandlingTimeMax;PileOn;IdleTime;UpTime
InputStation0;0.50;12.50;0;0;0;0;0;0;0;0;1800;1800
OutputStation0;35.50;3.50;238;170;31;31.585790627876108;339.52924973965384;4.106940847982287;77.80823234899708;7.67741935483871;887.6309182993516;1800
OutputStation1;35.50;9.50;238;176;34;28.58315062464341;245.97201386297618;4.04444444444448;81.90722222222348;7;892.7202885671813;1800
OutputStation2;0.50;6.50;274;211;31;36.16214146104611;378.80275250236645;8.242777777777519;78.591298693937;8.838709677419354;748.3863058868601;1800
