Ident;X;Y;Transfers;InjectedTransfers;PodsHandled;PodHandlingTimeAvg;PodHandlingTimeVar;PodHandlingTimeMin;PodHandlingTimeMax;PileOn;IdleTime;UpTime
InputStation0;0.50;12.50;0;0;0;0;0;0;0;0;1800;1800
OutputStation0;35.50;3.50;271;207;31;35.79826304092412;404.01130112042785;4.044444444444423;70.8306493469687;8.741935483870968;762.2982323489791;1800
OutputStation1;35.50;9.50;255;180;33;31.521252347443227;368.5974212679296;4.04444444444448;77.7361183040332;7.7272727272727275;822.2219624267091;1800
OutputStation2;0.50;6.50;242;178;35;28.49379056001495;352.62724674119687;4.302496403538726;76.4484271247477;6.914285714285715;880.0858153510271;1800
