Ident;X;Y;Transfers;InjectedTransfers;PodsHandled;PodHandlingTimeAvg;PodHandlingTimeVar;PodHandlingTimeMin;PodHandlingTimeMax;PileOn;IdleTime;UpTime
InputStation0;0.50;12.50;0;0;0;0;0;0;0;0;1800;1800
OutputStation0;35.50;3.50;254;178;31;33.50921682450372;357.10365630531436;4.321666666666488;82.46887450304234;8.193548387096774;827.6342784403836;1800
OutputStation1;35.50;9.50;261;189;32;33.56561056987055;467.7976282886636;4.2372222222227265;82.90333333333331;8.15625;798.2935496878459;1800
OutputStation2;0.50;6.50;271;196;29;38.45313230792406;643.6332965738526;4.118333333333453;79.380649346969;9.344827586206897;760.9443072120757;1800
