Ident;X;Y;Transfers;InjectedTransfers;PodsHandled;PodHandlingTimeAvg;PodHandlingTimeVar;PodHandlingTimeMin;PodHandlingTimeMax;PileOn;IdleTime;UpTime
InputStation0;0.50;12.50;0;0;0;0;0;0;0;0;1800;1800
OutputStation0;35.50;3.50;259;190;30;35.421089705976314;492.8584783609811;4.04444444444448;82.84842712474631;8.633333333333333;806.2986434792699;1800
OutputStation1;35.50;9.50;240;176;32;30.27481827028066;349.21074622694357;4.04444444444448;72.99000000000012;7.5;877.0070490252394;1800
OutputStation2;0.50;6.50;265;196;31;35.21161685687441;534.7616312911547;4.04444444444448;83.56203463939624;8.548387096774194;784.3964281665686;1800
