Ident;X;Y;Transfers;InjectedTransfers;PodsHandled;PodHandlingTimeAvg;PodHandlingTimeVar;PodHandlingTimeMin;PodHandlingTimeMax;PileOn;IdleTime;UpTime
InputStation0;0.50;12.50;0;0;0;0;0;0;0;0;1800;1800
OutputStation0;35.50;3.50;228;162;34;27.367052883274525;396.6696169970198;4.04444444444448;76.24731601363521;6.705882352941177;926.0293865692037;1800
OutputStation1;35.50;9.50;260;191;31;33.35475841256079;371.0993577215055;4.085461764142792;76.82166666666626;8.387096774193548;802.171385640673;1800
OutputStation2;0.50;6.50;297;231;28;43.173799474729826;458.6803387016205;4.04444444444448;79.87888888888881;10.607142857142858;662.2142061628972;1800
