Ident;X;Y;Transfers;InjectedTransfers;PodsHandled;PodHandlingTimeAvg;PodHandlingTimeVar;PodHandlingTimeMin;PodHandlingTimeMax;PileOn;IdleTime;UpTime
InputStation0;0.50;12.50;0;0;0;0;0;0;0;0;1800;1800
OutputStation0;35.50;3.50;220;155;36;25.03652477285395;150.53850098399874;4.04444444444448;59.03722222222211;6.111111111111111;958.9236293768391;1800
OutputStation1;35.50;9.50;247;181;36;28.20566598576062;185.76701989577327;4.115461764142651;53.8160173196984;6.861111111111111;854.3327490060888;1800
OutputStation2;0.50;6.50;229;163;34;27.38986673403127;348.7517009512525;4.108888888888487;81.61740980504828;6.735294117647059;924.8977127580463;1800
