Ident;X;Y;Transfers;InjectedTransfers;PodsHandled;PodHandlingTimeAvg;PodHandlingTimeVar;PodHandlingTimeMin;PodHandlingTimeMax;PileOn;IdleTime;UpTime
InputStation0;0.50;12.50;0;0;0;0;0;0;0;0;1800;1800
OutputStation0;35.50;3.50;274;202;32;34.871643668370815;401.84896961470315;4.106666666666662;71.450093791413;8.5625;748.3016232256974;1800
OutputStation1;35.50;9.50;241;180;32;30.701704095091976;410.2394958432208;4.04444444444448;72.11166666666713;7.53125;876.4959741621665;1800
OutputStation2;0.50;6.50;244;187;33;30.617232936976727;284.8642425831217;4.282777777778165;66.99638529242566;7.393939393939394;863.3390477000862;1800
