Ident;X;Y;Transfers;InjectedTransfers;PodsHandled;PodHandlingTimeAvg;PodHandlingTimeVar;PodHandlingTimeMin;PodHandlingTimeMax;PileOn;IdleTime;UpTime
InputStation0;0.50;12.50;0;0;0;0;0;0;0;0;1800;1800
OutputStation0;35.50;3.50;240;179;34;28.96320049047775;508.95155099297375;4.04444444444448;80.58546895706536;7.0588235294117645;875.4642928262308;1800
OutputStation1;35.50;9.50;241;180;35;28.52715316513733;392.1825889600097;4.044444444444444;80.2183333333328;6.885714285714286;874.7480303803179;1800
OutputStation2;0.50;6.50;247;190;32;31.5390827920928;466.436051541059;4.04444444444448;81.83268398636494;7.71875;850.9836000382884;1800
