Ident;X;Y;Transfers;InjectedTransfers;PodsHandled;PodHandlingTimeAvg;PodHandlingTimeVar;PodHandlingTimeMin;PodHandlingTimeMax;PileOn;IdleTime;UpTime
InputStation0;0.50;12.50;0;0;0;0;0;0;0;0;1800;1800
OutputStation0;35.50;3.50;283;223;29;40.01418271358404;571.6404448493328;4.044444444444451;78.56453823585753;9.758620689655173;714.9010922727812;1800
OutputStation1;35.50;9.50;219;163;33;27.505605842638637;284.11541311804814;4.126204902523796;58.97731601363557;6.636363636363637;959.1671119846374;1800
OutputStation2;0.50;6.50;181;119;36;20.75124980019663;115.77760381334;4.04444444444448;52.72833333333415;5.027777777777778;1106.0958441227103;1800
