Ident;X;Y;Transfers;InjectedTransfers;PodsHandled;PodHandlingTimeAvg;PodHandlingTimeVar;PodHandlingTimeMin;PodHandlingTimeMax;PileOn;IdleTime;UpTime
InputStation0;0.50;12.50;0;0;0;0;0;0;0;0;1800;1800
OutputStation0;35.50;3.50;247;182;34;29.648725913309185;306.8308562378421;4.08055555555552;75.94444444444423;7.264705882352941;852.9401225631182;1800
OutputStation1;35.50;9.50;260;197;34;31.53008424636102;550.3646688572527;4.04444444444448;76.82944444444422;7.647058823529412;805.9702741813373;1800
OutputStation2;0.50;6.50;239;165;33;29.631035462519172;365.3252413991745;4.04444444444448;74.01388888888914;7.242424242424242;885.2865656823191;1800
