Ident;X;Y;Transfers;InjectedTransfers;PodsHandled;PodHandlingTimeAvg;PodHandlingTimeVar;PodHandlingTimeMin;PodHandlingTimeMax;PileOn;IdleTime;UpTime
InputStation0;0.50;12.50;0;0;0;0;0;0;0;0;1800;1800
OutputStation0;35.50;3.50;244;176;32;31.23897366257822;523.7562133083698;4.144444444443934;77.05417026312796;7.625;868.814617641405;1800
OutputStation1;35.50;9.50;267;201;31;35.22630893981696;468.3839536648437;4.272402612125461;81.7633333333334;8.612903225806452;776.9411401661933;1800
OutputStation2;0.50;6.50;228;163;32;28.156444127982937;397.41638990928874;4.04444444444448;83.56759019495257;7.125;927.3650650197112;1800
