Ident;X;Y;Transfers;InjectedTransfers;PodsHandled;PodHandlingTimeAvg;PodHandlingTimeVar;PodHandlingTimeMin;PodHandlingTimeMax;PileOn;IdleTime;UpTime
InputStation0;0.50;12.50;0;0;0;0;0;0;0;0;1800;1800
OutputStation0;35.50;3.50;253;205;33;31.076380907315304;290.69166091493815;4.062777777777455;61.75065653989259;7.666666666666667;834.2332467348303;1800
OutputStation1;35.50;9.50;247;195;34;29.61077688423893;461.34050456221513;4.094906208586053;83.44453823585832;7.264705882352941;853.3678137423941;1800
OutputStation2;0.50;6.50;227;162;34;27.389725827019596;423.29766198848415;4.04444444444448;67.1450937914129;6.676470588235294;928.9365078555238;1800
