Ident;X;Y;Transfers;InjectedTransfers;PodsHandled;PodHandlingTimeAvg;PodHandlingTimeVar;PodHandlingTimeMin;PodHandlingTimeMax;PileOn;IdleTime;UpTime
InputStation0;0.50;12.50;0;0;0;0;0;0;0;0;1800;1800
OutputStation0;35.50;3.50;213;155;34;24.381359179277503;227.21015582350816;4.04444444444448;50.10000000000011;6.264705882352941;982.8092858887297;1800
OutputStation1;35.50;9.50;264;200;31;34.73963296453246;284.68897671690524;4.406666666666524;71.44453823585718;8.516129032258064;788.8049637518707;1800
OutputStation2;0.50;6.50;219;151;34;26.329422587433676;334.50709086702625;4.096572875253969;67.25620490252595;6.4411764705882355;960.4129293959005;1800
