Ident;X;Y;Transfers;InjectedTransfers;PodsHandled;PodHandlingTimeAvg;PodHandlingTimeVar;PodHandlingTimeMin;PodHandlingTimeMax;PileOn;IdleTime;UpTime
InputStation0;0.50;12.50;0;0;0;0;0;0;0;0;1800;1800
OutputStation0;35.50;3.50;275;198;29;39.00482648717333;503.50999910892085;8.16111111111104;79.27000000000032;9.482758620689655;746.0374581035534;1800
OutputStation1;35.50;9.50;265;196;32;33.50791984633083;471.2752857572928;4.078842375640988;80.66666666666677;8.28125;786.6048445165869;1800
OutputStation2;0.50;6.50;290;220;29;40.6248897002839;531.9853441963826;4.04444444444448;81.99250359646135;10;684.8679614744108;1800
