Ident;X;Y;Transfers;InjectedTransfers;PodsHandled;PodHandlingTimeAvg;PodHandlingTimeVar;PodHandlingTimeMin;PodHandlingTimeMax;PileOn;IdleTime;UpTime
InputStation0;0.50;12.50;0;0;0;0;0;0;0;0;1800;1800
OutputStation0;35.50;3.50;286;212;32;36.603469516019494;514.1912808551851;4.04444444444448;73.22342712474688;8.9375;705.4809448236529;1800
OutputStation1;35.50;9.50;248;181;33;30.971500504759934;294.9682851077641;4.0677777777775646;73.53166666666698;7.515151515151516;851.3905339767749;1800
OutputStation2;0.50;6.50;278;219;29;39.35757949049138;611.7247381553454;4.04444444444448;83.95000719292489;9.586206896551724;737.6449925236798;1800
