Ident;X;Y;Transfers;InjectedTransfers;PodsHandled;PodHandlingTimeAvg;PodHandlingTimeVar;PodHandlingTimeMin;PodHandlingTimeMax;PileOn;IdleTime;UpTime
InputStation0;0.50;12.50;0;0;0;0;0;0;0;0;1800;1800
OutputStation0;35.50;3.50;250;187;33;31.349320914998668;478.00175683535605;4.044444444444423;75.30888888888894;7.575757575757576;843.6471428166759;1800
OutputStation1;35.50;9.50;256;195;30;35.070070707929546;612.5829024474777;4.4050000000004275;79.9322222222223;8.533333333333333;817.1682539277565;1800
OutputStation2;0.50;6.50;260;192;32;33.69031858674242;447.47509317661536;4.235555555555493;80.87787156919148;8.125;803.8197114328509;1800
