Ident;X;Y;Transfers;InjectedTransfers;PodsHandled;PodHandlingTimeAvg;PodHandlingTimeVar;PodHandlingTimeMin;PodHandlingTimeMax;PileOn;IdleTime;UpTime
InputStation0;0.50;12.50;0;0;0;0;0;0;0;0;1800;1800
OutputStation0;35.50;3.50;224;162;36;25.560218854503315;312.69623287811226;4.04444444444448;71.47823954192057;6.222222222222222;942.3955843272886;1800
OutputStation1;35.50;9.50;233;167;35;27.463119150375174;350.28257138623854;4.044444444444423;83.64768398636556;6.6571428571428575;903.3395094641426;1800
OutputStation2;0.50;6.50;257;185;33;31.570036076263023;326.4620969610137;4.404069278789393;67.45666666666705;7.787878787878788;815.9175035964696;1800
