Ident;X;Y;Transfers;InjectedTransfers;PodsHandled;PodHandlingTimeAvg;PodHandlingTimeVar;PodHandlingTimeMin;PodHandlingTimeMax;PileOn;IdleTime;UpTime
InputStation0;0.50;12.50;0;0;0;0;0;0;0;0;1800;1800
OutputStation0;35.50;3.50;262;196;33;32.397623202494856;453.8452934630557;4.04444444444448;75.86333333333357;7.9393939393939394;795.3275323681644;1800
OutputStation1;35.50;9.50;253;189;34;30.385293906090315;366.8008103430062;4.04444444444448;80.5344444444429;7.4411764705882355;829.3791918418892;1800
OutputStation2;0.50;6.50;224;163;34;27.161418598499907;356.65012356896216;4.099444444444316;83.59379509747441;6.588235294117647;941.1410967252555;1800
