Ident;X;Y;Transfers;InjectedTransfers;PodsHandled;PodHandlingTimeAvg;PodHandlingTimeVar;PodHandlingTimeMin;PodHandlingTimeMax;PileOn;IdleTime;UpTime
InputStation0;0.50;12.50;0;0;0;0;0;0;0;0;1800;1800
OutputStation0;35.50;3.50;260;204;32;33.28265647477896;291.9633986726204;4.076666666667052;71.11444444444476;8.125;800.1466738595756;1800
OutputStation1;35.50;9.50;236;179;35;27.79612986939361;448.7575930277642;4.04444444444448;75.1440764717147;6.742857142857143;895.853686920216;1800
OutputStation2;0.50;6.50;232;173;33;28.357982640143888;460.7024424531256;4.04444444444448;71.49287156919081;7.03030303030303;913.8251081772478;1800
