Ident;X;Y;Transfers;InjectedTransfers;PodsHandled;PodHandlingTimeAvg;PodHandlingTimeVar;PodHandlingTimeMin;PodHandlingTimeMax;PileOn;IdleTime;UpTime
InputStation0;0.50;12.50;0;0;0;0;0;0;0;0;1800;1800
OutputStation0;35.50;3.50;247;176;31;32.20221995924394;484.27144401802275;4.16944444444448;75.72888888888906;7.967741935483871;854.4979291125771;1800
OutputStation1;35.50;9.50;287;220;29;40.61639224709152;395.50214453998507;8.104538235857376;75.64888888888885;9.89655172413793;702.0394187450502;1800
OutputStation2;0.50;6.50;285;224;29;40.04993332223956;458.98782968859683;4.04444444444448;76.2450937914129;9.827586206896552;706.6758441227207;1800
