Ident;X;Y;Transfers;InjectedTransfers;PodsHandled;PodHandlingTimeAvg;PodHandlingTimeVar;PodHandlingTimeMin;PodHandlingTimeMax;PileOn;IdleTime;UpTime
InputStation0;0.50;12.50;0;0;0;0;0;0;0;0;1800;1800
OutputStation0;35.50;3.50;248;180;33;30.700067558034778;433.9515376135136;4.04444444444448;77.22370849898488;7.515151515151516;847.4165153318886;1800
OutputStation1;35.50;9.50;258;195;32;33.404085947853005;513.2159255780651;4.1983333333333235;84.95787156919096;8.0625;811.9701516182101;1800
OutputStation2;0.50;6.50;260;192;30;35.29676551202031;443.51139127424045;4.336111111111222;83.95073594545966;8.666666666666666;806.7599928070828;1800
