Ident;X;Y;Transfers;InjectedTransfers;PodsHandled;PodHandlingTimeAvg;PodHandlingTimeVar;PodHandlingTimeMin;PodHandlingTimeMax;PileOn;IdleTime;UpTime
InputStation0;0.50;12.50;0;0;0;0;0;0;0;0;1800;1800
OutputStation0;35.50;3.50;237;161;36;26.90045775232874;346.6055929842366;4.04444444444448;71.06333333333328;6.583333333333333;894.3102501154062;1800
OutputStation1;35.50;9.50;310;259;28;45.38720745017257;488.7746281262225;4.070555555555302;81.97202744647501;11.071428571428571;611.5477871744134;1800
OutputStation2;0.50;6.50;255;188;31;33.53788251115985;417.8860164531058;4.366111111110968;68.3605555555555;8.225806451612904;820.2939660907537;1800
