Ident;X;Y;Transfers;InjectedTransfers;PodsHandled;PodHandlingTimeAvg;PodHandlingTimeVar;PodHandlingTimeMin;PodHandlingTimeMax;PileOn;IdleTime;UpTime
InputStation0;0.50;12.50;0;0;0;0;0;0;0;0;1800;1800
OutputStation0;35.50;3.50;209;146;35;24.80259802060578;291.5236880416196;4.070555555555643;68.69185424949205;5.9714285714285715;997.8845816767894;1800
OutputStation1;35.50;9.50;220;163;36;24.922431654474344;333.32042959883216;4.044444444444451;75.88333333333355;6.111111111111111;957.15085131567;1800
OutputStation2;0.50;6.50;244;186;32;30.752298427745842;448.0348758980189;4.314906208587672;71.40231601363502;7.625;866.4836725343632;1800
