Ident;X;Y;Transfers;InjectedTransfers;PodsHandled;PodHandlingTimeAvg;PodHandlingTimeVar;PodHandlingTimeMin;PodHandlingTimeMax;PileOn;IdleTime;UpTime
InputStation0;0.50;12.50;0;0;0;0;0;0;0;0;1800;1800
OutputStation0;35.50;3.50;232;169;33;29.091364290265787;422.01176973782276;4.070555555555643;70.18009379141404;7.03030303030303;913.0850863151013;1800
OutputStation1;35.50;9.50;274;208;33;33.8932296990356;369.5573960046929;4.04444444444448;76.12036797272972;8.303030303030303;748.2245888697198;1800
OutputStation2;0.50;6.50;234;173;32;29.943518893149932;469.2371851094675;4.04444444444448;84.28009379141349;7.3125;903.1746392201878;1800
