Ident;X;Y;Transfers;InjectedTransfers;PodsHandled;PodHandlingTimeAvg;PodHandlingTimeVar;PodHandlingTimeMin;PodHandlingTimeMax;PileOn;IdleTime;UpTime
InputStation0;0.50;12.50;0;0;0;0;0;0;0;0;1800;1800
OutputStation0;35.50;3.50;276;209;31;36.34015221373431;450.8361782729778;4.04444444444448;73.60740980504818;8.903225806451612;749.9155555555702;1800
OutputStation1;35.50;9.50;254;199;32;32.71532737968738;474.66719557937046;4.04444444444448;80.58462483434863;7.9375;828.7111617449789;1800
OutputStation2;0.50;6.50;263;203;30;35.721491340151175;329.2381711969905;12.167128430809157;67.14944444444446;8.766666666666667;786.9109160519805;1800
