Ident;X;Y;Transfers;InjectedTransfers;PodsHandled;PodHandlingTimeAvg;PodHandlingTimeVar;PodHandlingTimeMin;PodHandlingTimeMax;PileOn;IdleTime;UpTime
InputStation0;0.50;12.50;0;0;0;0;0;0;0;0;1800;1800
OutputStation0;35.50;3.50;258;201;34;31.322116118850122;359.97784018738054;4.070555555555551;71.13166666666712;7.588235294117647;816.9425536914523;1800
OutputStation1;35.50;9.50;225;168;37;25.016471277067957;272.5894392878333;4.04444444444448;74.71193365506241;6.081081081081081;939.5003676893131;1800
OutputStation2;0.50;6.50;230;177;32;29.38617784935264;460.788189043631;4.153888888888787;80.65352091615978;7.1875;918.4160029618404;1800
