Ident;X;Y;Transfers;InjectedTransfers;PodsHandled;PodHandlingTimeAvg;PodHandlingTimeVar;PodHandlingTimeMin;PodHandlingTimeMax;PileOn;IdleTime;UpTime
InputStation0;0.50;12.50;0;0;0;0;0;0;0;0;1800;1800
OutputStation0;35.50;3.50;247;175;34;30.017257660531627;379.13370343806275;4.098333333333585;80.30120490252403;7.264705882352941;858.9102163544951;1800
OutputStation1;35.50;9.50;258;194;32;32.67098372136999;391.616566367395;4.04444444444448;82.76509379141407;8.0625;810.4603607798049;1800
OutputStation2;0.50;6.50;280;220;31;36.91116441049262;444.4109043906059;4.04444444444448;81.67194084798439;9.03225806451613;725.5565153318655;1800
