Ident;X;Y;Transfers;InjectedTransfers;PodsHandled;PodHandlingTimeAvg;PodHandlingTimeVar;PodHandlingTimeMin;PodHandlingTimeMax;PileOn;IdleTime;UpTime
InputStation0;0.50;12.50;0;0;0;0;0;0;0;0;1800;1800
OutputStation0;35.50;3.50;252;183;33;31.144551138873695;503.7270923396147;4.04444444444448;74.83879509747601;7.636363636363637;841.0524748247644;1800
OutputStation1;35.50;9.50;288;222;31;38.121661079667355;387.16557757955866;4.078427124746213;78.30898268030217;9.290322580645162;697.5041196292539;1800
OutputStation2;0.50;6.50;280;211;30;38.55782443372033;400.49271283626797;4.04444444444448;82.28981241717565;9.333333333333334;726.3872725726897;1800
