Ident;X;Y;Transfers;InjectedTransfers;PodsHandled;PodHandlingTimeAvg;PodHandlingTimeVar;PodHandlingTimeMin;PodHandlingTimeMax;PileOn;IdleTime;UpTime
InputStation0;0.50;12.50;0;0;0;0;0;0;0;0;1800;1800
OutputStation0;35.50;3.50;240;173;35;28.357222222222344;384.63469143252763;4.04444444444448;76.32222222222276;6.857142857142857;879.7515656822526;1800
OutputStation1;35.50;9.50;290;226;31;38.504050411241266;538.8589038968705;4.196111111111122;81.53277058485673;9.35483870967742;685.9725539468909;1800
OutputStation2;0.50;6.50;239;172;34;28.87035693010946;447.3000793929072;4.04444444444448;85.13388888888915;7.029411764705882;881.1292568615992;1800
