Ident;X;Y;Transfers;InjectedTransfers;PodsHandled;PodHandlingTimeAvg;PodHandlingTimeVar;PodHandlingTimeMin;PodHandlingTimeMax;PileOn;IdleTime;UpTime
InputStation0;0.50;12.50;0;0;0;0;0;0;0;0;1800;1800
OutputStation0;35.50;3.50;249;186;33;31.15118152707776;396.77228206755404;4.17212843080938;80.69194804090527;7.545454545454546;849.325512114603;1800
OutputStation1;35.50;9.50;257;191;30;35.23683478926265;544.773715195765;4.04444444444448;83.79148627676386;8.566666666666666;815.3322810896955;1800
OutputStation2;0.50;6.50;231;165;33;28.70653636305567;289.7625198601511;4.04444444444448;72.04277777777747;7;915.8488323861528;1800
