Ident;X;Y;Transfers;InjectedTransfers;PodsHandled;PodHandlingTimeAvg;PodHandlingTimeVar;PodHandlingTimeMin;PodHandlingTimeMax;PileOn;IdleTime;UpTime
InputStation0;0.50;12.50;0;0;0;0;0;0;0;0;1800;1800
OutputStation0;35.50;3.50;271;205;31;35.22389493994781;329.60774011089825;8.154444444444152;68.8822222222226;8.741935483870968;761.2559451070423;1800
OutputStation1;35.50;9.50;250;190;33;30.93701211146274;547.1657120931295;4.04444444444448;83.48852091615879;7.575757575757576;843.518131364661;1800
OutputStation2;0.50;6.50;221;154;34;26.476895636393134;281.32795170866865;4.054812417173707;72.48943725151935;6.5;953.376370906578;1800
