Ident;X;Y;Transfers;InjectedTransfers;PodsHandled;PodHandlingTimeAvg;PodHandlingTimeVar;PodHandlingTimeMin;PodHandlingTimeMax;PileOn;IdleTime;UpTime
InputStation0;0.50;12.50;0;0;0;0;0;0;0;0;1800;1800
OutputStation0;35.50;3.50;267;207;30;36.364502886616734;397.004325535952;4.04444444444448;69.53323954192865;8.9;775.8293434600598;1800
OutputStation1;35.50;9.50;235;182;33;28.985881105203667;354.4535496056646;4.04444444444448;79.82277777777847;7.121212121212121;898.2933911601049;1800
OutputStation2;0.50;6.50;223;167;33;27.483636363636645;433.0975130686272;4.04444444444448;77.64981241718988;6.757575757575758;944.0174801914445;1800
