Ident;X;Y;Transfers;InjectedTransfers;PodsHandled;PodHandlingTimeAvg;PodHandlingTimeVar;PodHandlingTimeMin;PodHandlingTimeMax;PileOn;IdleTime;UpTime
InputStation0;0.50;12.50;0;0;0;0;0;0;0;0;1800;1800
OutputStation0;35.50;3.50;249;181;34;30.103605382412557;346.8864793489771;4.04444444444448;74.36176045807963;7.323529411764706;845.5146395036111;1800
OutputStation1;35.50;9.50;205;149;36;22.927674963720328;197.23577568866122;4.07722222222219;54.96852091615908;5.694444444444445;1013.7710532843082;1800
OutputStation2;0.50;6.50;227;170;34;27.49690051886566;346.97881345755724;4.04444444444448;71.5645382358573;6.676470588235294;929.68074313837;1800
