Ident;X;Y;Transfers;InjectedTransfers;PodsHandled;PodHandlingTimeAvg;PodHandlingTimeVar;PodHandlingTimeMin;PodHandlingTimeMax;PileOn;IdleTime;UpTime
InputStation0;0.50;12.50;0;0;0;0;0;0;0;0;1800;1800
OutputStation0;35.50;3.50;248;191;32;31.982487826515808;348.74886694060535;4.125;75.12000000000018;7.75;846.951955233826;1800
OutputStation1;35.50;9.50;244;180;35;28.57081756307363;324.6292191103194;4.33888888888896;79.14074313838182;6.9714285714285715;864.5509957409399;1800
OutputStation2;0.50;6.50;219;148;35;25.191503193534768;238.26739765319186;4.04444444444448;68.66277777777742;6.257142857142857;963.0399712282995;1800
