Ident;X;Y;Transfers;InjectedTransfers;PodsHandled;PodHandlingTimeAvg;PodHandlingTimeVar;PodHandlingTimeMin;PodHandlingTimeMax;PileOn;IdleTime;UpTime
InputStation0;0.50;12.50;0;0;0;0;0;0;0;0;1800;1800
OutputStation0;35.50;3.50;254;193;32;32.51246189723863;489.82630108851333;4.170000000000073;74.10333333333347;7.9375;822.2521212379183;1800
OutputStation1;35.50;9.50;281;219;31;37.24034329529194;318.3666104647071;12.121204902523914;75.35472581868328;9.064516129032258;724.5467748439314;1800
OutputStation2;0.50;6.50;228;163;33;28.3195959595961;337.7447159628194;4.04444444444448;71.65666666666812;6.909090909090909;925.9076983722196;1800
