Ident;X;Y;Transfers;InjectedTransfers;PodsHandled;PodHandlingTimeAvg;PodHandlingTimeVar;PodHandlingTimeMin;PodHandlingTimeMax;PileOn;IdleTime;UpTime
InputStation0;0.50;12.50;0;0;0;0;0;0;0;0;1800;1800
OutputStation0;35.50;3.50;261;202;31;34.593043569452604;578.1094311840268;4.04444444444448;84.36731601363567;8.419354838709678;800.8323954192109;1800
OutputStation1;35.50;9.50;291;226;30;40.13685521799649;463.072275043101;4.36055555555572;79.21833333333348;9.7;683.7646607989578;1800
OutputStation2;0.50;6.50;287;217;28;42.175006185606286;521.8232344570692;4.070555555555302;79.35453823585794;10.25;696.970497728742;1800
