Ident;X;Y;Transfers;InjectedTransfers;PodsHandled;PodHandlingTimeAvg;PodHandlingTimeVar;PodHandlingTimeMin;PodHandlingTimeMax;PileOn;IdleTime;UpTime
InputStation0;0.50;12.50;0;0;0;0;0;0;0;0;1800;1800
OutputStation0;35.50;3.50;213;148;35;24.71457060652322;263.07029584758146;4.054069278794941;67.51759738787473;6.085714285714285;984.6010463748038;1800
OutputStation1;35.50;9.50;272;209;33;33.67870632790073;479.1994943347831;8.062777777778138;81.9373160136355;8.242424242424242;756.007554230359;1800
OutputStation2;0.50;6.50;234;173;32;29.46268511025879;265.1783637160878;4.136760458079607;71.6872222222226;7.3125;903.7311833237625;1800
