Ident;X;Y;Transfers;InjectedTransfers;PodsHandled;PodHandlingTimeAvg;PodHandlingTimeVar;PodHandlingTimeMin;PodHandlingTimeMax;PileOn;IdleTime;UpTime
InputStation0;0.50;12.50;0;0;0;0;0;0;0;0;1800;1800
OutputStation0;35.50;3.50;231;169;32;29.371597447001164;491.33689922301886;4.044444444444423;77.01731601363622;7.21875;913.8290258378393;1800
OutputStation1;35.50;9.50;275;209;32;34.63727159935285;579.0522707244137;4.04444444444448;79.01296536060408;8.59375;748.234552338291;1800
OutputStation2;0.50;6.50;236;164;34;27.80724917326227;390.9065381108903;4.051760458080025;72.23333333333358;6.9411764705882355;897.2748270864402;1800
