Ident;X;Y;Transfers;InjectedTransfers;PodsHandled;PodHandlingTimeAvg;PodHandlingTimeVar;PodHandlingTimeMin;PodHandlingTimeMax;PileOn;IdleTime;UpTime
InputStation0;0.50;12.50;0;0;0;0;0;0;0;0;1800;1800
OutputStation0;35.50;3.50;242;180;32;30.374433619633187;429.89516796250894;4.148888888888678;71.07287156919068;7.5625;874.4124098050459;1800
OutputStation1;35.50;9.50;256;186;34;30.98435743951266;294.1239684826846;8.04444444444448;79.68870849898508;7.529411764705882;818.2113058868556;1800
OutputStation2;0.50;6.50;229;160;35;26.7275897758298;263.9376381346884;4.04444444444448;58.18111111111125;6.542857142857143;923.3416088398674;1800
