Ident;X;Y;Transfers;InjectedTransfers;PodsHandled;PodHandlingTimeAvg;PodHandlingTimeVar;PodHandlingTimeMin;PodHandlingTimeMax;PileOn;IdleTime;UpTime
InputStation0;0.50;12.50;0;0;0;0;0;0;0;0;1800;1800
OutputStation0;35.50;3.50;261;193;30;35.91392881254241;282.7600532606027;16.160555555555447;76.56342712474634;8.7;800.8740836646282;1800
OutputStation1;35.50;9.50;248;181;37;27.65152880222524;218.592804931613;4.04444444444448;59.953795097476245;6.702702702702703;845.3164212570437;1800
OutputStation2;0.50;6.50;289;223;32;36.790000224779185;332.5103126310749;4.0716666666666015;71.29111111111149;9.03125;697.1330375732634;1800
