Ident;X;Y;Transfers;InjectedTransfers;PodsHandled;PodHandlingTimeAvg;PodHandlingTimeVar;PodHandlingTimeMin;PodHandlingTimeMax;PileOn;IdleTime;UpTime
InputStation0;0.50;12.50;0;0;0;0;0;0;0;0;1800;1800
OutputStation0;35.50;3.50;196;133;34;23.340489984521774;267.5378167378551;4.04444444444448;67.88840554597482;5.764705882352941;1048.939595779243;1800
OutputStation1;35.50;9.50;252;189;35;29.45186023363614;290.9476987621167;4.152222222222008;68.94898268030238;7.2;835.529848381786;1800
OutputStation2;0.50;6.50;194;135;34;22.694335159388288;285.3295370619428;4.166572875253905;66.92740980504891;5.705882352941177;1058.397727427313;1800
