Ident;X;Y;Transfers;InjectedTransfers;PodsHandled;PodHandlingTimeAvg;PodHandlingTimeVar;PodHandlingTimeMin;PodHandlingTimeMax;PileOn;IdleTime;UpTime
InputStation0;0.50;12.50;0;0;0;0;0;0;0;0;1800;1800
OutputStation0;35.50;3.50;274;197;31;36.266090164434864;405.33671436270447;8.132777777777846;74.2510173196988;8.838709677419354;750.7787013060591;1800
OutputStation1;35.50;9.50;239;173;33;28.72129104790307;349.78155814133794;4.101666666666645;82.61637090658394;7.242424242424242;883.4951516181941;1800
OutputStation2;0.50;6.50;261;201;31;34.10347367697969;495.69069988748873;4.04444444444448;80.1930447661723;8.419354838709678;799.400418606604;1800
