Ident;X;Y;Transfers;InjectedTransfers;PodsHandled;PodHandlingTimeAvg;PodHandlingTimeVar;PodHandlingTimeMin;PodHandlingTimeMax;PileOn;IdleTime;UpTime
InputStation0;0.50;12.50;0;0;0;0;0;0;0;0;1800;1800
OutputStation0;35.50;3.50;246;195;34;29.046893732384103;339.5250748197464;4.073888888888973;84.03176045807919;7.235294117647059;862.0438379716318;1800
OutputStation1;35.50;9.50;245;183;35;28.938569159841098;263.2184008288515;4.16471862576077;63.58620490252383;7;867.4254401853714;1800
OutputStation2;0.50;6.50;244;183;35;28.448486087446497;345.90130386322306;4.04444444444448;75.41611111111092;6.9714285714285715;867.6740117353993;1800
