Ident;X;Y;Transfers;InjectedTransfers;PodsHandled;PodHandlingTimeAvg;PodHandlingTimeVar;PodHandlingTimeMin;PodHandlingTimeMax;PileOn;IdleTime;UpTime
InputStation0;0.50;12.50;0;0;0;0;0;0;0;0;1800;1800
OutputStation0;35.50;3.50;244;175;33;30.12019371167736;214.37908201710766;4.112683986364573;65.02287156919101;7.393939393939394;865.1006853115813;1800
OutputStation1;35.50;9.50;219;160;36;25.09416686647005;417.4662743536699;4.102316013636482;70.96842712474722;6.083333333333333;961.4264934696711;1800
OutputStation2;0.50;6.50;253;185;34;30.853462139942934;300.16459473602873;4.04444444444448;72.3794444444444;7.4411764705882355;833.1675251752209;1800
