Ident;X;Y;Transfers;InjectedTransfers;PodsHandled;PodHandlingTimeAvg;PodHandlingTimeVar;PodHandlingTimeMin;PodHandlingTimeMax;PileOn;IdleTime;UpTime
InputStation0;0.50;12.50;0;0;0;0;0;0;0;0;1800;1800
OutputStation0;35.50;3.50;262;194;31;34.59152632302044;416.28979854671576;4.04444444444448;84.35277777777799;8.451612903225806;799.7988382550136;1800
OutputStation1;35.50;9.50;263;201;33;32.63358082815992;372.2672255422324;4.2916666666667425;84.3527777777781;7.96969696969697;794.0312408671375;1800
OutputStation2;0.50;6.50;240;180;33;29.848265557331526;388.7412359996531;4.04444444444448;66.37944444444418;7.2727272727272725;879.750584610668;1800
