Ident;X;Y;Transfers;InjectedTransfers;PodsHandled;PodHandlingTimeAvg;PodHandlingTimeVar;PodHandlingTimeMin;PodHandlingTimeMax;PileOn;IdleTime;UpTime
InputStation0;0.50;12.50;0;0;0;0;0;0;0;0;1800;1800
OutputStation0;35.50;3.50;212;151;34;25.316484169533837;343.49463298830983;4.04444444444448;74.7537084989857;6.235294117647059;991.2215800681778;1800
OutputStation1;35.50;9.50;250;178;32;32.19660037798274;432.43598441081514;4.1866666666662695;82.57555555555598;7.8125;841.8132901758158;1800
OutputStation2;0.50;6.50;252;184;32;31.979643760053847;434.80545601583515;4.07722222222219;75.0368542494922;7.875;831.0990405070803;1800
