Ident;X;Y;Transfers;InjectedTransfers;PodsHandled;PodHandlingTimeAvg;PodHandlingTimeVar;PodHandlingTimeMin;PodHandlingTimeMax;PileOn;IdleTime;UpTime
InputStation0;0.50;12.50;0;0;0;0;0;0;0;0;1800;1800
OutputStation0;35.50;3.50;207;135;36;23.664145824130294;181.04582060757235;4.3593506530315835;58.2427777777782;5.75;1007.7152019686386;1800
OutputStation1;35.50;9.50;247;179;34;29.30482089610773;359.82785552439685;4.04444444444448;74.86000000000001;7.264705882352941;852.7280300969314;1800
OutputStation2;0.50;6.50;246;186;34;29.88863869682111;415.00244457321395;4.04444444444448;76.20712843080878;7.235294117647059;856.3644732161965;1800
