Ident;X;Y;Transfers;InjectedTransfers;PodsHandled;PodHandlingTimeAvg;PodHandlingTimeVar;PodHandlingTimeMin;PodHandlingTimeMax;PileOn;IdleTime;UpTime
InputStation0;0.50;12.50;0;0;0;0;0;0;0;0;1800;1800
OutputStation0;35.50;3.50;262;204;32;33.489540267723726;565.1992270403008;4.04444444444448;85.3506493469688;8.1875;795.6000794055572;1800
OutputStation1;35.50;9.50;293;215;31;38.56616813211136;292.14245725009295;12.537128430809162;83.06509379141403;9.451612903225806;678.5078862384191;1800
OutputStation2;0.50;6.50;250;191;31;33.37227644972271;436.7041386504195;4.154350653031315;80.49657287525378;8.064516129032258;842.8333764908674;1800
