Ident;X;Y;Transfers;InjectedTransfers;PodsHandled;PodHandlingTimeAvg;PodHandlingTimeVar;PodHandlingTimeMin;PodHandlingTimeMax;PileOn;IdleTime;UpTime
InputStation0;0.50;12.50;0;0;0;0;0;0;0;0;1800;1800
OutputStation0;35.50;3.50;273;202;31;35.84344434980406;553.0035805700311;4.171111111111486;80.47277777777788;8.806451612903226;753.3846970469817;1800
OutputStation1;35.50;9.50;245;176;35;28.47987095265463;236.25694697545734;8.185461764143156;54.85120490252331;7;863.3668254777826;1800
OutputStation2;0.50;6.50;230;171;34;27.76931563783479;287.73980294885877;4.109444444444307;72.15453823585835;6.764705882352941;919.333636286336;1800
