Ident;X;Y;Transfers;InjectedTransfers;PodsHandled;PodHandlingTimeAvg;PodHandlingTimeVar;PodHandlingTimeMin;PodHandlingTimeMax;PileOn;IdleTime;UpTime
InputStation0;0.50;12.50;0;0;0;0;0;0;0;0;1800;1800
OutputStation0;35.50;3.50;256;185;35;30.20178788026017;315.73599108587297;4.04444444444448;75.06555555555553;7.314285714285714;821.0404255160887;1800
OutputStation1;35.50;9.50;205;144;38;22.145240558105645;320.8032174804051;4.04444444444448;64.80768398636508;5.394736842105263;1015.9707284691115;1800
OutputStation2;0.50;6.50;241;182;34;28.451500297846295;273.7968864384345;4.044444444444444;81.77064934696875;7.088235294117647;879.4648990156575;1800
