Ident;X;Y;Transfers;InjectedTransfers;PodsHandled;PodHandlingTimeAvg;PodHandlingTimeVar;PodHandlingTimeMin;PodHandlingTimeMax;PileOn;IdleTime;UpTime
InputStation0;0.50;12.50;0;0;0;0;0;0;0;0;1800;1800
OutputStation0;35.50;3.50;238;173;32;30.30205492263234;380.99965350892364;4.116666666666561;73.42722222222227;7.4375;886.8479075338344;1800
OutputStation1;35.50;9.50;270;208;32;34.44440363548;442.0166608127013;4.283888888888896;80.48999999999921;8.4375;766.0765006626103;1800
OutputStation2;0.50;6.50;258;191;32;33.1003758577023;473.12937699941546;4.04444444444448;81.15120490252434;8.0625;814.2009885480359;1800
