Ident;X;Y;Transfers;InjectedTransfers;PodsHandled;PodHandlingTimeAvg;PodHandlingTimeVar;PodHandlingTimeMin;PodHandlingTimeMax;PileOn;IdleTime;UpTime
InputStation0;0.50;12.50;0;0;0;0;0;0;0;0;1800;1800
OutputStation0;35.50;3.50;172;140;15;118.28586435737368;3243.52406757283;11.85777777777821;206.72907647171468;11.466666666666667;110.86758300200637;1800
OutputStation1;35.50;9.50;174;143;16;102.5545436482632;2367.884552688456;22.219444444444548;197.4233333333333;10.875;100.48771995095868;1800
OutputStation2;0.50;6.50;172;145;12;143.58065596409963;3886.0350091611153;22.209444444444784;207.99407647171586;14.333333333333334;117.79685424949503;1800
