Ident;X;Y;Transfers;InjectedTransfers;PodsHandled;PodHandlingTimeAvg;PodHandlingTimeVar;PodHandlingTimeMin;PodHandlingTimeMax;PileOn;IdleTime;UpTime
InputStation0;0.50;12.50;0;0;0;0;0;0;0;0;1800;1800
OutputStation0;35.50;3.50;274;205;31;34.68623609507998;592.1974682586126;4.04444444444448;80.93064934696872;8.838709677419354;751.2079219196796;1800
OutputStation1;35.50;9.50;273;201;33;33.40450588221616;427.28500012832427;4.04444444444448;82.21453823585728;8.272727272727273;754.05114016618;1800
OutputStation2;0.50;6.50;253;192;32;32.65627051687175;387.2210173075589;4.162777777777592;80.18083692979542;7.90625;832.1522797656203;1800
