Ident;X;Y;Transfers;InjectedTransfers;PodsHandled;PodHandlingTimeAvg;PodHandlingTimeVar;PodHandlingTimeMin;PodHandlingTimeMax;PileOn;IdleTime;UpTime
InputStation0;0.50;12.50;0;0;0;0;0;0;0;0;1800;1800
OutputStation0;35.50;3.50;234;171;34;27.169351710814297;369.34583920625624;4.044444444444423;76.25287156919171;6.882352941176471;903.3189901566675;1800
OutputStation1;35.50;9.50;225;167;35;26.58625190503565;255.44057559739298;4.204999999999927;83.27018758282645;6.428571428571429;935.7782973687288;1800
OutputStation2;0.50;6.50;221;164;34;26.85612193383858;422.00941187516827;4.044444444444423;79.88343431766839;6.5;950.6090330307643;1800
