Ident;X;Y;Transfers;InjectedTransfers;PodsHandled;PodHandlingTimeAvg;PodHandlingTimeVar;PodHandlingTimeMin;PodHandlingTimeMax;PileOn;IdleTime;UpTime
InputStation0;0.50;12.50;0;0;0;0;0;0;0;0;1800;1800
OutputStation0;35.50;3.50;257;187;32;33.07300865984894;291.140275160993;4.04444444444448;66.79055555555558;8.03125;813.2345600980144;1800
OutputStation1;35.50;9.50;246;190;34;29.706822212759622;486.3587316843506;4.124444444445089;81.92120490252444;7.235294117647059;856.4005121146001;1800
OutputStation2;0.50;6.50;226;154;35;26.253678207733635;289.5261452639429;4.04444444444448;80.99944444444463;6.457142857142857;936.7660892489246;1800
