Ident;X;Y;Transfers;InjectedTransfers;PodsHandled;PodHandlingTimeAvg;PodHandlingTimeVar;PodHandlingTimeMin;PodHandlingTimeMax;PileOn;IdleTime;UpTime
InputStation0;0.50;12.50;0;0;0;0;0;0;0;0;1800;1800
OutputStation0;35.50;3.50;265;198;30;36.22786411760961;625.1808898046896;4.04444444444448;83.67444444444459;8.833333333333334;779.6094228656768;1800
OutputStation1;35.50;9.50;242;182;33;30.164141632108837;420.685217828243;4.160555555555447;67.6255555555556;7.333333333333333;872.7353535868907;1800
OutputStation2;0.50;6.50;292;228;30;39.77808345321548;415.887536109798;8.495000000000118;81.1550000000002;9.733333333333333;684.9594516373619;1800
