Ident;X;Y;Transfers;InjectedTransfers;PodsHandled;PodHandlingTimeAvg;PodHandlingTimeVar;PodHandlingTimeMin;PodHandlingTimeMax;PileOn;IdleTime;UpTime
InputStation0;0.50;12.50;0;0;0;0;0;0;0;0;1800;1800
OutputStation0;35.50;3.50;261;194;31;34.04050807520346;520.8078671443068;4.105000000000246;81.14166666666699;8.419354838709678;801.2549205944365;1800
OutputStation1;35.50;9.50;236;162;35;27.814434547474313;350.7455779631627;4.04444444444448;85.11379509747587;6.742857142857143;891.6082755065303;1800
OutputStation2;0.50;6.50;249;186;31;33.2333545120397;484.1078856375941;4.04444444444448;80.31305195909465;8.03225806451613;846.0314356428701;1800
