Ident;X;Y;Transfers;InjectedTransfers;PodsHandled;PodHandlingTimeAvg;PodHandlingTimeVar;PodHandlingTimeMin;PodHandlingTimeMax;PileOn;IdleTime;UpTime
InputStation0;0.50;12.50;0;0;0;0;0;0;0;0;1800;1800
OutputStation0;35.50;3.50;231;163;34;27.425836091904355;408.3591731593388;4.04444444444448;83.80999999999972;6.794117647058823;918.6952888505696;1800
OutputStation1;35.50;9.50;253;186;33;31.177675015349536;410.7882474676524;4.04963202727015;79.73833333333391;7.666666666666667;831.4602451262019;1800
OutputStation2;0.50;6.50;275;201;31;35.960800400553964;441.7528792737912;4.268427124746495;85.47537516565126;8.870967741935484;747.3589536251981;1800
