Ident;X;Y;Transfers;InjectedTransfers;PodsHandled;PodHandlingTimeAvg;PodHandlingTimeVar;PodHandlingTimeMin;PodHandlingTimeMax;PileOn;IdleTime;UpTime
InputStation0;0.50;12.50;0;0;0;0;0;0;0;0;1800;1800
OutputStation0;35.50;3.50;255;184;34;30.919037860057234;294.7783463165248;4.106666666666342;71.11158006817641;7.5;826.0764788004126;1800
OutputStation1;35.50;9.50;234;172;36;26.783431735970083;202.07306577818503;4.044444444444444;62.35287156919185;6.5;905.6336506721583;1800
OutputStation2;0.50;6.50;229;168;34;27.596947822381;435.6054043045384;4.096666666667943;77.22083692979436;6.735294117647059;922.2044660232036;1800
