Ident;X;Y;Transfers;InjectedTransfers;PodsHandled;PodHandlingTimeAvg;PodHandlingTimeVar;PodHandlingTimeMin;PodHandlingTimeMax;PileOn;IdleTime;UpTime
InputStation0;0.50;12.50;0;0;0;0;0;0;0;0;1800;1800
OutputStation0;35.50;3.50;237;175;35;27.962327357287908;338.8200900024724;4.162683986364918;81.17120490252398;6.771428571428571;891.0987156919068;1800
OutputStation1;35.50;9.50;250;191;36;28.49991822828298;253.8237064597088;4.04444444444448;72.17601731970035;6.944444444444445;843.2741702631995;1800
OutputStation2;0.50;6.50;245;184;33;30.523931085414567;344.8968493500481;4.04444444444448;71.62666666667155;7.424242424242424;859.8402957600963;1800
