Ident;X;Y;Transfers;InjectedTransfers;PodsHandled;PodHandlingTimeAvg;PodHandlingTimeVar;PodHandlingTimeMin;PodHandlingTimeMax;PileOn;IdleTime;UpTime
InputStation0;0.50;12.50;0;0;0;0;0;0;0;0;1800;1800
OutputStation0;35.50;3.50;235;178;33;29.06129345413192;362.5611534721345;4.076854249488406;78.94953823585752;7.121212121212121;900.3418470565573;1800
OutputStation1;35.50;9.50;249;193;35;29.208340961573303;297.937617772061;4.04444444444448;81.3755555555565;7.114285714285714;846.7281023095867;1800
OutputStation2;0.50;6.50;219;146;34;26.058907775772667;221.83313253445664;4.04444444444448;71.31888888888889;6.4411764705882355;963.8837303612073;1800
