Ident;X;Y;Transfers;InjectedTransfers;PodsHandled;PodHandlingTimeAvg;PodHandlingTimeVar;PodHandlingTimeMin;PodHandlingTimeMax;PileOn;IdleTime;UpTime
InputStation0;0.50;12.50;0;0;0;0;0;0;0;0;1800;1800
OutputStation0;35.50;3.50;244;173;33;29.645937294582055;289.8818808522696;4.04444444444448;74.83453823585725;7.393939393939394;863.844913401523;1800
OutputStation1;35.50;9.50;217;163;36;24.59424362735696;358.36029917363476;4.04444444444448;70.87453823585702;6.027777777777778;967.8078931479406;1800
OutputStation2;0.50;6.50;225;171;36;25.608551388622978;287.2880234762812;4.04444444444448;63.352409805048865;6.25;934.5700362480295;1800
