Ident;X;Y;Transfers;InjectedTransfers;PodsHandled;PodHandlingTimeAvg;PodHandlingTimeVar;PodHandlingTimeMin;PodHandlingTimeMax;PileOn;IdleTime;UpTime
InputStation0;0.50;12.50;0;0;0;0;0;0;0;0;1800;1800
OutputStation0;35.50;3.50;254;191;31;33.29681026787214;504.9761222558584;4.04444444444448;82.97833333333358;8.193548387096774;827.3443578459505;1800
OutputStation1;35.50;9.50;255;191;33;31.771621845944324;321.36967336282913;8.08888888888896;74.93453823585787;7.7272727272727275;820.5893146884151;1800
OutputStation2;0.50;6.50;267;200;32;34.064453012610514;554.4512122285786;4.071666666666488;81.62222222222249;8.34375;775.5145094641837;1800
