Ident;X;Y;Transfers;InjectedTransfers;PodsHandled;PodHandlingTimeAvg;PodHandlingTimeVar;PodHandlingTimeMin;PodHandlingTimeMax;PileOn;IdleTime;UpTime
InputStation0;0.50;12.50;0;0;0;0;0;0;0;0;1800;1800
OutputStation0;35.50;3.50;246;167;32;31.872968525221058;308.72133896654424;12.109170263127169;76.25231601363521;7.6875;855.9268110919428;1800
OutputStation1;35.50;9.50;248;180;35;28.97586621777898;408.28418970028775;4.188888888888414;83.84231601363516;7.085714285714285;849.5290477000192;1800
OutputStation2;0.50;6.50;269;205;32;34.562572824983995;516.78450765725;4.16944444444448;84.0405555555559;8.40625;773.5827559155975;1800
