Ident;X;Y;Transfers;InjectedTransfers;PodsHandled;PodHandlingTimeAvg;PodHandlingTimeVar;PodHandlingTimeMin;PodHandlingTimeMax;PileOn;IdleTime;UpTime
InputStation0;0.50;12.50;0;0;0;0;0;0;0;0;1800;1800
OutputStation0;35.50;3.50;261;188;32;33.046765196148726;439.4192727077018;4.04444444444448;73.40584412271892;8.15625;802.9284196484183;1800
OutputStation1;35.50;9.50;270;213;32;34.71924174829576;247.42401089507186;4.044444444444444;76.36000000000126;8.4375;765.9796461297209;1800
OutputStation2;0.50;6.50;216;157;34;25.802330661052164;279.472169738092;4.08010098433374;71.07193365505896;6.352941176470588;971.8131889080474;1800
