Ident;X;Y;Transfers;InjectedTransfers;PodsHandled;PodHandlingTimeAvg;PodHandlingTimeVar;PodHandlingTimeMin;PodHandlingTimeMax;PileOn;IdleTime;UpTime
InputStation0;0.50;12.50;0;0;0;0;0;0;0;0;1800;1800
OutputStation0;35.50;3.50;234;171;33;28.98287900584624;309.1319038815764;4.16944444444448;74.37888888888864;7.090909090909091;904.7487516565385;1800
OutputStation1;35.50;9.50;205;147;37;22.854209079606836;179.37680398320902;4.04444444444448;46.910555555555504;5.54054054054054;1014.3517604580709;1800
OutputStation2;0.50;6.50;187;127;36;21.500432298568825;222.10060477105824;4.04444444444448;70.12277777777783;5.194444444444445;1083.901645087869;1800
