Ident;X;Y;Transfers;InjectedTransfers;PodsHandled;PodHandlingTimeAvg;PodHandlingTimeVar;PodHandlingTimeMin;PodHandlingTimeMax;PileOn;IdleTime;UpTime
InputStation0;0.50;12.50;0;0;0;0;0;0;0;0;1800;1800
OutputStation0;35.50;3.50;264;200;31;35.070272306793214;536.4700316215847;4.04444444444448;84.33509379141378;8.516129032258064;787.612481734281;1800
OutputStation1;35.50;9.50;256;188;35;30.18679056001505;393.68499852822447;4.0905555555557385;79.14267679344266;7.314285714285714;817.95268426977;1800
OutputStation2;0.50;6.50;265;193;32;33.46472447886725;476.93585173732936;4.096572875253287;79.19731601363583;8.28125;783.2103970278374;1800
