Ident;X;Y;Transfers;InjectedTransfers;PodsHandled;PodHandlingTimeAvg;PodHandlingTimeVar;PodHandlingTimeMin;PodHandlingTimeMax;PileOn;IdleTime;UpTime
InputStation0;0.50;12.50;0;0;0;0;0;0;0;0;1800;1800
OutputStation0;35.50;3.50;254;181;34;30.613079748024344;478.51626246980015;4.04444444444448;79.41629150101528;7.470588235294118;825.8377561989906;1800
OutputStation1;35.50;9.50;245;181;33;30.491155713866306;382.3486430737843;4.04444444444448;84.4650000000006;7.424242424242424;861.4403607798079;1800
OutputStation2;0.50;6.50;261;193;32;33.33625315576063;517.4816038446158;4.176111111111368;84.7749062085868;8.15625;802.2642568616126;1800
