Ident;X;Y;Transfers;InjectedTransfers;PodsHandled;PodHandlingTimeAvg;PodHandlingTimeVar;PodHandlingTimeMin;PodHandlingTimeMax;PileOn;IdleTime;UpTime
InputStation0;0.50;12.50;0;0;0;0;0;0;0;0;1800;1800
OutputStation0;35.50;3.50;195;131;37;21.435185249986272;238.8651135665359;4.04444444444448;62.82823954192099;5.27027027027027;1052.7947116882685;1800
OutputStation1;35.50;9.50;242;175;34;29.189552883274256;205.94446059366354;4.114999999999782;61.15518038990393;7.117647058823529;870.5156640162337;1800
OutputStation2;0.50;6.50;249;188;31;32.995558349055;410.62225755808095;4.063333333332821;84.35740980504761;8.03225806451613;846.6907071737539;1800
