Ident;X;Y;Transfers;InjectedTransfers;PodsHandled;PodHandlingTimeAvg;PodHandlingTimeVar;PodHandlingTimeMin;PodHandlingTimeMax;PileOn;IdleTime;UpTime
InputStation0;0.50;12.50;0;0;0;0;0;0;0;0;1800;1800
OutputStation0;35.50;3.50;219;161;34;25.841026864750326;483.70102507395865;4.046572875253787;84.06500000000017;6.4411764705882355;961.7501660040709;1800
OutputStation1;35.50;9.50;283;226;31;37.75032001917545;522.2855260003714;4.04444444444448;76.82731601363514;9.129032258064516;715.1063274656352;1800
OutputStation2;0.50;6.50;204;141;38;22.07384749743495;218.73694576847626;4.070555555555302;58.76472581868461;5.368421052631579;1016.5340405071179;1800
