Ident;X;Y;Transfers;InjectedTransfers;PodsHandled;PodHandlingTimeAvg;PodHandlingTimeVar;PodHandlingTimeMin;PodHandlingTimeMax;PileOn;IdleTime;UpTime
InputStation0;0.50;12.50;0;0;0;0;0;0;0;0;1800;1800
OutputStation0;35.50;3.50;279;191;30;38.12869576314684;596.8121965978377;4.04444444444448;79.11621209544569;9.3;731.3339533417623;1800
OutputStation1;35.50;9.50;284;211;28;41.698017938258914;771.8783779827803;4.04444444444448;86.59018758282605;10.142857142857142;717.0018249109503;1800
OutputStation2;0.50;6.50;289;208;29;41.22789794852104;676.5998633124914;4.168145750507506;85.21249640353989;9.96551724137931;701.6353328583987;1800
