Ident;X;Y;Transfers;InjectedTransfers;PodsHandled;PodHandlingTimeAvg;PodHandlingTimeVar;PodHandlingTimeMin;PodHandlingTimeMax;PileOn;IdleTime;UpTime
InputStation0;0.50;12.50;0;0;0;0;0;0;0;0;1800;1800
OutputStation0;35.50;3.50;241;178;34;29.293852392796513;389.7494697905778;4.051666666666051;77.07120490252464;7.088235294117647;876.8130522424924;1800
OutputStation1;35.50;9.50;231;173;36;26.40257815951073;371.5332559212966;4.04444444444448;75.55842712474714;6.416666666666667;913.0948483817826;1800
OutputStation2;0.50;6.50;234;163;32;30.002720057259975;403.27515918992685;4.051760458079798;70.02176045807971;7.3125;904.5740330307522;1800
