Ident;X;Y;Transfers;InjectedTransfers;PodsHandled;PodHandlingTimeAvg;PodHandlingTimeVar;PodHandlingTimeMin;PodHandlingTimeMax;PileOn;IdleTime;UpTime
InputStation0;0.50;12.50;0;0;0;0;0;0;0;0;1800;1800
OutputStation0;35.50;3.50;197;135;36;22.39836760206158;249.4522567710784;4.117409805048737;62.68204902523905;5.472222222222222;1049.5243794247244;1800
OutputStation1;35.50;9.50;221;160;38;23.676306105980938;161.33495624342427;4.04444444444448;57.65509379141291;5.815789473684211;951.6273375923811;1800
OutputStation2;0.50;6.50;240;180;35;28.3636777967093;329.58151240216074;4.044444444444451;70.66555555555647;6.857142857142857;879.8431670458547;1800
