Ident;X;Y;Transfers;InjectedTransfers;PodsHandled;PodHandlingTimeAvg;PodHandlingTimeVar;PodHandlingTimeMin;PodHandlingTimeMax;PileOn;IdleTime;UpTime
InputStation0;0.50;12.50;0;0;0;0;0;0;0;0;1800;1800
OutputStation0;35.50;3.50;249;185;31;31.69317786203993;568.9075684836969;4.044444444444423;82.79500000000004;8.03225806451613;843.0012699222141;1800
OutputStation1;35.50;9.50;242;181;35;28.213187590923802;268.0125928635187;4.076666666666597;65.2543506530314;6.914285714285715;873.9442352828327;1800
OutputStation2;0.50;6.50;272;210;28;39.70147907371851;453.29290923479044;8.83055555555552;85.0625107893818;9.714285714285714;755.0618614424127;1800
