Ident;X;Y;Transfers;InjectedTransfers;PodsHandled;PodHandlingTimeAvg;PodHandlingTimeVar;PodHandlingTimeMin;PodHandlingTimeMax;PileOn;IdleTime;UpTime
InputStation0;0.50;12.50;0;0;0;0;0;0;0;0;1800;1800
OutputStation0;35.50;3.50;216;164;33;25.92948946736622;298.3168398494406;4.04444444444448;74.51472581868302;6.545454545454546;971.9114901461993;1800
OutputStation1;35.50;9.50;226;171;35;26.66610305698024;290.7894397579218;4.04444444444448;68.52055555555671;6.457142857142857;935.7784204521547;1800
OutputStation2;0.50;6.50;209;146;34;24.958112850876333;280.3882280919083;4.05666666666707;76.53231601363541;6.147058823529412;1004.7288110443383;1800
