Ident;X;Y;Transfers;InjectedTransfers;PodsHandled;PodHandlingTimeAvg;PodHandlingTimeVar;PodHandlingTimeMin;PodHandlingTimeMax;PileOn;IdleTime;UpTime
InputStation0;0.50;12.50;0;0;0;0;0;0;0;0;1800;1800
OutputStation0;35.50;3.50;212;152;35;24.999974024501867;162.11257009612663;4.221219288373277;66.66888888888889;6.057142857142857;989.5338993940486;1800
OutputStation1;35.50;9.50;238;181;34;28.3709888794265;277.16806840206493;4.121017319698012;78.05805915201904;7;885.8913040898808;1800
OutputStation2;0.50;6.50;239;179;31;30.937172122379717;263.52448925774786;4.36722222222204;75.83222222222241;7.709677419354839;890.7110586769363;1800
