Ident;X;Y;Transfers;InjectedTransfers;PodsHandled;PodHandlingTimeAvg;PodHandlingTimeVar;PodHandlingTimeMin;PodHandlingTimeMax;PileOn;IdleTime;UpTime
InputStation0;0.50;12.50;0;0;0;0;0;0;0;0;1800;1800
OutputStation0;35.50;3.50;211;151;34;25.16032679738573;244.08639462656654;4.08055555555552;58.19333333333452;6.205882352941177;990.5050794055846;1800
OutputStation1;35.50;9.50;218;147;37;24.316679146778856;315.0362404844288;4.178888888888423;73.05138529242802;5.891891891891892;967.2213996782906;1800
OutputStation2;0.50;6.50;250;192;32;32.22968750000009;515.7503704468727;4.10666666666657;84.20852091615905;7.8125;841.0215512964841;1800
