Ident;X;Y;Transfers;InjectedTransfers;PodsHandled;PodHandlingTimeAvg;PodHandlingTimeVar;PodHandlingTimeMin;PodHandlingTimeMax;PileOn;IdleTime;UpTime
InputStation0;0.50;12.50;0;0;0;0;0;0;0;0;1800;1800
OutputStation0;35.50;3.50;230;164;35;26.774470830967;224.7373184634784;4.04444444444448;64.86222222222273;6.571428571428571;918.619256861617;1800
OutputStation1;35.50;9.50;265;201;31;34.30038565270441;579.800589842769;4.04444444444448;82.89471862576147;8.548387096774194;786.1483549121172;1800
OutputStation2;0.50;6.50;230;171;34;27.579351710814347;432.76053607240374;4.186666666666497;82.90722222222132;6.764705882352941;924.3256637328116;1800
