Ident;X;Y;Transfers;InjectedTransfers;PodsHandled;PodHandlingTimeAvg;PodHandlingTimeVar;PodHandlingTimeMin;PodHandlingTimeMax;PileOn;IdleTime;UpTime
InputStation0;0.50;12.50;0;0;0;0;0;0;0;0;1800;1800
OutputStation0;35.50;3.50;224;159;35;25.442550607070473;318.0452053597288;4.04444444444448;78.07333333333361;6.4;940.432914726727;1800
OutputStation1;35.50;9.50;288;211;31;38.12482986511902;459.12617722256255;4.044444444444444;77.66787156919071;9.290322580645162;699.391486276791;1800
OutputStation2;0.50;6.50;252;188;31;31.846254248257047;564.9322762187448;4.04444444444448;79.64991340150908;8.129032258064516;834.6606709257735;1800
