Ident;X;Y;Transfers;InjectedTransfers;PodsHandled;PodHandlingTimeAvg;PodHandlingTimeVar;PodHandlingTimeMin;PodHandlingTimeMax;PileOn;IdleTime;UpTime
InputStation0;0.50;12.50;0;0;0;0;0;0;0;0;1800;1800
OutputStation0;35.50;3.50;221;151;35;25.807259327763425;370.59951203551833;4.368333333333339;83.33833333333371;6.314285714285714;959.386976812611;1800
OutputStation1;35.50;9.50;269;200;29;38.376117827516325;356.80369573381006;8.50833333333344;83.71342712474603;9.275862068965518;770.6250143858628;1800
OutputStation2;0.50;6.50;246;184;31;32.70250593504422;350.1191143007762;4.4017604580806164;76.29000000000008;7.935483870967742;860.9908371852282;1800
