Ident;X;Y;Transfers;InjectedTransfers;PodsHandled;PodHandlingTimeAvg;PodHandlingTimeVar;PodHandlingTimeMin;PodHandlingTimeMax;PileOn;IdleTime;UpTime
InputStation0;0.50;12.50;0;0;0;0;0;0;0;0;1800;1800
OutputStation0;35.50;3.50;283;211;30;38.695663300522504;556.7831775215781;8.1111111111111;84.58103170554341;9.433333333333334;715.7560820559867;1800
OutputStation1;35.50;9.50;287;222;29;40.40988032532022;490.3245804335638;8.388427124746613;84.05463202727037;9.89655172413793;695.6707934888175;1800
OutputStation2;0.50;6.50;239;180;32;30.74358878715179;565.8377087879015;4.04444444444448;83.71666666666636;7.46875;883.4472299819906;1800
