Ident;X;Y;Transfers;InjectedTransfers;PodsHandled;PodHandlingTimeAvg;PodHandlingTimeVar;PodHandlingTimeMin;PodHandlingTimeMax;PileOn;IdleTime;UpTime
InputStation0;0.50;12.50;0;0;0;0;0;0;0;0;1800;1800
OutputStation0;35.50;3.50;258;188;31;32.788165991951885;471.2470472912035;4.04444444444448;78.43676045807945;8.32258064516129;815.3500794055697;1800
OutputStation1;35.50;9.50;255;189;33;31.852382045898455;581.09439345422;4.092777777777769;84.42898268030171;7.7272727272727275;825.8313511264425;1800
OutputStation2;0.50;6.50;247;173;34;29.688017570231732;391.00948864700183;4.04444444444448;82.93009379141284;7.264705882352941;852.1831166954016;1800
