Ident;X;Y;Transfers;InjectedTransfers;PodsHandled;PodHandlingTimeAvg;PodHandlingTimeVar;PodHandlingTimeMin;PodHandlingTimeMax;PileOn;IdleTime;UpTime
InputStation0;0.50;12.50;0;0;0;0;0;0;0;0;1800;1800
OutputStation0;35.50;3.50;258;193;33;31.927174777303076;281.22870077050317;8.464444444444553;70.11666666666662;7.818181818181818;812.7822006434667;1800
OutputStation1;35.50;9.50;272;213;31;35.836439742815166;584.2181950625313;4.04444444444448;83.27851372323562;8.774193548387096;756.830144141866;1800
OutputStation2;0.50;6.50;270;208;31;35.70286133245373;497.4828852846635;4.04444444444448;76.6644444444446;8.709677419354838;766.8462555364029;1800
