Ident;X;Y;Transfers;InjectedTransfers;PodsHandled;PodHandlingTimeAvg;PodHandlingTimeVar;PodHandlingTimeMin;PodHandlingTimeMax;PileOn;IdleTime;UpTime
InputStation0;0.50;12.50;0;0;0;0;0;0;0;0;1800;1800
OutputStation0;35.50;3.50;236;171;36;26.898635158374816;331.9334767372867;4.04444444444448;79.1362049025247;6.555555555555555;898.2156784020367;1800
OutputStation1;35.50;9.50;251;180;33;31.01851589432177;360.0971686207408;4.375555555555593;84.54398268030218;7.606060606060606;838.822864659659;1800
OutputStation2;0.50;6.50;240;172;33;30.13971751874736;229.09365708480914;4.204999999999927;64.10277777777799;7.2727272727272725;879.0913188557275;1800
