Ident;X;Y;Transfers;InjectedTransfers;PodsHandled;PodHandlingTimeAvg;PodHandlingTimeVar;PodHandlingTimeMin;PodHandlingTimeMax;PileOn;IdleTime;UpTime
InputStation0;0.50;12.50;0;0;0;0;0;0;0;0;1800;1800
OutputStation0;35.50;3.50;236;171;34;28.72270923661644;336.23067844646084;4.04444444444448;75.69212123788338;6.9411764705882355;897.7365369106315;1800
OutputStation1;35.50;9.50;272;208;33;33.761209279048174;461.93027531854193;4.04444444444448;73.63166666666666;8.242424242424242;760.3126117737241;1800
OutputStation2;0.50;6.50;218;151;36;25.002803431341412;295.3383278893353;4.04444444444448;84.18463202727139;6.055555555555555;968.1163924853546;1800
