Ident;X;Y;Transfers;InjectedTransfers;PodsHandled;PodHandlingTimeAvg;PodHandlingTimeVar;PodHandlingTimeMin;PodHandlingTimeMax;PileOn;IdleTime;UpTime
InputStation0;0.50;12.50;0;0;0;0;0;0;0;0;1800;1800
OutputStation0;35.50;3.50;254;190;31;32.834444444444486;368.5330741289695;4.04444444444448;67.06509379141335;8.193548387096774;828.3991723234467;1800
OutputStation1;35.50;9.50;269;202;28;39.62393829003589;375.0459799285645;4.04444444444448;83.03147908384176;9.607142857142858;771.2051731969871;1800
OutputStation2;0.50;6.50;250;188;31;32.937478937308676;484.52472797455385;4.04444444444448;73.62768398636524;8.064516129032258;839.8911111110975;1800
