Ident;X;Y;Transfers;InjectedTransfers;PodsHandled;PodHandlingTimeAvg;PodHandlingTimeVar;PodHandlingTimeMin;PodHandlingTimeMax;PileOn;IdleTime;UpTime
InputStation0;0.50;12.50;0;0;0;0;0;0;0;0;1800;1800
OutputStation0;35.50;3.50;239;174;34;28.66977612430212;263.012725086236;4.125;65.73833333333346;7.029411764705882;885.3077927304314;1800
OutputStation1;35.50;9.50;234;171;33;28.561667102601447;386.5751426356434;4.093982680301679;79.08425686161854;7.090909090909091;899.8604905358037;1800
OutputStation2;0.50;6.50;237;172;34;28.715582083482737;277.23872017696095;8.332777777777665;74.72176045808033;6.970588235294118;890.6342640545465;1800
