Ident;X;Y;Transfers;InjectedTransfers;PodsHandled;PodHandlingTimeAvg;PodHandlingTimeVar;PodHandlingTimeMin;PodHandlingTimeMax;PileOn;IdleTime;UpTime
InputStation0;0.50;12.50;0;0;0;0;0;0;0;0;1800;1800
OutputStation0;35.50;3.50;243;172;33;30.46185753617981;426.3427876058331;4.04444444444448;79.81406927879243;7.363636363636363;873.1436869202156;1800
OutputStation1;35.50;9.50;259;193;33;31.74222156832018;352.91178827023055;4.236666666666679;69.34601731969906;7.848484848484849;807.9056133823515;1800
OutputStation2;0.50;6.50;241;172;32;30.73080469785325;536.8700053884812;4.04444444444448;84.3717604580794;7.53125;874.5126696005234;1800
