Ident;X;Y;Transfers;InjectedTransfers;PodsHandled;PodHandlingTimeAvg;PodHandlingTimeVar;PodHandlingTimeMin;PodHandlingTimeMax;PileOn;IdleTime;UpTime
InputStation0;0.50;12.50;0;0;0;0;0;0;0;0;1800;1800
OutputStation0;35.50;3.50;241;182;32;30.950147681833915;475.566304100753;4.169444444444423;68.33147189091892;7.53125;874.6507215596175;1800
OutputStation1;35.50;9.50;258;199;34;31.09571067853529;362.65217336438815;4.04444444444448;77.23111111111211;7.588235294117647;811.8981891914385;1800
OutputStation2;0.50;6.50;240;176;34;28.658420761378363;316.59816195667474;4.04444444444448;69.70666666666739;7.0588235294117645;884.4283045616356;1800
