Ident;X;Y;Transfers;InjectedTransfers;PodsHandled;PodHandlingTimeAvg;PodHandlingTimeVar;PodHandlingTimeMin;PodHandlingTimeMax;PileOn;IdleTime;UpTime
InputStation0;0.50;12.50;0;0;0;0;0;0;0;0;1800;1800
OutputStation0;35.50;3.50;174;146;17;103.73940073042212;3205.3501357684972;21.333333333333258;196.3350000000001;10.235294117647058;99.2515150484512;1800
OutputStation1;35.50;9.50;173;136;20;89.03291702631329;2674.6560409630006;11.580000000000041;195.41009379141428;8.65;104.90831147119451;1800
OutputStation2;0.50;6.50;173;139;19;90.25367433774606;2424.398077564017;32.167777777777815;175.42564934696907;9.105263157894736;106.17194804088967;1800
