Ident;X;Y;Transfers;InjectedTransfers;PodsHandled;PodHandlingTimeAvg;PodHandlingTimeVar;PodHandlingTimeMin;PodHandlingTimeMax;PileOn;IdleTime;UpTime
InputStation0;0.50;12.50;0;0;0;0;0;0;0;0;1800;1800
OutputStation0;35.50;3.50;289;214;31;38.27707303401745;559.1370279649443;4.111760458079971;84.84898268030224;9.32258064516129;697.2931241717293;1800
OutputStation1;35.50;9.50;240;171;33;29.585364904009655;339.86946380115603;4.099718625759351;79.69842712474602;7.2727272727272725;881.4240042590657;1800
OutputStation2;0.50;6.50;247;181;31;32.50622166352218;607.7300159000227;4.04444444444448;81.49185424949212;7.967741935483871;851.9557143666864;1800
