Ident;X;Y;Transfers;InjectedTransfers;PodsHandled;PodHandlingTimeAvg;PodHandlingTimeVar;PodHandlingTimeMin;PodHandlingTimeMax;PileOn;IdleTime;UpTime
InputStation0;0.50;12.50;0;0;0;0;0;0;0;0;1800;1800
OutputStation0;35.50;3.50;241;174;31;31.37139505596265;372.5007189930585;4.401666666666415;81.13305915201659;7.774193548387097;875.3320490252279;1800
OutputStation1;35.50;9.50;280;219;32;35.9999909822764;456.9601804540111;4.04444444444448;83.52111111111117;8.75;728.6170777969278;1800
OutputStation2;0.50;6.50;253;186;33;31.362385541964674;553.0977458935753;4.160555555555447;84.91935065303164;7.666666666666667;831.458441510596;1800
