Ident;X;Y;Transfers;InjectedTransfers;PodsHandled;PodHandlingTimeAvg;PodHandlingTimeVar;PodHandlingTimeMin;PodHandlingTimeMax;PileOn;IdleTime;UpTime
InputStation0;0.50;12.50;0;0;0;0;0;0;0;0;1800;1800
OutputStation0;35.50;3.50;233;163;34;27.811841099643377;242.49549224674604;4.314451637373622;61.961760458080335;6.852941176470588;909.5835859358638;1800
OutputStation1;35.50;9.50;240;173;33;29.68306375509678;480.0353677983312;4.04444444444448;76.67064934696896;7.2727272727272725;882.920454571216;1800
OutputStation2;0.50;6.50;231;160;33;28.899750098944082;239.0392776583989;4.291017319698085;71.09722222222263;7;915.3979365889065;1800
