Ident;X;Y;Transfers;InjectedTransfers;PodsHandled;PodHandlingTimeAvg;PodHandlingTimeVar;PodHandlingTimeMin;PodHandlingTimeMax;PileOn;IdleTime;UpTime
InputStation0;0.50;12.50;0;0;0;0;0;0;0;0;1800;1800
OutputStation0;35.50;3.50;243;177;36;27.633508496857264;309.1552930229253;4.04444444444448;83.10888888888974;6.75;866.9924241908907;1800
OutputStation1;35.50;9.50;241;182;35;28.182182436926563;343.84860120909207;4.076666666666597;74.15499999999969;6.885714285714286;875.5218614424165;1800
OutputStation2;0.50;6.50;264;191;30;36.13945983658257;442.53417710367944;4.311948040907055;83.97435065303239;8.8;787.2054617641528;1800
