Ident;X;Y;Transfers;InjectedTransfers;PodsHandled;PodHandlingTimeAvg;PodHandlingTimeVar;PodHandlingTimeMin;PodHandlingTimeMax;PileOn;IdleTime;UpTime
InputStation0;0.50;12.50;0;0;0;0;0;0;0;0;1800;1800
OutputStation0;35.50;3.50;253;187;30;34.79950987601407;504.8620941391117;4.04444444444448;79.59620490252428;8.433333333333334;828.9920842325868;1800
OutputStation1;35.50;9.50;267;210;31;35.569223107592435;489.66205767610444;4.061572875253432;81.45657287525364;8.612903225806452;775.2654381040254;1800
OutputStation2;0.50;6.50;218;158;35;25.470691019704134;281.36208541733754;4.17740980504783;75.73666666666668;6.228571428571429;963.3884569371043;1800
