Ident;X;Y;Transfers;InjectedTransfers;PodsHandled;PodHandlingTimeAvg;PodHandlingTimeVar;PodHandlingTimeMin;PodHandlingTimeMax;PileOn;IdleTime;UpTime
InputStation0;0.50;12.50;0;0;0;0;0;0;0;0;1800;1800
OutputStation0;35.50;3.50;227;168;36;26.09231821934589;457.64673435278684;4.104920594438454;83.04000000000065;6.305555555555555;931.5622294151561;1800
OutputStation1;35.50;9.50;230;161;34;27.53728800481307;329.99190992535847;4.328246734844697;70.24453823585804;6.764705882352941;917.1014290167714;1800
OutputStation2;0.50;6.50;252;189;32;32.545272590151235;490.6122299533633;4.044444444444423;71.51509379141305;7.875;834.9270849898661;1800
