Ident;X;Y;Transfers;InjectedTransfers;PodsHandled;PodHandlingTimeAvg;PodHandlingTimeVar;PodHandlingTimeMin;PodHandlingTimeMax;PileOn;IdleTime;UpTime
InputStation0;0.50;12.50;0;0;0;0;0;0;0;0;1800;1800
OutputStation0;35.50;3.50;242;179;34;29.27202890236182;322.1049948597808;4.249444444444521;77.71194084798356;7.117647058823529;873.086608839879;1800
OutputStation1;35.50;9.50;223;158;37;24.816221674828995;239.27047266317962;4.311111111110677;84.23277777777741;6.027027027027027;946.9145598146175;1800
OutputStation2;0.50;6.50;251;182;31;32.93643089825671;329.3114967956662;4.04444444444448;66.71009379141356;8.096774193548388;837.3682323489786;1800
