Ident;X;Y;Transfers;InjectedTransfers;PodsHandled;PodHandlingTimeAvg;PodHandlingTimeVar;PodHandlingTimeMin;PodHandlingTimeMax;PileOn;IdleTime;UpTime
InputStation0;0.50;12.50;0;0;0;0;0;0;0;0;1800;1800
OutputStation0;35.50;3.50;286;209;31;37.48712307583986;291.8993196745538;4.04444444444448;70.67555555555623;9.225806451612904;709.647229415136;1800
OutputStation1;35.50;9.50;222;163;35;26.120635126146716;286.5158467474474;4.135649346968428;79.58842712474606;6.3428571428571425;953.0605699414167;1800
OutputStation2;0.50;6.50;259;197;32;32.998805239093635;417.8172038745481;4.04444444444448;75.0566666666673;8.09375;805.9177633919169;1800
