Ident;X;Y;Transfers;InjectedTransfers;PodsHandled;PodHandlingTimeAvg;PodHandlingTimeVar;PodHandlingTimeMin;PodHandlingTimeMax;PileOn;IdleTime;UpTime
InputStation0;0.50;12.50;0;0;0;0;0;0;0;0;1800;1800
OutputStation0;35.50;3.50;232;162;34;27.67809311776645;416.21995093639833;4.044444444444423;84.6200937914133;6.823529411764706;911.70043299244;1800
OutputStation1;35.50;9.50;280;217;31;36.717114695340804;477.0715674465334;4.066204902523964;81.31388888888875;9.03225806451613;724.1241774560405;1800
OutputStation2;0.50;6.50;249;189;33;30.798849098592786;394.86491326751747;4.04444444444448;73.43453823585702;7.545454545454546;843.3896898540887;1800
