Ident;X;Y;Transfers;InjectedTransfers;PodsHandled;PodHandlingTimeAvg;PodHandlingTimeVar;PodHandlingTimeMin;PodHandlingTimeMax;PileOn;IdleTime;UpTime
InputStation0;0.50;12.50;0;0;0;0;0;0;0;0;1800;1800
OutputStation0;35.50;3.50;235;172;34;27.631987100684;282.11225504816827;4.04444444444448;63.63805195909478;6.911764705882353;901.8638891722846;1800
OutputStation1;35.50;9.50;255;196;32;32.27576637031289;372.09795081494195;4.044444444444451;75.09314575050746;7.96875;820.3388598337965;1800
OutputStation2;0.50;6.50;256;191;32;32.74914366837123;315.49897456761266;4.04444444444448;75.31222222222345;8;816.1644950782887;1800
