Ident;X;Y;Transfers;InjectedTransfers;PodsHandled;PodHandlingTimeAvg;PodHandlingTimeVar;PodHandlingTimeMin;PodHandlingTimeMax;PileOn;IdleTime;UpTime
InputStation0;0.50;12.50;0;0;0;0;0;0;0;0;1800;1800
OutputStation0;39.50;3.50;215;159;31;34.54530186599857;726.4064586893548;5.082683986364373;103.43055555555532;6.935483870967742;767.6979581676842;1800
OutputStation1;39.50;9.50;217;166;34;32.4279708860815;730.0961891229482;5.198145750507706;105.20333333333372;6.382352941176471;764.1936003217237;1800
OutputStation2;0.50;6.50;190;128;38;25.51312143967295;294.05161761518303;5.04444444444448;77.9697258186834;5;888.0201947757574;1800
