Ident;X;Y;Transfers;InjectedTransfers;PodsHandled;PodHandlingTimeAvg;PodHandlingTimeVar;PodHandlingTimeMin;PodHandlingTimeMax;PileOn;IdleTime;UpTime
InputStation0;0.50;12.50;0;0;0;0;0;0;0;0;1800;1800
OutputStation0;35.50;3.50;248;175;35;29.207782520750833;345.40384466819546;8.241111111111081;81.22202744647461;7.085714285714285;851.5362558197962;1800
OutputStation1;35.50;9.50;275;204;31;36.203817900390476;400.7376149909901;4.238888888890415;77.83185424949278;8.870967741935484;747.1925033130416;1800
OutputStation2;0.50;6.50;219;155;34;26.13199346405231;398.69010650575063;4.04444444444448;79.93796536060336;6.4411764705882355;958.415555272146;1800
