Ident;X;Y;Transfers;InjectedTransfers;PodsHandled;PodHandlingTimeAvg;PodHandlingTimeVar;PodHandlingTimeMin;PodHandlingTimeMax;PileOn;IdleTime;UpTime
InputStation0;0.50;12.50;0;0;0;0;0;0;0;0;1800;1800
OutputStation0;35.50;3.50;240;172;33;29.5141949793234;320.327064137751;4.077777777776987;74.61453823585794;7.2727272727272725;874.7468542494846;1800
OutputStation1;35.50;9.50;233;174;33;28.916128164095618;429.78514864500943;4.092871569190947;76.0868470565714;7.0606060606060606;903.7922078363814;1800
OutputStation2;0.50;6.50;252;187;32;32.38959753868409;385.30090939617116;4.145468957070989;71.48555555555544;7.875;832.4872584702183;1800
