Ident;X;Y;Transfers;InjectedTransfers;PodsHandled;PodHandlingTimeAvg;PodHandlingTimeVar;PodHandlingTimeMin;PodHandlingTimeMax;PileOn;IdleTime;UpTime
InputStation0;0.50;12.50;0;0;0;0;0;0;0;0;1800;1800
OutputStation0;35.50;3.50;238;174;33;29.410563864080167;404.08079127918063;4.04444444444448;73.81722222222265;7.212121212121212;885.286204902515;1800
OutputStation1;35.50;9.50;225;169;34;27.11997538441759;304.0821980307167;4.04444444444448;74.90795816767991;6.617647058823529;937.6373160136372;1800
OutputStation2;0.50;6.50;216;154;34;26.270040532338342;290.888784529818;4.04444444444448;71.81091633536334;6.352941176470588;970.6492712474251;1800
