Ident;X;Y;Transfers;InjectedTransfers;PodsHandled;PodHandlingTimeAvg;PodHandlingTimeVar;PodHandlingTimeMin;PodHandlingTimeMax;PileOn;IdleTime;UpTime
InputStation0;0.50;12.50;0;0;0;0;0;0;0;0;1800;1800
OutputStation0;35.50;3.50;253;189;29;36.08330415460821;638.8647029636932;4.04444444444448;81.51370130606307;8.724137931034482;830.8907246319081;1800
OutputStation1;35.50;9.50;270;203;33;33.93051342146359;581.1491227884028;4.26166666666677;85.5165728752529;8.181818181818182;766.6038249175043;1800
OutputStation2;0.50;6.50;244;171;32;31.326759109406762;387.8310464073029;8.438520916160314;75.77425686161868;7.625;870.8034127388772;1800
