Ident;X;Y;Transfers;InjectedTransfers;PodsHandled;PodHandlingTimeAvg;PodHandlingTimeVar;PodHandlingTimeMin;PodHandlingTimeMax;PileOn;IdleTime;UpTime
InputStation0;0.50;12.50;0;0;0;0;0;0;0;0;1800;1800
OutputStation0;35.50;3.50;263;194;32;33.11184050255662;380.07538567833683;8.199444444444566;81.58370130606309;8.21875;788.8488022903848;1800
OutputStation1;35.50;9.50;228;166;35;26.797873426897112;374.65488787590175;4.113427124746295;79.13999999999984;6.514285714285714;926.9648268030066;1800
OutputStation2;0.50;6.50;255;191;31;33.56841386247979;484.61883348352166;4.092777777777883;76.98444444444425;8.225806451612904;822.6872294151451;1800
