Ident;X;Y;Transfers;InjectedTransfers;PodsHandled;PodHandlingTimeAvg;PodHandlingTimeVar;PodHandlingTimeMin;PodHandlingTimeMax;PileOn;IdleTime;UpTime
InputStation0;0.50;12.50;0;0;0;0;0;0;0;0;1800;1800
OutputStation0;35.50;3.50;205;143;38;22.332552589246394;205.97148594766705;4.04444444444448;59.74176045808031;5.394736842105263;1015.563802290399;1800
OutputStation1;35.50;9.50;235;168;35;27.599833641601503;250.43277510717968;4.120555555555711;72.07277777777756;6.714285714285714;898.5990983339045;1800
OutputStation2;0.50;6.50;259;186;33;32.20678560162124;287.8644933660071;8.249444444444634;79.30111111111125;7.848484848484849;803.7500000000118;1800
