Ident;X;Y;Transfers;InjectedTransfers;PodsHandled;PodHandlingTimeAvg;PodHandlingTimeVar;PodHandlingTimeMin;PodHandlingTimeMax;PileOn;IdleTime;UpTime
InputStation0;0.50;12.50;0;0;0;0;0;0;0;0;1800;1800
OutputStation0;35.50;3.50;271;203;31;35.924242188888606;474.55653377495406;4.324999999999932;83.52000000000044;8.741935483870968;758.6041774560481;1800
OutputStation1;35.50;9.50;249;188;34;30.05884751032404;293.64623942135245;4.11064934696833;74.18962483434927;7.323529411764706;846.2955987131392;1800
OutputStation2;0.50;6.50;240;189;32;29.53026605385133;312.11448189510884;4.109999999999673;79.33406208587087;7.5;884.8748268029957;1800
