Ident;X;Y;Transfers;InjectedTransfers;PodsHandled;PodHandlingTimeAvg;PodHandlingTimeVar;PodHandlingTimeMin;PodHandlingTimeMax;PileOn;IdleTime;UpTime
InputStation0;0.50;12.50;0;0;0;0;0;0;0;0;1800;1800
OutputStation0;35.50;3.50;241;183;35;27.74093753549659;428.8513882756107;4.04444444444448;81.18851372324139;6.885714285714286;873.5257215596118;1800
OutputStation1;35.50;9.50;258;195;34;30.33509528064488;320.3141931704101;4.08444444444433;71.8456421540468;7.588235294117647;810.3888960818188;1800
OutputStation2;0.50;6.50;202;142;34;24.539553517944082;328.4392570527799;4.04444444444448;70.96907647171446;5.9411764705882355;1022.2806637328327;1800
