Ident;X;Y;Transfers;InjectedTransfers;PodsHandled;PodHandlingTimeAvg;PodHandlingTimeVar;PodHandlingTimeMin;PodHandlingTimeMax;PileOn;IdleTime;UpTime
InputStation0;0.50;12.50;0;0;0;0;0;0;0;0;1800;1800
OutputStation0;35.50;3.50;252;182;31;32.10871572847841;550.16113078698;4.106666666666342;84.37046176414276;8.129032258064516;838.6735931288122;1800
OutputStation1;35.50;9.50;289;215;28;42.078653372673806;549.1770143790428;4.04444444444448;81.22564934696828;10.321428571428571;689.7605414531142;1800
OutputStation2;0.50;6.50;257;177;30;35.11481770143124;576.7360702586991;4.04444444444448;80.79611111111171;8.566666666666666;814.5123663640945;1800
