Ident;X;Y;Transfers;InjectedTransfers;PodsHandled;PodHandlingTimeAvg;PodHandlingTimeVar;PodHandlingTimeMin;PodHandlingTimeMax;PileOn;IdleTime;UpTime
InputStation0;0.50;12.50;0;0;0;0;0;0;0;0;1800;1800
OutputStation0;35.50;3.50;232;167;35;27.33188435142797;335.1130921099279;4.04444444444448;69.05731601363512;6.628571428571429;911.0266810525075;1800
OutputStation1;35.50;9.50;230;164;35;26.755481138961372;413.99314388364746;4.058333333333337;84;6.571428571428571;916.9565297176838;1800
OutputStation2;0.50;6.50;259;192;32;32.742618821575014;475.56160549690935;4.172597387878795;80.68555555555548;8.09375;804.9456637328183;1800
