Ident;X;Y;Transfers;InjectedTransfers;PodsHandled;PodHandlingTimeAvg;PodHandlingTimeVar;PodHandlingTimeMin;PodHandlingTimeMax;PileOn;IdleTime;UpTime
InputStation0;0.50;12.50;0;0;0;0;0;0;0;0;1800;1800
OutputStation0;35.50;3.50;224;160;32;28.730390287832055;363.93887807091295;4.04444444444448;71.93518758282994;7;941.2331097858956;1800
OutputStation1;35.50;9.50;229;172;34;27.06834691463158;399.6030289601285;4.044444444444451;66.33222222222253;6.735294117647059;925.025050350454;1800
OutputStation2;0.50;6.50;241;177;35;28.32898433249658;271.7914364422238;4.04444444444448;67.28906927879336;6.885714285714286;876.0012192883687;1800
