Ident;X;Y;Transfers;InjectedTransfers;PodsHandled;PodHandlingTimeAvg;PodHandlingTimeVar;PodHandlingTimeMin;PodHandlingTimeMax;PileOn;IdleTime;UpTime
InputStation0;0.50;12.50;0;0;0;0;0;0;0;0;1800;1800
OutputStation0;35.50;3.50;285;211;28;41.47673546888564;831.9427525215062;4.080923528284984;83.82748921061648;10.178571428571429;711.2141774560288;1800
OutputStation1;35.50;9.50;268;204;31;35.40281664560118;618.6275111642143;4.04444444444448;81.71555555555551;8.64516129032258;776.4150215787781;1800
OutputStation2;0.50;6.50;252;178;32;32.33843223269064;709.9278745663215;4.08055555555552;83.27388888888868;7.875;834.2504371151882;1800
