Ident;X;Y;Transfers;InjectedTransfers;PodsHandled;PodHandlingTimeAvg;PodHandlingTimeVar;PodHandlingTimeMin;PodHandlingTimeMax;PileOn;IdleTime;UpTime
InputStation0;0.50;12.50;0;0;0;0;0;0;0;0;1800;1800
OutputStation0;35.50;3.50;285;204;29;40.400666519801895;646.6772117261825;4.04444444444448;82.88694804090574;9.827586206896552;709.5699280707513;1800
OutputStation1;35.50;9.50;283;208;28;40.783813387283146;711.8457103089918;4.195555555555302;84.76601731969828;10.107142857142858;716.5794228656814;1800
OutputStation2;0.50;6.50;254;180;32;32.64020021472504;518.5383999416274;4.345000000000027;81.08629869393724;7.9375;827.4917964226765;1800
