Ident;X;Y;Transfers;InjectedTransfers;PodsHandled;PodHandlingTimeAvg;PodHandlingTimeVar;PodHandlingTimeMin;PodHandlingTimeMax;PileOn;IdleTime;UpTime
InputStation0;0.50;12.50;0;0;0;0;0;0;0;0;1800;1800
OutputStation0;35.50;3.50;287;223;30;38.60965464067306;421.2807089739777;4.051666666666961;81.08676045807914;9.566666666666666;698.5872438009812;1800
OutputStation1;35.50;9.50;228;162;34;27.6174611684498;365.11214896018856;4.04444444444448;72.92388888888911;6.705882352941177;924.5552600788536;1800
OutputStation2;0.50;6.50;228;166;34;27.510706007619945;474.97893936216246;4.04444444444448;73.2717604580796;6.705882352941177;921.3113634302563;1800
