Ident;X;Y;Transfers;InjectedTransfers;PodsHandled;PodHandlingTimeAvg;PodHandlingTimeVar;PodHandlingTimeMin;PodHandlingTimeMax;PileOn;IdleTime;UpTime
InputStation0;0.50;12.50;0;0;0;0;0;0;0;0;1800;1800
OutputStation0;35.50;3.50;262;193;31;33.609190986917305;373.0896348781187;4.04444444444448;69.49323954192039;8.451612903225806;800.4316522808112;1800
OutputStation1;35.50;9.50;258;196;33;31.77126787465581;300.9275102287609;4.04444444444448;71.04509379141211;7.818181818181818;807.7350218621652;1800
OutputStation2;0.50;6.50;256;196;30;35.184772244309436;514.0769666758017;4.0455555555561205;79.16;8.533333333333333;814.7687084989846;1800
