Ident;X;Y;Transfers;InjectedTransfers;PodsHandled;PodHandlingTimeAvg;PodHandlingTimeVar;PodHandlingTimeMin;PodHandlingTimeMax;PileOn;IdleTime;UpTime
InputStation0;0.50;12.50;0;0;0;0;0;0;0;0;1800;1800
OutputStation0;35.50;3.50;243;182;33;30.322399098882826;411.35409347646674;4.04444444444448;79.65777777777771;7.363636363636363;870.1433983530577;1800
OutputStation1;35.50;9.50;255;195;32;32.41844043098162;245.40907093769488;4.077402612126093;58.1950937914105;7.96875;821.42080815811;1800
OutputStation2;0.50;6.50;256;197;33;32.128229481068075;290.78647854556397;4.057222222222663;63.14499999999816;7.757575757575758;821.7650937914013;1800
