Ident;X;Y;Transfers;InjectedTransfers;PodsHandled;PodHandlingTimeAvg;PodHandlingTimeVar;PodHandlingTimeMin;PodHandlingTimeMax;PileOn;IdleTime;UpTime
InputStation0;0.50;12.50;0;0;0;0;0;0;0;0;1800;1800
OutputStation0;35.50;3.50;262;198;29;37.23491142702846;485.7803621009215;12.324545428784404;81.88277058485608;9.03448275862069;800.0336147075741;1800
OutputStation1;35.50;9.50;284;215;31;37.64487478400112;477.40524654436365;8.152777777777487;84.851111111112;9.161290322580646;713.2182611207041;1800
OutputStation2;0.50;6.50;252;187;31;33.59202183204644;283.890664497112;8.129444444444289;73.15953104293584;8.129032258064516;836.1697258186748;1800
