Ident;X;Y;Transfers;InjectedTransfers;PodsHandled;PodHandlingTimeAvg;PodHandlingTimeVar;PodHandlingTimeMin;PodHandlingTimeMax;PileOn;IdleTime;UpTime
InputStation0;0.50;12.50;0;0;0;0;0;0;0;0;1800;1800
OutputStation0;35.50;3.50;271;205;30;36.71940452079117;395.5019477341441;4.16944444444448;80.52176045808017;9.033333333333333;762.6992352828349;1800
OutputStation1;35.50;9.50;274;212;33;33.901518211646675;447.00154272398123;4.04444444444448;77.37963202727042;8.303030303030303;748.4061473591294;1800
OutputStation2;0.50;6.50;278;210;29;39.58846469482716;489.16347500015803;4.138795097475395;79.97185424949248;9.586206896551724;733.9809594928984;1800
