Ident;X;Y;Transfers;InjectedTransfers;PodsHandled;PodHandlingTimeAvg;PodHandlingTimeVar;PodHandlingTimeMin;PodHandlingTimeMax;PileOn;IdleTime;UpTime
InputStation0;0.50;12.50;0;0;0;0;0;0;0;0;1800;1800
OutputStation0;35.50;3.50;245;174;32;31.451420680129463;325.06620148347076;4.11333333333323;75.98064934696846;7.65625;864.3320708874138;1800
OutputStation1;35.50;9.50;254;192;30;34.906559640992356;509.008585776949;8.611212095447172;83.93231601363527;8.466666666666667;819.82444416103;1800
OutputStation2;0.50;6.50;233;181;32;29.14873805129457;351.52019594626347;4.08888888888896;78.50907647171442;7.28125;904.7657287525329;1800
