Ident;X;Y;Transfers;InjectedTransfers;PodsHandled;PodHandlingTimeAvg;PodHandlingTimeVar;PodHandlingTimeMin;PodHandlingTimeMax;PileOn;IdleTime;UpTime
InputStation0;0.50;12.50;0;0;0;0;0;0;0;0;1800;1800
OutputStation0;35.50;3.50;247;185;32;31.803628921779868;267.5223506021278;4.04444444444448;70.98536797273005;7.71875;851.1363780994957;1800
OutputStation1;35.50;9.50;264;200;32;33.71382508162889;218.19500809945916;8.04444444444448;66.4016666666667;8.25;788.6043287908597;1800
OutputStation2;0.50;6.50;237;172;34;28.57895679538039;277.1383168415982;4.3749062085869355;66.70712843080918;6.970588235294118;892.264249668696;1800
