Ident;X;Y;Transfers;InjectedTransfers;PodsHandled;PodHandlingTimeAvg;PodHandlingTimeVar;PodHandlingTimeMin;PodHandlingTimeMax;PileOn;IdleTime;UpTime
InputStation0;0.50;12.50;0;0;0;0;0;0;0;0;1800;1800
OutputStation0;35.50;3.50;195;127;38;20.962573856565065;199.36248537271453;4.046111111110349;62.84999999999974;5.131578947368421;1054.6177415297361;1800
OutputStation1;35.50;9.50;246;186;33;30.621619657682306;351.3501719484137;4.05112549696014;75.14139248534934;7.454545454545454;855.2664575050701;1800
OutputStation2;0.50;6.50;220;157;35;25.97689136313145;286.18048983029894;4.11611111111074;79.18953104293632;6.285714285714286;955.4541127197505;1800
