Ident;X;Y;Transfers;InjectedTransfers;PodsHandled;PodHandlingTimeAvg;PodHandlingTimeVar;PodHandlingTimeMin;PodHandlingTimeMax;PileOn;IdleTime;UpTime
InputStation0;0.50;12.50;0;0;0;0;0;0;0;0;1800;1800
OutputStation0;35.50;3.50;241;174;33;30.005241374563727;323.51680343648627;4.160555555555447;72.27777777777794;7.303030303030303;875.775771910086;1800
OutputStation1;35.50;9.50;270;202;29;38.09600587114249;505.5887890741678;12.650649346968066;84.10176045807975;9.310344827586206;767.8077777777768;1800
OutputStation2;0.50;6.50;221;160;35;25.723190476190396;385.83066432018035;4.04444444444448;77.57287156919108;6.314285714285714;952.0052310237713;1800
