Ident;X;Y;Transfers;InjectedTransfers;PodsHandled;PodHandlingTimeAvg;PodHandlingTimeVar;PodHandlingTimeMin;PodHandlingTimeMax;PileOn;IdleTime;UpTime
InputStation0;0.50;12.50;0;0;0;0;0;0;0;0;1800;1800
OutputStation0;35.50;3.50;215;160;32;27.810862643149754;326.6758806725506;4.04444444444448;75.43888888888944;6.71875;975.1241984679637;1800
OutputStation1;35.50;9.50;204;144;39;21.500951826612155;246.50530700004055;4.04444444444448;75.83002157876592;5.230769230769231;1016.2630954000704;1800
OutputStation2;0.50;6.50;242;178;31;31.66564027037984;444.41225798762895;4.118239541920275;79.71305915201833;7.806451612903226;871.9430013251805;1800
