Ident;X;Y;Transfers;InjectedTransfers;PodsHandled;PodHandlingTimeAvg;PodHandlingTimeVar;PodHandlingTimeMin;PodHandlingTimeMax;PileOn;IdleTime;UpTime
InputStation0;0.50;12.50;0;0;0;0;0;0;0;0;1800;1800
OutputStation0;35.50;3.50;247;192;30;33.55716579895822;583.688376553198;4.04444444444448;81.34611111111155;8.233333333333333;853.2623071086805;1800
OutputStation1;35.50;9.50;248;190;33;30.28190213893477;422.7574088213055;4.04444444444448;79.46268398636505;7.515151515151516;848.6558441227296;1800
OutputStation2;0.50;6.50;256;190;33;31.621750758707012;404.16799452131124;4.264538235857572;63.238795097475816;7.757575757575758;819.5266307020341;1800
