Ident;X;Y;Transfers;InjectedTransfers;PodsHandled;PodHandlingTimeAvg;PodHandlingTimeVar;PodHandlingTimeMin;PodHandlingTimeMax;PileOn;IdleTime;UpTime
InputStation0;0.50;12.50;0;0;0;0;0;0;0;0;1800;1800
OutputStation0;35.50;3.50;248;189;34;30.010090609729062;269.36996998608004;4.04444444444448;63.4705555555563;7.294117647058823;848.8242640545436;1800
OutputStation1;35.50;9.50;244;188;34;29.538676682144978;355.2962094288152;4.04444444444448;69.08315294343652;7.176470588235294;866.5093144049587;1800
OutputStation2;0.50;6.50;227;170;33;28.128375747826578;448.1476248297693;4.04444444444448;85.83833333333428;6.878787878787879;934.7827420965925;1800
