Ident;X;Y;Transfers;InjectedTransfers;PodsHandled;PodHandlingTimeAvg;PodHandlingTimeVar;PodHandlingTimeMin;PodHandlingTimeMax;PileOn;IdleTime;UpTime
InputStation0;0.50;12.50;0;0;0;0;0;0;0;0;1800;1800
OutputStation0;35.50;3.50;243;181;34;29.52431498062749;226.91461274942856;4.0622222222222035;67.6617604580795;7.147058823529412;867.2357855576142;1800
OutputStation1;35.50;9.50;289;233;29;40.67242026147698;508.07104578706895;4.04444444444448;83.15064934696909;9.96551724137931;695.3882249006454;1800
OutputStation2;0.50;6.50;226;167;34;27.30093603595206;341.7787329713067;4.044444444444451;83.69352091616042;6.647058823529412;935.1003672344044;1800
