Ident;X;Y;Transfers;InjectedTransfers;PodsHandled;PodHandlingTimeAvg;PodHandlingTimeVar;PodHandlingTimeMin;PodHandlingTimeMax;PileOn;IdleTime;UpTime
InputStation0;0.50;12.50;0;0;0;0;0;0;0;0;1800;1800
OutputStation0;35.50;3.50;242;176;33;29.98809764309773;311.94597292432843;4.04444444444448;70.19676045808012;7.333333333333333;874.882518265717;1800
OutputStation1;35.50;9.50;267;204;33;33.10522453954689;305.0600591393784;4.160555555555447;76.44388888888903;8.090909090909092;777.4660317055271;1800
OutputStation2;0.50;6.50;213;157;36;24.416688915699496;206.0045663789568;4.102027446474608;63.94444444444446;5.916666666666667;987.8946248343575;1800
