Ident;X;Y;Transfers;InjectedTransfers;PodsHandled;PodHandlingTimeAvg;PodHandlingTimeVar;PodHandlingTimeMin;PodHandlingTimeMax;PileOn;IdleTime;UpTime
InputStation0;0.50;12.50;0;0;0;0;0;0;0;0;1800;1800
OutputStation0;35.50;3.50;249;184;32;31.549566197001152;294.4297761180774;4.28611111111104;71.65185424949243;7.78125;843.0873160136462;1800
OutputStation1;35.50;9.50;259;194;35;29.781201606233353;255.115163658352;4.04444444444448;62.00259738787338;7.4;811.2758585085577;1800
OutputStation2;0.50;6.50;293;223;31;38.68781664560128;487.42321162295855;8.347128430810244;80.89676045808005;9.451612903225806;679.595981355076;1800
