Ident;X;Y;Transfers;InjectedTransfers;PodsHandled;PodHandlingTimeAvg;PodHandlingTimeVar;PodHandlingTimeMin;PodHandlingTimeMax;PileOn;IdleTime;UpTime
InputStation0;0.50;12.50;0;0;0;0;0;0;0;0;1800;1800
OutputStation0;35.50;3.50;236;166;34;27.832154738843826;402.3536358352148;4.04444444444448;66.53712843080922;6.9411764705882355;895.5947042399176;1800
OutputStation1;35.50;9.50;235;171;34;28.416562898752424;328.5570040743811;4.084350653031606;75.97194084798434;6.911764705882353;906.2960029338429;1800
OutputStation2;0.50;6.50;235;178;32;30.360133476483266;489.38683158564083;4.064906208587217;84.98953823585748;7.34375;900.432142816657;1800
