Ident;X;Y;Transfers;InjectedTransfers;PodsHandled;PodHandlingTimeAvg;PodHandlingTimeVar;PodHandlingTimeMin;PodHandlingTimeMax;PileOn;IdleTime;UpTime
InputStation0;0.50;12.50;0;0;0;0;0;0;0;0;1800;1800
OutputStation0;35.50;3.50;281;226;30;38.68365728752517;612.7427963547608;4.04444444444448;74.77342712474592;9.366666666666667;723.3340117354337;1800
OutputStation1;35.50;9.50;228;177;34;27.799352557040635;438.3704283436479;4.179913401513886;73.70426405454054;6.705882352941177;926.7618036156184;1800
OutputStation2;0.50;6.50;262;194;32;33.86519390320388;297.76980848889366;8.1962049025243;74.81240980504799;8.1875;798.9949062085786;1800
