Ident;X;Y;Transfers;InjectedTransfers;PodsHandled;PodHandlingTimeAvg;PodHandlingTimeVar;PodHandlingTimeMin;PodHandlingTimeMax;PileOn;IdleTime;UpTime
InputStation0;0.50;12.50;0;0;0;0;0;0;0;0;1800;1800
OutputStation0;35.50;3.50;253;176;34;30.75308229503916;353.7873466039324;4.079906208586863;69.22665947374162;7.4411764705882355;828.4202813742442;1800
OutputStation1;35.50;9.50;256;199;34;31.071198116042908;452.42944309188846;4.04444444444448;77.38333333333355;7.529411764705882;819.1236941131403;1800
OutputStation2;0.50;6.50;237;180;33;29.1006115269668;388.2657512080067;4.04444444444448;74.64833333333388;7.181818181818182;886.8027849706908;1800
