Ident;X;Y;Transfers;InjectedTransfers;PodsHandled;PodHandlingTimeAvg;PodHandlingTimeVar;PodHandlingTimeMin;PodHandlingTimeMax;PileOn;IdleTime;UpTime
InputStation0;0.50;12.50;0;0;0;0;0;0;0;0;1800;1800
OutputStation0;35.50;3.50;217;161;33;26.774345840572824;399.62825556295104;4.044444444444444;83.905562748477;6.575757575757576;964.8236506721936;1800
OutputStation1;35.50;9.50;267;207;31;35.55291276645425;479.64181489363824;4.04444444444448;78.72333333333319;8.612903225806452;780.7136866367732;1800
OutputStation2;0.50;6.50;225;164;34;27.422442704679415;185.0550717905616;8.495649346968548;63.0644444444456;6.617647058823529;937.5147548738138;1800
