Ident;X;Y;Transfers;InjectedTransfers;PodsHandled;PodHandlingTimeAvg;PodHandlingTimeVar;PodHandlingTimeMin;PodHandlingTimeMax;PileOn;IdleTime;UpTime
InputStation0;0.50;12.50;0;0;0;0;0;0;0;0;1800;1800
OutputStation0;35.50;3.50;229;168;34;27.835977633585962;509.4710046575234;4.080555555555577;83.86639248534925;6.735294117647059;921.1621572024969;1800
OutputStation1;35.50;9.50;219;159;33;27.325083957116973;281.1560581326552;4.04444444444448;71.24666666666667;6.636363636363637;962.9150431575354;1800
OutputStation2;0.50;6.50;262;198;32;33.86996279635403;346.4120981862471;4.04444444444448;69.88676045808029;8.1875;795.0499349802863;1800
