Ident;X;Y;Transfers;InjectedTransfers;PodsHandled;PodHandlingTimeAvg;PodHandlingTimeVar;PodHandlingTimeMin;PodHandlingTimeMax;PileOn;IdleTime;UpTime
InputStation0;0.50;12.50;0;0;0;0;0;0;0;0;1800;1800
OutputStation0;35.50;3.50;232;175;33;28.78857667819139;548.1170728463037;4.04444444444448;82.25435784595335;7.03030303030303;911.8059091424283;1800
OutputStation1;35.50;9.50;261;200;34;31.277353152733205;284.57723431978616;4.0629653606035845;72.6362049025247;7.676470588235294;800.1970971720111;1800
OutputStation2;0.50;6.50;223;162;34;26.996293616579628;376.165473671747;4.106666666666342;79.9439826803025;6.5588235294117645;947.9167823202483;1800
