Ident;X;Y;Transfers;InjectedTransfers;PodsHandled;PodHandlingTimeAvg;PodHandlingTimeVar;PodHandlingTimeMin;PodHandlingTimeMax;PileOn;IdleTime;UpTime
InputStation0;0.50;12.50;0;0;0;0;0;0;0;0;1800;1800
OutputStation0;35.50;3.50;247;181;31;32.30412163176972;449.3510138117081;4.26167385959684;75.43055555555634;7.967741935483871;853.0600071929102;1800
OutputStation1;35.50;9.50;242;178;33;29.571509685155018;371.4612742636229;4.168333333333294;82.04664508790063;7.333333333333333;867.876313079755;1800
OutputStation2;0.50;6.50;225;150;34;26.830821875936618;308.7829077528111;4.04444444444448;71.5683333333334;6.617647058823529;937.8500722126105;1800
