Ident;X;Y;Transfers;InjectedTransfers;PodsHandled;PodHandlingTimeAvg;PodHandlingTimeVar;PodHandlingTimeMin;PodHandlingTimeMax;PileOn;IdleTime;UpTime
InputStation0;0.50;12.50;0;0;0;0;0;0;0;0;1800;1800
OutputStation0;35.50;3.50;222;150;35;25.303171717907865;168.02280390546974;4.206760458079543;55.32544018537715;6.3428571428571425;955.3004039373377;1800
OutputStation1;35.50;9.50;281;209;33;35.08996086360566;329.4080308841581;4.13722222222259;77.67352091615919;8.515151515151516;722.407611773725;1800
OutputStation2;0.50;6.50;221;154;32;28.064088204498518;322.49675648914354;4.04444444444448;68.75158006817517;6.90625;953.251557922541;1800
