Ident;X;Y;Transfers;InjectedTransfers;PodsHandled;PodHandlingTimeAvg;PodHandlingTimeVar;PodHandlingTimeMin;PodHandlingTimeMax;PileOn;IdleTime;UpTime
InputStation0;0.50;12.50;0;0;0;0;0;0;0;0;1800;1800
OutputStation0;35.50;3.50;240;172;33;29.335746643036202;513.8240509251787;4.08055555555552;74.78388888888875;7.2727272727272725;880.4499496215446;1800
OutputStation1;35.50;9.50;275;209;30;37.64515704776127;431.63608918500626;4.288333333333412;85.23842712474675;9.166666666666666;743.8856850561178;1800
OutputStation2;0.50;6.50;269;192;32;34.04566242842504;385.1217997968208;8.212128430808662;77.63435065303133;8.40625;769.5617602306384;1800
