Ident;X;Y;Transfers;InjectedTransfers;PodsHandled;PodHandlingTimeAvg;PodHandlingTimeVar;PodHandlingTimeMin;PodHandlingTimeMax;PileOn;IdleTime;UpTime
InputStation0;0.50;12.50;0;0;0;0;0;0;0;0;1800;1800
OutputStation0;35.50;3.50;252;174;33;31.28415518902658;404.9738177726384;4.04444444444448;73.34592352828514;7.636363636363637;836.377078080329;1800
OutputStation1;35.50;9.50;238;174;34;28.345673116324733;415.0842009544479;4.04444444444448;74.63129869393674;7;895.4407934888347;1800
OutputStation2;0.50;6.50;264;203;33;33.15152039990858;321.1939480846716;4.170555555555666;67.98999999999984;8;793.067972553544;1800
