Ident;X;Y;Transfers;InjectedTransfers;PodsHandled;PodHandlingTimeAvg;PodHandlingTimeVar;PodHandlingTimeMin;PodHandlingTimeMax;PileOn;IdleTime;UpTime
InputStation0;0.50;12.50;0;0;0;0;0;0;0;0;1800;1800
OutputStation0;35.50;3.50;258;194;32;33.28449945875966;476.87157465120214;4.121666666666442;84.01194804090551;8.0625;813.9845670075609;1800
OutputStation1;35.50;9.50;258;185;34;31.129136533942823;446.2287883981264;4.047597387874703;83.7583333333331;7.588235294117647;808.8083117545586;1800
OutputStation2;0.50;6.50;227;156;34;27.498316781907587;316.74775596088375;4.3250000000000455;65.45370130606314;6.676470588235294;933.2424026121463;1800
