Ident;X;Y;Transfers;InjectedTransfers;PodsHandled;PodHandlingTimeAvg;PodHandlingTimeVar;PodHandlingTimeMin;PodHandlingTimeMax;PileOn;IdleTime;UpTime
InputStation0;0.50;12.50;0;0;0;0;0;0;0;0;1800;1800
OutputStation0;35.50;3.50;256;193;34;30.964556064958394;271.8209584098242;4.046666666666624;74.6356493469691;7.529411764705882;817.7437879045619;1800
OutputStation1;35.50;9.50;262;198;35;30.97987590113992;315.5862466515652;4.04444444444448;79.88342712474605;7.485714285714286;799.3917460722373;1800
OutputStation2;0.50;6.50;220;164;35;25.736925788917805;252.41758353819043;4.04444444444448;62.844350653031654;6.285714285714286;959.1313780995031;1800
