Ident;X;Y;Transfers;InjectedTransfers;PodsHandled;PodHandlingTimeAvg;PodHandlingTimeVar;PodHandlingTimeMin;PodHandlingTimeMax;PileOn;IdleTime;UpTime
InputStation0;0.50;12.50;0;0;0;0;0;0;0;0;1800;1800
OutputStation0;35.50;3.50;225;158;36;25.47636604044614;321.25464684167173;4.101111111110981;76.61453823585862;6.25;939.7493578459453;1800
OutputStation1;35.50;9.50;258;206;32;33.047746211316145;501.55728917376655;4.04444444444448;84.2694444444453;8.0625;811.2278715692029;1800
OutputStation2;0.50;6.50;239;183;34;28.967957093226673;336.1236247607383;4.046572875253787;71.78296536060247;7.029411764705882;887.9979293959453;1800
