Ident;X;Y;Transfers;InjectedTransfers;PodsHandled;PodHandlingTimeAvg;PodHandlingTimeVar;PodHandlingTimeMin;PodHandlingTimeMax;PileOn;IdleTime;UpTime
InputStation0;0.50;12.50;0;0;0;0;0;0;0;0;1800;1800
OutputStation0;35.50;3.50;211;151;36;24.010558560479346;333.224627971436;4.04444444444448;79.64027418131661;5.861111111111111;992.237193450528;1800
OutputStation1;35.50;9.50;259;195;34;30.938409938650988;256.0465899049655;4.237222222222215;75.53407647171593;7.617647058823529;812.7247186257728;1800
OutputStation2;0.50;6.50;222;160;32;27.829503064077926;345.12480924947107;4.04444444444448;69.40944444444494;6.9375;947.948225156066;1800
