Ident;X;Y;Transfers;InjectedTransfers;PodsHandled;PodHandlingTimeAvg;PodHandlingTimeVar;PodHandlingTimeMin;PodHandlingTimeMax;PileOn;IdleTime;UpTime
InputStation0;0.50;12.50;0;0;0;0;0;0;0;0;1800;1800
OutputStation0;35.50;3.50;269;206;31;35.60307709054622;492.4836583408716;4.103412738900033;74.04833333333323;8.67741935483871;767.9601081772629;1800
OutputStation1;35.50;9.50;243;177;34;29.20674836601316;328.21130152538285;4.07388888888886;75.67388888888883;7.147058823529412;868.8125830020272;1800
OutputStation2;0.50;6.50;222;152;34;26.75930629600371;405.7902564163113;4.04444444444448;74.9600215787707;6.529411764705882;949.369733011599;1800
