Ident;X;Y;Transfers;InjectedTransfers;PodsHandled;PodHandlingTimeAvg;PodHandlingTimeVar;PodHandlingTimeMin;PodHandlingTimeMax;PileOn;IdleTime;UpTime
InputStation0;0.50;12.50;0;0;0;0;0;0;0;0;1800;1800
OutputStation0;35.50;3.50;228;166;34;27.73744822182129;387.7106228008347;4.04444444444448;78.40231601363644;6.705882352941177;925.9899424566154;1800
OutputStation1;35.50;9.50;233;175;34;28.0171216359923;268.86544632538096;4.101666666666645;68.56944444444423;6.852941176470588;906.5991993182488;1800
OutputStation2;0.50;6.50;276;199;30;37.203811688434335;279.88937833887735;8.545000000000073;74.48740980504749;9.2;745.2416085564262;1800
