Ident;X;Y;Transfers;InjectedTransfers;PodsHandled;PodHandlingTimeAvg;PodHandlingTimeVar;PodHandlingTimeMin;PodHandlingTimeMax;PileOn;IdleTime;UpTime
InputStation0;0.50;12.50;0;0;0;0;0;0;0;0;1800;1800
OutputStation0;35.50;3.50;258;181;31;34.34946816783558;564.1101130849801;4.04444444444448;80.2271284308091;8.32258064516129;813.7701783085546;1800
OutputStation1;35.50;9.50;276;210;31;36.668656660423025;655.2024650766921;4.04444444444448;84.42555555555577;8.903225806451612;742.553904315399;1800
OutputStation2;0.50;6.50;233;169;33;28.53790197689349;461.3740815873623;4.04444444444448;77.50398268030233;7.0606060606060606;910.9920418323126;1800
