Ident;X;Y;Transfers;InjectedTransfers;PodsHandled;PodHandlingTimeAvg;PodHandlingTimeVar;PodHandlingTimeMin;PodHandlingTimeMax;PileOn;IdleTime;UpTime
InputStation0;0.50;12.50;0;0;0;0;0;0;0;0;1800;1800
OutputStation0;35.50;3.50;274;200;32;35.44962888036651;372.3557873676201;4.120093791412955;76.90287156919169;8.5625;748.3841846489648;1800
OutputStation1;35.50;9.50;243;178;35;27.236923939308387;431.268777270211;4.04444444444448;75.96444444444467;6.942857142857143;866.284863051024;1800
OutputStation2;0.50;6.50;277;210;29;39.15326242925834;526.921448857669;4.347777777777878;85.25907647171596;9.551724137931034;740.8975176989258;1800
