Ident;X;Y;Transfers;InjectedTransfers;PodsHandled;PodHandlingTimeAvg;PodHandlingTimeVar;PodHandlingTimeMin;PodHandlingTimeMax;PileOn;IdleTime;UpTime
InputStation0;0.50;12.50;0;0;0;0;0;0;0;0;1800;1800
OutputStation0;35.50;3.50;221;153;36;24.790316865405824;260.1761324891957;4.04444444444448;62.61833333333402;6.138888888888889;952.8577705848518;1800
OutputStation1;35.50;9.50;249;175;34;29.706963542884683;163.13486193283617;4.04444444444448;58.541204902523845;7.323529411764706;844.8688454479411;1800
OutputStation2;0.50;6.50;232;167;34;28.16719802975318;322.20500241982535;4.04444444444448;69.11333333333391;6.823529411764706;910.3938886054747;1800
