Ident;X;Y;Transfers;InjectedTransfers;PodsHandled;PodHandlingTimeAvg;PodHandlingTimeVar;PodHandlingTimeMin;PodHandlingTimeMax;PileOn;IdleTime;UpTime
InputStation0;0.50;12.50;0;0;0;0;0;0;0;0;1800;1800
OutputStation0;35.50;3.50;197;135;36;22.396329566007434;250.1203607051717;4.04444444444448;74.8250000000005;5.472222222222222;1049.8243940939906;1800
OutputStation1;35.50;9.50;268;210;31;35.70954289473776;295.0939077154299;8.312222222222204;75.03204183231827;8.64516129032258;772.8797548737873;1800
OutputStation2;0.50;6.50;204;137;35;23.97993382818179;253.47933249608312;4.04444444444448;75.66906927879279;5.828571428571428;1019.1286797273038;1800
