Ident;X;Y;Transfers;InjectedTransfers;PodsHandled;PodHandlingTimeAvg;PodHandlingTimeVar;PodHandlingTimeMin;PodHandlingTimeMax;PileOn;IdleTime;UpTime
InputStation0;0.50;12.50;0;0;0;0;0;0;0;0;1800;1800
OutputStation0;35.50;3.50;217;153;36;24.50125761614772;400.1383023107811;4.04444444444448;85.41592352828502;6.027777777777778;968.1495310429298;1800
OutputStation1;35.50;9.50;243;185;34;29.47589975059314;372.5922781690401;4.405555555555736;75.3222222222222;7.147058823529412;866.2652813742302;1800
OutputStation2;0.50;6.50;235;170;35;27.76164254887471;304.6471462415552;4.04444444444448;66.82787156919066;6.714285714285714;901.208268597021;1800
