Ident;X;Y;Transfers;InjectedTransfers;PodsHandled;PodHandlingTimeAvg;PodHandlingTimeVar;PodHandlingTimeMin;PodHandlingTimeMax;PileOn;IdleTime;UpTime
InputStation0;0.50;12.50;0;0;0;0;0;0;0;0;1800;1800
OutputStation0;35.50;3.50;263;197;31;34.53211795289971;357.7327812656816;8.464444444444553;81.77768398636442;8.483870967741936;792.085533976792;1800
OutputStation1;35.50;9.50;219;164;36;25.18913640187933;281.63288247833793;4.044444444444423;71.72731601363489;6.083333333333333;962.5845310429455;1800
OutputStation2;0.50;6.50;249;190;33;31.197133016712243;380.6476781836583;4.124444444444634;83.08000000000118;7.545454545454546;845.8431529434326;1800
