Ident;X;Y;Transfers;InjectedTransfers;PodsHandled;PodHandlingTimeAvg;PodHandlingTimeVar;PodHandlingTimeMin;PodHandlingTimeMax;PileOn;IdleTime;UpTime
InputStation0;0.50;12.50;0;0;0;0;0;0;0;0;1800;1800
OutputStation0;35.50;3.50;239;173;30;32.674704862198375;467.1999694767786;4.04444444444448;79.45722222222227;7.966666666666667;887.6458741041745;1800
OutputStation1;35.50;9.50;281;211;31;37.19081552820125;539.6751769870905;4.047128430807106;80.69676045807978;9.064516129032258;722.9699600205997;1800
OutputStation2;0.50;6.50;233;177;32;29.635538007470945;497.7523590699111;4.04444444444448;84.24676045808019;7.28125;906.4428700759908;1800
