Ident;X;Y;Transfers;InjectedTransfers;PodsHandled;PodHandlingTimeAvg;PodHandlingTimeVar;PodHandlingTimeMin;PodHandlingTimeMax;PileOn;IdleTime;UpTime
InputStation0;0.50;12.50;0;0;0;0;0;0;0;0;1800;1800
OutputStation0;35.50;3.50;272;195;30;37.358293169915825;423.3907968706967;4.252222222222144;82.27240980504787;9.066666666666666;759.6276402619942;1800
OutputStation1;35.50;9.50;278;207;31;37.031030117905246;604.1903602363841;4.275555555555229;83.34174607223417;8.96774193548387;732.4281095024776;1800
OutputStation2;0.50;6.50;275;201;33;34.2083862446132;302.88917845225757;8.632777777777846;82.59064934696863;8.333333333333334;748.9740333141787;1800
