Ident;X;Y;Transfers;InjectedTransfers;PodsHandled;PodHandlingTimeAvg;PodHandlingTimeVar;PodHandlingTimeMin;PodHandlingTimeMax;PileOn;IdleTime;UpTime
InputStation0;0.50;12.50;0;0;0;0;0;0;0;0;1800;1800
OutputStation0;35.50;3.50;274;202;31;35.669996278380815;556.9595136489419;8.1197114328329;81.67342712474692;8.838709677419354;748.6418182848774;1800
OutputStation1;35.50;9.50;262;195;32;33.56533617263208;484.9740262720822;4.04444444444448;77.39333333333303;8.1875;793.5794375349429;1800
OutputStation2;0.50;6.50;246;176;33;30.803279768151597;396.06063115838094;4.06444444443764;84.09610391819007;7.454545454545454;855.7774892106183;1800
