Ident;X;Y;Transfers;InjectedTransfers;PodsHandled;PodHandlingTimeAvg;PodHandlingTimeVar;PodHandlingTimeMin;PodHandlingTimeMax;PileOn;IdleTime;UpTime
InputStation0;0.50;12.50;0;0;0;0;0;0;0;0;1800;1800
OutputStation0;35.50;3.50;231;175;32;29.44659158503785;525.5439975527565;4.094906208587872;83.19676045807938;7.21875;917.231709824246;1800
OutputStation1;35.50;9.50;247;190;35;28.86789426326509;301.7628289397996;4.04444444444448;70.63333333333355;7.057142857142857;854.464898495324;1800
OutputStation2;0.50;6.50;226;158;33;26.585549419524884;293.2870630827887;4.04444444444448;70.3928715691909;6.848484848484849;932.7932169224747;1800
