Ident;X;Y;Transfers;InjectedTransfers;PodsHandled;PodHandlingTimeAvg;PodHandlingTimeVar;PodHandlingTimeMin;PodHandlingTimeMax;PileOn;IdleTime;UpTime
InputStation0;0.50;12.50;0;0;0;0;0;0;0;0;1800;1800
OutputStation0;35.50;3.50;239;167;33;29.739339493754436;266.42746698434297;4.393427124745813;71.52944444444506;7.242424242424242;886.6251593778908;1800
OutputStation1;35.50;9.50;286;219;32;36.340673702793765;366.6934420214005;4.2120346393965065;82.93731601363504;8.9375;705.647056501556;1800
OutputStation2;0.50;6.50;241;175;33;29.920251426827562;368.01631731822005;4.04444444444448;70.31231601363493;7.303030303030303;873.1454473782707;1800
