Ident;X;Y;Transfers;InjectedTransfers;PodsHandled;PodHandlingTimeAvg;PodHandlingTimeVar;PodHandlingTimeMin;PodHandlingTimeMax;PileOn;IdleTime;UpTime
InputStation0;0.50;12.50;0;0;0;0;0;0;0;0;1800;1800
OutputStation0;35.50;3.50;250;184;32;31.98770810855465;476.5477403643207;4.04444444444448;83.12944444444543;7.8125;842.5889826802911;1800
OutputStation1;35.50;9.50;237;170;33;29.09919148325704;326.35040205891227;4.196111111110895;71.57277777777767;7.181818181818182;892.8041414914239;1800
OutputStation2;0.50;6.50;253;200;34;30.180740599702997;372.2169933283206;4.04444444444448;82.21777777777766;7.4411764705882355;832.7369552338214;1800
