Ident;X;Y;Transfers;InjectedTransfers;PodsHandled;PodHandlingTimeAvg;PodHandlingTimeVar;PodHandlingTimeMin;PodHandlingTimeMax;PileOn;IdleTime;UpTime
InputStation0;0.50;12.50;0;0;0;0;0;0;0;0;1800;1800
OutputStation0;35.50;3.50;245;172;33;30.58090624874505;363.02678918823574;8.275555555555684;76.72055555555596;7.424242424242424;861.3185424949299;1800
OutputStation1;35.50;9.50;242;182;34;29.164196799390766;398.0011732777244;4.156017319701505;77.78777777777782;7.117647058823529;871.3612474931963;1800
OutputStation2;0.50;6.50;252;189;30;34.68601683072249;426.2611704184127;4.071666666666488;84.43797255352456;8.4;835.5203607798095;1800
