Ident;X;Y;Transfers;InjectedTransfers;PodsHandled;PodHandlingTimeAvg;PodHandlingTimeVar;PodHandlingTimeMin;PodHandlingTimeMax;PileOn;IdleTime;UpTime
InputStation0;0.50;12.50;0;0;0;0;0;0;0;0;1800;1800
OutputStation0;35.50;3.50;223;158;34;26.574340676530337;390.0702429677623;4.044444444444444;75.52000000000021;6.5588235294117645;946.9735353020216;1800
OutputStation1;35.50;9.50;259;194;35;30.414894248398344;259.1396353462312;4.274444444444043;59.480281374238636;7.4;802.9464575050806;1800
OutputStation2;0.50;6.50;254;190;32;32.58377592927739;312.02422315014945;12.11120490252597;74.19611111111112;7.9375;823.0814862767637;1800
