Ident;X;Y;Transfers;InjectedTransfers;PodsHandled;PodHandlingTimeAvg;PodHandlingTimeVar;PodHandlingTimeMin;PodHandlingTimeMax;PileOn;IdleTime;UpTime
InputStation0;0.50;12.50;0;0;0;0;0;0;0;0;1800;1800
OutputStation0;35.50;3.50;291;202;28;42.90937487155496;674.739498132274;8.464444444444553;85.78398268030179;10.392857142857142;684.7158081580901;1800
OutputStation1;35.50;9.50;299;232;29;42.522886499965246;764.0517905425871;4.204999999999927;81.78407647171474;10.310344827586206;652.0581673292729;1800
OutputStation2;0.50;6.50;274;194;31;35.199832890648445;611.4324151480873;4.154999999999973;83.65388888888879;8.838709677419354;748.2587807116383;1800
