Ident;X;Y;Transfers;InjectedTransfers;PodsHandled;PodHandlingTimeAvg;PodHandlingTimeVar;PodHandlingTimeMin;PodHandlingTimeMax;PileOn;IdleTime;UpTime
InputStation0;0.50;12.50;0;0;0;0;0;0;0;0;1800;1800
OutputStation0;35.50;3.50;245;177;32;31.439591451941755;452.6678112550143;4.04444444444448;79.44444444444446;7.65625;862.2959954575099;1800
OutputStation1;35.50;9.50;257;187;33;31.703226856871527;379.1597313469875;4.04444444444448;86.15509379141417;7.787878787878788;819.2399429769401;1800
OutputStation2;0.50;6.50;241;181;31;31.809028768475518;434.4741052181065;4.1966666666666015;77.60611111111119;7.774193548387097;878.0117892297638;1800
