Ident;X;Y;Transfers;InjectedTransfers;PodsHandled;PodHandlingTimeAvg;PodHandlingTimeVar;PodHandlingTimeMin;PodHandlingTimeMax;PileOn;IdleTime;UpTime
InputStation0;0.50;12.50;0;0;0;0;0;0;0;0;1800;1800
OutputStation0;35.50;3.50;207;135;38;21.798650602232307;191.9635865899392;4.04444444444448;58.61453823585737;5.447368421052632;1006.9222075529549;1800
OutputStation1;35.50;9.50;220;157;37;24.683133068331923;181.57158803769897;4.1462049025237775;50.3095382358581;5.945945945945946;958.9972294151421;1800
OutputStation2;0.50;6.50;250;190;33;30.912525470492742;297.8712225995977;8.322590194952454;81.20231601363491;7.575757575757576;841.8893940939695;1800
