Ident;X;Y;Transfers;InjectedTransfers;PodsHandled;PodHandlingTimeAvg;PodHandlingTimeVar;PodHandlingTimeMin;PodHandlingTimeMax;PileOn;IdleTime;UpTime
InputStation0;0.50;12.50;0;0;0;0;0;0;0;0;1800;1800
OutputStation0;35.50;3.50;238;170;33;29.56988974707105;426.8982302317468;4.06157287525366;71.07388888888886;7.212121212121212;889.0523863637613;1800
OutputStation1;35.50;9.50;227;166;34;27.33150749076035;349.69911398795443;4.04444444444448;74.45287156919062;6.676470588235294;931.2788468834995;1800
OutputStation2;0.50;6.50;270;200;30;37.14944696053559;393.07095565346947;4.119538235858272;79.99388888888893;9;765.3656015495628;1800
