Ident;X;Y;Transfers;InjectedTransfers;PodsHandled;PodHandlingTimeAvg;PodHandlingTimeVar;PodHandlingTimeMin;PodHandlingTimeMax;PileOn;IdleTime;UpTime
InputStation0;0.50;12.50;0;0;0;0;0;0;0;0;1800;1800
OutputStation0;35.50;3.50;274;198;30;37.141018518518514;502.2504648252308;4.1456493469681845;79.3255555555557;9.133333333333333;750.6006277682011;1800
OutputStation1;35.50;9.50;248;170;33;30.982014299724938;327.2975238409438;4.185000000001537;67.49500000000035;7.515151515151516;851.5727926839716;1800
OutputStation2;0.50;6.50;252;181;32;32.355755095943906;498.0208382466091;4.04444444444448;77.81787156919177;7.875;834.6026040604595;1800
