Ident;X;Y;Transfers;InjectedTransfers;PodsHandled;PodHandlingTimeAvg;PodHandlingTimeVar;PodHandlingTimeMin;PodHandlingTimeMax;PileOn;IdleTime;UpTime
InputStation0;0.50;12.50;0;0;0;0;0;0;0;0;1800;1800
OutputStation0;35.50;3.50;269;207;30;35.99194131806399;361.03985392700156;4.04444444444448;70.78768398636464;8.966666666666667;766.0903535868833;1800
OutputStation1;35.50;9.50;268;210;31;35.41620932937462;448.23782638508703;4.04444444444448;84.22637809950083;8.64516129032258;772.6825830020227;1800
OutputStation2;0.50;6.50;266;194;31;34.93051971326188;536.8377678928255;4.04444444444448;74.23666666666634;8.580645161290322;786.0369045999523;1800
