Ident;X;Y;Transfers;InjectedTransfers;PodsHandled;PodHandlingTimeAvg;PodHandlingTimeVar;PodHandlingTimeMin;PodHandlingTimeMax;PileOn;IdleTime;UpTime
InputStation0;0.50;12.50;0;0;0;0;0;0;0;0;1800;1800
OutputStation0;35.50;3.50;275;199;31;36.08172135822668;461.32987833858516;8.09925686161887;79.9884271247463;8.870967741935484;748.4083328181941;1800
OutputStation1;35.50;9.50;252;183;31;33.474889911648475;467.41388352610096;4.04777777777781;79.5599062085875;8.129032258064516;837.7643578459556;1800
OutputStation2;0.50;6.50;242;174;31;31.36539775482195;410.26854447241277;8.04444444444448;69.05500000000009;7.806451612903226;876.5715788558539;1800
