Ident;X;Y;Transfers;InjectedTransfers;PodsHandled;PodHandlingTimeAvg;PodHandlingTimeVar;PodHandlingTimeMin;PodHandlingTimeMax;PileOn;IdleTime;UpTime
InputStation0;0.50;12.50;0;0;0;0;0;0;0;0;1800;1800
OutputStation0;35.50;3.50;274;215;29;37.05521072796951;359.62559845378445;8.207777777777892;80.57230882071326;9.448275862068966;747.9105802429876;1800
OutputStation1;35.50;9.50;227;167;35;26.654814824452913;264.3647617345736;4.04444444444448;68.15666666666652;6.485714285714286;929.7030032929258;1800
OutputStation2;0.50;6.50;251;189;33;30.93436907625356;267.5503002529666;4.04444444444448;58.67629869393687;7.606060606060606;835.2767581507012;1800
