Ident;X;Y;Transfers;InjectedTransfers;PodsHandled;PodHandlingTimeAvg;PodHandlingTimeVar;PodHandlingTimeMin;PodHandlingTimeMax;PileOn;IdleTime;UpTime
InputStation0;0.50;12.50;0;0;0;0;0;0;0;0;1800;1800
OutputStation0;35.50;3.50;281;203;29;39.6401885847266;396.85279318107627;8.35989901566154;82.32944444444445;9.689655172413794;724.5282467348302;1800
OutputStation1;35.50;9.50;274;201;34;32.648115821003984;364.94763222339714;4.107777777777528;73.55944444444526;8.058823529411764;750.3035065302945;1800
OutputStation2;0.50;6.50;222;154;35;25.93701051350674;269.6248130505576;4.04444444444448;62.86370130606292;6.3428571428571425;951.9049349802847;1800
