Ident;X;Y;Transfers;InjectedTransfers;PodsHandled;PodHandlingTimeAvg;PodHandlingTimeVar;PodHandlingTimeMin;PodHandlingTimeMax;PileOn;IdleTime;UpTime
InputStation0;0.50;12.50;0;0;0;0;0;0;0;0;1800;1800
OutputStation0;35.50;3.50;233;169;34;27.78936592678218;266.24177345105653;4.207316013635136;73.32712843080941;6.852941176470588;907.6942715309076;1800
OutputStation1;35.50;9.50;245;183;35;28.959683780852668;324.8997924061723;4.241111111110968;64.7700937914127;7;863.8345166570674;1800
OutputStation2;0.50;6.50;239;175;33;29.7995334319873;306.41717059948894;4.044444444444451;71.77055555555398;7.242424242424242;884.7860967252797;1800
