Ident;X;Y;Transfers;InjectedTransfers;PodsHandled;PodHandlingTimeAvg;PodHandlingTimeVar;PodHandlingTimeMin;PodHandlingTimeMax;PileOn;IdleTime;UpTime
InputStation0;0.50;12.50;0;0;0;0;0;0;0;0;1800;1800
OutputStation0;35.50;3.50;231;172;33;28.897384452127813;282.3528537275443;4.044444444444423;54.268982680301406;7;915.9710532842989;1800
OutputStation1;35.50;9.50;248;196;35;28.659609356160814;292.69887135953013;4.166962426750615;80.04907647171547;7.085714285714285;846.3867026312728;1800
OutputStation2;0.50;6.50;226;167;34;26.48085540190114;296.270058831167;4.04444444444448;68.09684705657105;6.647058823529412;935.7732470182553;1800
