Ident;X;Y;Transfers;InjectedTransfers;PodsHandled;PodHandlingTimeAvg;PodHandlingTimeVar;PodHandlingTimeMin;PodHandlingTimeMax;PileOn;IdleTime;UpTime
InputStation0;0.50;12.50;0;0;0;0;0;0;0;0;1800;1800
OutputStation0;35.50;3.50;214;147;35;24.10158936480582;340.74464786430667;4.04444444444448;78.30962483434905;6.114285714285714;980.6043650388765;1800
OutputStation1;35.50;9.50;240;168;33;30.095103634297807;431.77631108310857;8.08888888888896;84.33833333333337;7.2727272727272725;879.4791921253234;1800
OutputStation2;0.50;6.50;244;182;34;29.74934682834185;332.93107830302614;4.04444444444448;76.36944444444521;7.176470588235294;867.2434343176562;1800
