Ident;X;Y;Transfers;InjectedTransfers;PodsHandled;PodHandlingTimeAvg;PodHandlingTimeVar;PodHandlingTimeMin;PodHandlingTimeMax;PileOn;IdleTime;UpTime
InputStation0;0.50;12.50;0;0;0;0;0;0;0;0;1800;1800
OutputStation0;35.50;3.50;219;158;33;27.071501812564357;384.25830441915315;4.071666666666488;84.6085209161597;6.636363636363637;958.7394950782866;1800
OutputStation1;35.50;9.50;226;168;35;26.48337064438673;283.0534787162591;4.0939826803034975;64.26435065303178;6.457142857142857;936.0551711366676;1800
OutputStation2;0.50;6.50;186;133;35;21.883034425786693;219.16865456596696;4.04444444444448;59.18342712474737;5.314285714285714;1088.1720202535764;1800
