Ident;X;Y;Transfers;InjectedTransfers;PodsHandled;PodHandlingTimeAvg;PodHandlingTimeVar;PodHandlingTimeMin;PodHandlingTimeMax;PileOn;IdleTime;UpTime
InputStation0;0.50;12.50;0;0;0;0;0;0;0;0;1800;1800
OutputStation0;35.50;3.50;252;194;32;32.068962829250275;242.24082732937086;4.148333333332857;76.21852091615938;7.875;837.2075950550279;1800
OutputStation1;35.50;9.50;266;197;32;34.00828703415035;299.32165117161867;12.303888888889105;78.73666666666645;8.3125;780.4880911394532;1800
OutputStation2;0.50;6.50;228;177;31;30.40993823100562;378.8961212478304;4.241017319697903;76.2972222222229;7.354838709677419;928.0247042289886;1800
