Ident;X;Y;Transfers;InjectedTransfers;PodsHandled;PodHandlingTimeAvg;PodHandlingTimeVar;PodHandlingTimeMin;PodHandlingTimeMax;PileOn;IdleTime;UpTime
InputStation0;0.50;12.50;0;0;0;0;0;0;0;0;1800;1800
OutputStation0;35.50;3.50;258;189;31;33.870343759351314;336.053666404875;4.04444444444448;79.4941630702051;8.32258064516129;808.0361689379033;1800
OutputStation1;35.50;9.50;259;195;35;30.36129107379505;362.82476827490626;4.273888888888678;78.84157287525397;7.4;809.3882251560582;1800
OutputStation2;0.50;6.50;256;183;32;32.62647253868398;270.50173231411304;8.621111111111986;80.51417026312751;8;821.9159235283144;1800
