Ident;X;Y;Transfers;InjectedTransfers;PodsHandled;PodHandlingTimeAvg;PodHandlingTimeVar;PodHandlingTimeMin;PodHandlingTimeMax;PileOn;IdleTime;UpTime
InputStation0;0.50;12.50;0;0;0;0;0;0;0;0;1800;1800
OutputStation0;35.50;3.50;250;179;33;30.925773102970027;416.2345087712978;4.122489210613594;76.92370130606389;7.575757575757576;843.196082056009;1800
OutputStation1;35.50;9.50;268;204;33;33.28836962756356;354.22096443826666;4.098333333333322;75.66564934696873;8.121212121212121;771.6122438009952;1800
OutputStation2;0.50;6.50;245;184;35;28.50307173683956;310.1099250519892;4.23833333333323;72.9648124171747;7;862.2398268030129;1800
