Ident;X;Y;Transfers;InjectedTransfers;PodsHandled;PodHandlingTimeAvg;PodHandlingTimeVar;PodHandlingTimeMin;PodHandlingTimeMax;PileOn;IdleTime;UpTime
InputStation0;0.50;12.50;0;0;0;0;0;0;0;0;1800;1800
OutputStation0;35.50;3.50;262;186;30;35.64588576250848;453.1831660458022;4.04444444444448;73.15046176414239;8.733333333333333;796.1606640162304;1800
OutputStation1;35.50;9.50;267;202;32;33.72867469359232;531.3018911680123;4.321111111110895;77.20277777777824;8.34375;779.0642856333203;1800
OutputStation2;0.50;6.50;235;176;33;29.24943897808378;404.5250040472952;4.04444444444448;72.00703463939641;7.121212121212121;899.5502022520943;1800
