Ident;X;Y;Transfers;InjectedTransfers;PodsHandled;PodHandlingTimeAvg;PodHandlingTimeVar;PodHandlingTimeMin;PodHandlingTimeMax;PileOn;IdleTime;UpTime
InputStation0;0.50;12.50;0;0;0;0;0;0;0;0;1800;1800
OutputStation0;35.50;3.50;256;185;31;33.29667574325479;500.3352352616928;4.04444444444448;80.75509379141312;8.258064516129032;817.7934849515723;1800
OutputStation1;35.50;9.50;230;166;35;26.796645434141624;396.4416750244414;4.04444444444448;80.40703463939963;6.571428571428571;919.2364575050904;1800
OutputStation2;0.50;6.50;255;187;34;30.76672120341645;296.3673490042087;4.04444444444448;69.48888888888897;7.5;822.4127055651109;1800
