Ident;X;Y;Transfers;InjectedTransfers;PodsHandled;PodHandlingTimeAvg;PodHandlingTimeVar;PodHandlingTimeMin;PodHandlingTimeMax;PileOn;IdleTime;UpTime
InputStation0;0.50;12.50;0;0;0;0;0;0;0;0;1800;1800
OutputStation0;35.50;3.50;282;199;28;40.83328772207749;661.9604146520901;4.04444444444448;84.18111111111057;10.071428571428571;721.9468830211829;1800
OutputStation1;35.50;9.50;296;226;31;39.12817902218895;515.6074578977791;8.08888888888896;84.3939826803018;9.548387096774194;663.6914500287457;1800
OutputStation2;0.50;6.50;273;208;30;37.4617804246299;632.8979428659725;4.04444444444448;79.73333333333335;9.1;756.5505267838538;1800
