Ident;X;Y;Transfers;InjectedTransfers;PodsHandled;PodHandlingTimeAvg;PodHandlingTimeVar;PodHandlingTimeMin;PodHandlingTimeMax;PileOn;IdleTime;UpTime
InputStation0;0.50;12.50;0;0;0;0;0;0;0;0;1800;1800
OutputStation0;35.50;3.50;247;189;35;29.103688376571693;243.1513609997345;4.04444444444448;62.73777777777775;7.057142857142857;858.8967029146742;1800
OutputStation1;35.50;9.50;197;135;35;23.215209234473377;365.94109070528225;4.04444444444448;79.77888888888924;5.628571428571429;1049.4594804090718;1800
OutputStation2;0.50;6.50;239;173;34;28.841607390694527;324.1097550394023;4.072316013634918;81.53860751464867;7.029411764705882;884.1383259148012;1800
