Ident;X;Y;Transfers;InjectedTransfers;PodsHandled;PodHandlingTimeAvg;PodHandlingTimeVar;PodHandlingTimeMin;PodHandlingTimeMax;PileOn;IdleTime;UpTime
InputStation0;0.50;12.50;0;0;0;0;0;0;0;0;1800;1800
OutputStation0;35.50;3.50;261;194;33;32.13213782917085;444.50320803217215;4.051111111110458;73.73212123788835;7.909090909090909;798.9990189283327;1800
OutputStation1;35.50;9.50;253;186;33;31.578070093326847;266.99405890300307;4.114999999999782;59.21750359646087;7.666666666666667;833.7826261595602;1800
OutputStation2;0.50;6.50;259;193;31;33.552105850782176;300.0136473010192;4.0514790838401495;75.43000000000166;8.35483870967742;805.8427777777979;1800
