Ident;X;Y;Transfers;InjectedTransfers;PodsHandled;PodHandlingTimeAvg;PodHandlingTimeVar;PodHandlingTimeMin;PodHandlingTimeMax;PileOn;IdleTime;UpTime
InputStation0;0.50;12.50;0;0;0;0;0;0;0;0;1800;1800
OutputStation0;35.50;3.50;240;164;32;30.742141503408718;455.8448852762406;4.211854249493399;78.30444444444481;7.5;879.2997402045271;1800
OutputStation1;35.50;9.50;287;220;29;40.475654575182844;396.57439807363914;8.357683986364691;84.78787156919134;9.89655172413793;695.9471068520346;1800
OutputStation2;0.50;6.50;246;179;30;33.78591654678465;328.63211754136495;4.114999999999782;83.27296536060476;8.2;857.2345094641641;1800
