Ident;X;Y;Transfers;InjectedTransfers;PodsHandled;PodHandlingTimeAvg;PodHandlingTimeVar;PodHandlingTimeMin;PodHandlingTimeMax;PileOn;IdleTime;UpTime
InputStation0;0.50;12.50;0;0;0;0;0;0;0;0;1800;1800
OutputStation0;35.50;3.50;193;129;39;20.26041070050516;235.97919539695363;4.04444444444448;71.68166666666662;4.948717948717949;1057.0820490252522;1800
OutputStation1;35.50;9.50;219;158;35;25.812391671399613;267.3258693939138;4.04444444444448;66.3366666666668;6.257142857142857;955.9730157110668;1800
OutputStation2;0.50;6.50;241;181;34;28.80832781619117;320.1388309333639;4.132871569191138;84.27453823585802;7.088235294117647;879.959191841911;1800
