Ident;X;Y;Transfers;InjectedTransfers;PodsHandled;PodHandlingTimeAvg;PodHandlingTimeVar;PodHandlingTimeMin;PodHandlingTimeMax;PileOn;IdleTime;UpTime
InputStation0;0.50;12.50;0;0;0;0;0;0;0;0;1800;1800
OutputStation0;35.50;3.50;258;199;30;35.2016265032491;438.5142488334491;4.1395382358568895;82.36861470757191;8.6;810.5179222030661;1800
OutputStation1;35.50;9.50;252;197;33;31.363175915886384;395.0020468795215;4.080093791412764;80.41611111111095;7.636363636363637;832.7583621050201;1800
OutputStation2;0.50;6.50;283;224;32;35.9870109579074;470.398497853016;4.04444444444448;80.8766594737449;8.84375;712.3022512773074;1800
