Ident;X;Y;Transfers;InjectedTransfers;PodsHandled;PodHandlingTimeAvg;PodHandlingTimeVar;PodHandlingTimeMin;PodHandlingTimeMax;PileOn;IdleTime;UpTime
InputStation0;0.50;12.50;0;0;0;0;0;0;0;0;1800;1800
OutputStation0;35.50;3.50;173;145;19;91.44826573817065;2438.9216839054384;10.070000000000007;187.86611111111188;9.105263157894736;98.42658006818513;1800
OutputStation1;35.50;9.50;172;134;24;72.74939964667381;1793.2864075044795;12.17777777777792;176.13974020452747;7.166666666666667;115.4478427974887;1800
OutputStation2;0.50;6.50;173;140;22;81.66704446080975;3550.5571353908954;10.256017319698248;184.92639248534968;7.863636363636363;110.4470268796183;1800
