Ident;X;Y;Transfers;InjectedTransfers;PodsHandled;PodHandlingTimeAvg;PodHandlingTimeVar;PodHandlingTimeMin;PodHandlingTimeMax;PileOn;IdleTime;UpTime
InputStation0;0.50;12.50;0;0;0;0;0;0;0;0;1800;1800
OutputStation0;35.50;3.50;257;191;32;32.984673519428135;391.8377661590071;8.53009379141281;73.33287156919056;8.03125;813.0084558964306;1800
OutputStation1;35.50;9.50;248;187;33;31.172272727272766;396.61187222743996;4.04444444444448;83.66888888888872;7.515151515151516;849.287727143911;1800
OutputStation2;0.50;6.50;242;179;34;28.638611322667554;303.6208202332369;4.04444444444448;75.02888888888873;7.117647058823529;869.1276552146518;1800
