Ident;X;Y;Transfers;InjectedTransfers;PodsHandled;PodHandlingTimeAvg;PodHandlingTimeVar;PodHandlingTimeMin;PodHandlingTimeMax;PileOn;IdleTime;UpTime
InputStation0;0.50;12.50;0;0;0;0;0;0;0;0;1800;1800
OutputStation0;35.50;3.50;237;173;31;31.00229972583936;374.00054690061785;4.044444444444444;68.89685424949312;7.645161290322581;889.8073882262988;1800
OutputStation1;35.50;9.50;265;206;31;34.927506863163195;319.6983994975284;4.04444444444448;75.31833333333361;8.548387096774194;783.9875035684875;1800
OutputStation2;0.50;6.50;235;174;34;27.793665859417594;343.2261623545269;4.04444444444448;69.18111111111125;6.911764705882353;899.5403823585873;1800
