Ident;X;Y;Transfers;InjectedTransfers;PodsHandled;PodHandlingTimeAvg;PodHandlingTimeVar;PodHandlingTimeMin;PodHandlingTimeMax;PileOn;IdleTime;UpTime
InputStation0;0.50;12.50;0;0;0;0;0;0;0;0;1800;1800
OutputStation0;35.50;3.50;274;203;31;36.53211143778129;403.75018972559036;4.04444444444448;73.36676045807974;8.838709677419354;754.8516882454616;1800
OutputStation1;35.50;9.50;286;220;30;38.90481385575806;228.68178407016512;12.206204902524178;81.69787156919188;9.533333333333333;699.4102813742363;1800
OutputStation2;0.50;6.50;249;189;34;29.799399452747828;368.39993012691366;4.04444444444448;73.17666666666669;7.323529411764706;846.9088670267399;1800
