Ident;X;Y;Transfers;InjectedTransfers;PodsHandled;PodHandlingTimeAvg;PodHandlingTimeVar;PodHandlingTimeMin;PodHandlingTimeMax;PileOn;IdleTime;UpTime
InputStation0;0.50;12.50;0;0;0;0;0;0;0;0;1800;1800
OutputStation0;35.50;3.50;262;190;29;35.91138353665898;415.7021488290348;4.401666666666415;76.16370849898726;9.03448275862069;795.5988022903996;1800
OutputStation1;35.50;9.50;258;198;33;32.117968647291335;430.68345722884885;4.1644444444444275;79.02676045808016;7.818181818181818;809.4017679344236;1800
OutputStation2;0.50;6.50;254;179;31;33.86924777588746;563.4436923774572;4.04444444444448;84.25287156919057;8.193548387096774;825.3943722317721;1800
