Ident;X;Y;Transfers;InjectedTransfers;PodsHandled;PodHandlingTimeAvg;PodHandlingTimeVar;PodHandlingTimeMin;PodHandlingTimeMax;PileOn;IdleTime;UpTime
InputStation0;0.50;12.50;0;0;0;0;0;0;0;0;1800;1800
OutputStation0;35.50;3.50;245;179;32;31.62658887883493;379.860126283363;4.379906208587045;73.94287156919086;7.65625;859.205526783868;1800
OutputStation1;35.50;9.50;269;201;32;34.673562183538436;491.3639414387098;4.04444444444448;82.14333333333337;8.40625;768.6084558964495;1800
OutputStation2;0.50;6.50;227;165;33;28.43395360475984;418.32675597005715;4.04444444444448;76.0423160136352;6.878787878787879;930.1464575050857;1800
