Ident;X;Y;Transfers;InjectedTransfers;PodsHandled;PodHandlingTimeAvg;PodHandlingTimeVar;PodHandlingTimeMin;PodHandlingTimeMax;PileOn;IdleTime;UpTime
InputStation0;0.50;12.50;0;0;0;0;0;0;0;0;1800;1800
OutputStation0;35.50;3.50;247;181;33;30.26090624874513;390.2203895643517;4.04444444444448;77.1944444444448;7.484848484848484;853.6248411888384;1800
OutputStation1;35.50;9.50;288;226;31;37.85732369804514;383.1830172471421;4.093888888888841;77.77546176414285;9.290322580645162;700.2285784596211;1800
OutputStation2;0.50;6.50;223;164;33;27.394839958356716;426.2308429809172;4.045000000000073;73.65564934696847;6.757575757575758;943.8426408287993;1800
