Ident;X;Y;Transfers;InjectedTransfers;PodsHandled;PodHandlingTimeAvg;PodHandlingTimeVar;PodHandlingTimeMin;PodHandlingTimeMax;PileOn;IdleTime;UpTime
InputStation0;0.50;12.50;0;0;0;0;0;0;0;0;1800;1800
OutputStation0;35.50;3.50;261;189;31;34.827285062251555;650.4171415061189;4.04444444444448;84.24212843080923;8.419354838709678;797.5161094012312;1800
OutputStation1;35.50;9.50;271;201;32;34.52927053740767;339.8141141116065;4.418982680302861;79.3875973878736;8.46875;759.3809088590136;1800
OutputStation2;0.50;6.50;239;174;31;31.320866266112798;459.63171958760176;4.16944444444448;82.96222222222241;7.709677419354839;884.8518614424252;1800
