Ident;X;Y;Transfers;InjectedTransfers;PodsHandled;PodHandlingTimeAvg;PodHandlingTimeVar;PodHandlingTimeMin;PodHandlingTimeMax;PileOn;IdleTime;UpTime
InputStation0;0.50;12.50;0;0;0;0;0;0;0;0;1800;1800
OutputStation0;35.50;3.50;229;165;36;26.436228957660433;277.92241995374496;4.101666666667143;68.62898268030173;6.361111111111111;925.5103607798039;1800
OutputStation1;35.50;9.50;250;190;33;31.056504218793513;308.40578263914966;8.293888888888887;82.31222222222243;7.575757575757576;847.0677633919428;1800
OutputStation2;0.50;6.50;258;198;31;33.80411255518125;554.623623834892;4.118333333333112;82.81620490252399;8.32258064516129;815.2727993565419;1800
