Ident;X;Y;Transfers;InjectedTransfers;PodsHandled;PodHandlingTimeAvg;PodHandlingTimeVar;PodHandlingTimeMin;PodHandlingTimeMax;PileOn;IdleTime;UpTime
InputStation0;0.50;12.50;0;0;0;0;0;0;0;0;1800;1800
OutputStation0;35.50;3.50;255;180;32;32.36331033503783;420.5579637356896;4.212222222222067;80.06342712474748;7.96875;822.498636286351;1800
OutputStation1;35.50;9.50;244;179;33;30.620465696143377;398.7219051217319;4.04444444444448;84.96833333333325;7.393939393939394;863.1953029530052;1800
OutputStation2;0.50;6.50;290;225;29;40.738046721107025;572.2226194564887;8.228333333333012;81.15398268030145;10;687.2182901757843;1800
