Ident;X;Y;Transfers;InjectedTransfers;PodsHandled;PodHandlingTimeAvg;PodHandlingTimeVar;PodHandlingTimeMin;PodHandlingTimeMax;PileOn;IdleTime;UpTime
InputStation0;0.50;12.50;0;0;0;0;0;0;0;0;1800;1800
OutputStation0;35.50;3.50;287;209;31;38.14593236370114;511.10909414412913;4.288239541919438;77.65102451261991;9.258064516129032;702.9315944540368;1800
OutputStation1;35.50;9.50;234;168;34;28.199517868077958;446.8550928276208;4.04444444444448;79.762222222221;6.882352941176471;907.2553101459183;1800
OutputStation2;0.50;6.50;236;167;32;30.29126736111167;513.8637599658066;4.1070346393960335;85.63666666666688;7.375;894.2437444635873;1800
