Ident;X;Y;Transfers;InjectedTransfers;PodsHandled;PodHandlingTimeAvg;PodHandlingTimeVar;PodHandlingTimeMin;PodHandlingTimeMax;PileOn;IdleTime;UpTime
InputStation0;0.50;12.50;0;0;0;0;0;0;0;0;1800;1800
OutputStation0;35.50;3.50;248;176;32;31.18421040661276;520.514965661645;4.053333333333512;80.89166666666665;7.75;848.8533911601254;1800
OutputStation1;35.50;9.50;289;219;32;36.86127592927724;384.67490077936606;4.04444444444448;79.75111111111141;9.03125;693.7088094833198;1800
OutputStation2;0.50;6.50;227;168;35;26.61137538735941;279.1863524087485;4.092409805048419;75.79944444444322;6.485714285714286;930.5885931287916;1800
