Ident;X;Y;Transfers;InjectedTransfers;PodsHandled;PodHandlingTimeAvg;PodHandlingTimeVar;PodHandlingTimeMin;PodHandlingTimeMax;PileOn;IdleTime;UpTime
InputStation0;0.50;12.50;0;0;0;0;0;0;0;0;1800;1800
OutputStation0;35.50;3.50;307;247;28;44.98868094089077;485.93630864765066;8.41611111111115;79.85463202727055;10.964285714285714;623.2698268030524;1800
OutputStation1;35.50;9.50;233;167;36;26.58166346193941;333.35645165257733;4.044444444444444;82.44231601363475;6.472222222222222;909.2291846489795;1800
OutputStation2;0.50;6.50;235;172;31;30.471174183170167;296.1338720799793;4.14222222222179;75.21611111111108;7.580645161290323;900.3024529625862;1800
