Ident;X;Y;Transfers;InjectedTransfers;PodsHandled;PodHandlingTimeAvg;PodHandlingTimeVar;PodHandlingTimeMin;PodHandlingTimeMax;PileOn;IdleTime;UpTime
InputStation0;0.50;12.50;0;0;0;0;0;0;0;0;1800;1800
OutputStation0;35.50;3.50;268;196;30;36.95493554483145;442.7566934970033;8.418888888888887;84.2822222222228;8.933333333333334;770.6314862767716;1800
OutputStation1;35.50;9.50;248;172;33;31.120752109396932;193.43385869820847;8.282316013634954;63.168333333333976;7.515151515151516;850.1129725535232;1800
OutputStation2;0.50;6.50;250;178;33;30.615258209580666;416.83784940481166;4.082128430809462;79.2527777777778;7.575757575757576;840.7818902141076;1800
