Ident;X;Y;Transfers;InjectedTransfers;PodsHandled;PodHandlingTimeAvg;PodHandlingTimeVar;PodHandlingTimeMin;PodHandlingTimeMax;PileOn;IdleTime;UpTime
InputStation0;0.50;12.50;0;0;0;0;0;0;0;0;1800;1800
OutputStation0;35.50;3.50;242;175;34;28.890915032679867;331.41245528632777;4.04444444444448;70.73287156919054;7.117647058823529;869.416630702063;1800
OutputStation1;35.50;9.50;247;190;32;30.342861652351687;386.2892698139179;4.04444444444448;73.43555555555557;7.71875;854.8118902141111;1800
OutputStation2;0.50;6.50;238;168;34;28.892015321063592;341.49438026206775;4.14611111111094;71.99888888888887;7;891.1868038990344;1800
