Ident;X;Y;Transfers;InjectedTransfers;PodsHandled;PodHandlingTimeAvg;PodHandlingTimeVar;PodHandlingTimeMin;PodHandlingTimeMax;PileOn;IdleTime;UpTime
InputStation0;0.50;12.50;0;0;0;0;0;0;0;0;1800;1800
OutputStation0;35.50;3.50;226;161;36;25.624098934860292;326.07293655022255;4.257409805047644;78.94;6.277777777777778;930.417129177639;1800
OutputStation1;35.50;9.50;214;151;37;23.764917514619277;221.8919235713243;4.044444444444423;62.0208297368726;5.783783783783784;978.5629358420763;1800
OutputStation2;0.50;6.50;233;172;32;29.81635980385114;441.4475175315825;4.219444444444491;78.84814575050666;7.28125;909.3453679727198;1800
