Ident;X;Y;Transfers;InjectedTransfers;PodsHandled;PodHandlingTimeAvg;PodHandlingTimeVar;PodHandlingTimeMin;PodHandlingTimeMax;PileOn;IdleTime;UpTime
InputStation0;0.50;12.50;0;0;0;0;0;0;0;0;1800;1800
OutputStation0;35.50;3.50;218;157;35;25.601380952380907;345.2710083596499;4.04444444444448;68.14555555555546;6.228571428571429;966.6190042590608;1800
OutputStation1;35.50;9.50;268;206;34;31.857540955451547;265.03162253857283;4.04444444444448;72.94944444444491;7.882352941176471;770.2336509555903;1800
OutputStation2;0.50;6.50;218;158;35;25.501820653852395;395.9818060027954;4.04444444444448;83.4412049025243;6.228571428571429;965.5471500095954;1800
