Ident;X;Y;Transfers;InjectedTransfers;PodsHandled;PodHandlingTimeAvg;PodHandlingTimeVar;PodHandlingTimeMin;PodHandlingTimeMax;PileOn;IdleTime;UpTime
InputStation0;0.50;12.50;0;0;0;0;0;0;0;0;1800;1800
OutputStation0;35.50;3.50;210;150;35;24.452087198831283;324.50918320392896;4.24935065303157;78.26509379141305;6;994.5982107702235;1800
OutputStation1;35.50;9.50;230;174;32;29.905225694444574;468.1092171513998;4.069632027269563;72.15888888888958;7.1875;919.5128931479646;1800
OutputStation2;0.50;6.50;228;158;34;27.767034419503815;306.9603927333453;4.04444444444448;62.76398268030209;6.705882352941177;922.2109091424348;1800
