Ident;X;Y;Transfers;InjectedTransfers;PodsHandled;PodHandlingTimeAvg;PodHandlingTimeVar;PodHandlingTimeMin;PodHandlingTimeMax;PileOn;IdleTime;UpTime
InputStation0;0.50;12.50;0;0;0;0;0;0;0;0;1800;1800
OutputStation0;35.50;3.50;281;211;29;39.35116932647121;619.8634108289162;4.071666666666488;83.8318542494934;9.689655172413794;720.7095238500137;1800
OutputStation1;35.50;9.50;249;182;33;30.931072628619138;487.63339114626;4.044999999999845;80.55231601363539;7.545454545454546;845.7031457504871;1800
OutputStation2;0.50;6.50;249;182;34;29.877396655198872;498.27189332475564;4.04444444444448;84.41768398636493;7.323529411764706;846.5889826803002;1800
