Ident;X;Y;Transfers;InjectedTransfers;PodsHandled;PodHandlingTimeAvg;PodHandlingTimeVar;PodHandlingTimeMin;PodHandlingTimeMax;PileOn;IdleTime;UpTime
InputStation0;0.50;12.50;0;0;0;0;0;0;0;0;1800;1800
OutputStation0;35.50;3.50;238;179;33;29.778926179856104;330.9914193654497;4.141111111111286;77.01935065303269;7.212121212121212;894.1365261149346;1800
OutputStation1;35.50;9.50;226;156;35;25.81365079365084;278.8375213430928;4.123888888888814;69.36555555555572;6.457142857142857;934.8759636135187;1800
OutputStation2;0.50;6.50;255;204;31;33.376272931954986;303.2043455119007;4.08055555555552;66.65240980504802;8.225806451612904;821.1414826739958;1800
