Ident;X;Y;Transfers;InjectedTransfers;PodsHandled;PodHandlingTimeAvg;PodHandlingTimeVar;PodHandlingTimeMin;PodHandlingTimeMax;PileOn;IdleTime;UpTime
InputStation0;0.50;12.50;0;0;0;0;0;0;0;0;1800;1800
OutputStation0;35.50;3.50;240;180;34;28.959065657323517;364.26947398810245;4.0744444444444525;68.86333333333343;7.0588235294117645;884.8311108276971;1800
OutputStation1;35.50;9.50;254;190;33;31.774259041292055;354.1040073103155;4.1872222222218625;67.07629869393668;7.696969696969697;829.6185209161623;1800
OutputStation2;0.50;6.50;226;162;34;27.345271414409634;315.87907390822005;4.04444444444448;76.37676045808121;6.647058823529412;936.7489467156629;1800
