Ident;X;Y;Transfers;InjectedTransfers;PodsHandled;PodHandlingTimeAvg;PodHandlingTimeVar;PodHandlingTimeMin;PodHandlingTimeMax;PileOn;IdleTime;UpTime
InputStation0;0.50;12.50;0;0;0;0;0;0;0;0;1800;1800
OutputStation0;35.50;3.50;282;210;31;37.1734503917229;405.72427308718136;8.13333333333344;81.30055555555612;9.096774193548388;721.253816959657;1800
OutputStation1;35.50;9.50;270;214;33;33.439917778036545;343.10999818843874;4.115555555556284;71.30277777777758;8.181818181818182;769.3541990348137;1800
OutputStation2;0.50;6.50;253;187;33;31.389101833225382;363.8805279624843;4.04444444444448;70.4945382358573;7.666666666666667;828.5026477383489;1800
