Ident;X;Y;Transfers;InjectedTransfers;PodsHandled;PodHandlingTimeAvg;PodHandlingTimeVar;PodHandlingTimeMin;PodHandlingTimeMax;PileOn;IdleTime;UpTime
InputStation0;0.50;12.50;0;0;0;0;0;0;0;0;1800;1800
OutputStation0;35.50;3.50;247;181;31;32.58125145475742;555.3324967852978;4.074444444444225;85.05555555555588;7.967741935483871;855.2009813550522;1800
OutputStation1;35.50;9.50;239;174;34;28.988917109269646;448.4576731295017;4.04444444444448;81.7432467348421;7.029411764705882;886.4373879429731;1800
OutputStation2;0.50;6.50;269;206;31;35.77697714519444;552.4311814871513;4.044444444444423;79.85620490252609;8.67741935483871;770.1769120763445;1800
