Ident;X;Y;Transfers;InjectedTransfers;PodsHandled;PodHandlingTimeAvg;PodHandlingTimeVar;PodHandlingTimeMin;PodHandlingTimeMax;PileOn;IdleTime;UpTime
InputStation0;0.50;12.50;0;0;0;0;0;0;0;0;1800;1800
OutputStation0;35.50;3.50;221;156;33;27.236562814401537;424.31208366381514;4.044444444444423;76.96166666666613;6.696969696969697;958.2024026121263;1800
OutputStation1;35.50;9.50;278;213;32;35.51984126857623;351.9529981331877;4.04444444444448;71.71240980504967;8.6875;739.4561833237525;1800
OutputStation2;0.50;6.50;257;190;31;33.87399687983008;530.8711516394994;4.083333333333371;78.20342712474614;8.290322580645162;811.2955267838513;1800
