Ident;X;Y;Transfers;InjectedTransfers;PodsHandled;PodHandlingTimeAvg;PodHandlingTimeVar;PodHandlingTimeMin;PodHandlingTimeMax;PileOn;IdleTime;UpTime
InputStation0;0.50;12.50;0;0;0;0;0;0;0;0;1800;1800
OutputStation0;35.50;3.50;261;196;31;34.93542405646807;554.8850443590421;8.044444444444444;80.69036797272989;8.419354838709678;800.2657068903413;1800
OutputStation1;35.50;9.50;251;191;31;33.07385630415415;430.11645781184814;4.404805224249685;82.52463202727014;8.096774193548388;836.4858081580985;1800
OutputStation2;0.50;6.50;218;158;33;27.07707726326824;368.91678243926754;4.106666666666342;75.96166666666672;6.606060606060606;966.1912771151727;1800
