Ident;X;Y;Transfers;InjectedTransfers;PodsHandled;PodHandlingTimeAvg;PodHandlingTimeVar;PodHandlingTimeMin;PodHandlingTimeMax;PileOn;IdleTime;UpTime
InputStation0;0.50;12.50;0;0;0;0;0;0;0;0;1800;1800
OutputStation0;35.50;3.50;211;149;34;24.558507131640447;205.3400748454018;4.311666666666042;72.4275830020307;6.205882352941177;993.029466023208;1800
OutputStation1;35.50;9.50;224;163;38;24.10510974376659;277.0160081429505;4.087402612123242;77.0237950974772;5.894736842105263;944.4545019878326;1800
OutputStation2;0.50;6.50;211;152;34;25.64593688969096;338.06501050975953;4.044444444444423;76.26564934696944;6.205882352941177;989.997359171165;1800
