Ident;X;Y;Transfers;InjectedTransfers;PodsHandled;PodHandlingTimeAvg;PodHandlingTimeVar;PodHandlingTimeMin;PodHandlingTimeMax;PileOn;IdleTime;UpTime
InputStation0;0.50;12.50;0;0;0;0;0;0;0;0;1800;1800
OutputStation0;35.50;3.50;244;169;31;31.782371874486586;322.4637947704936;8.116111111111195;71.88147908384082;7.870967741935484;865.2775179823092;1800
OutputStation1;35.50;9.50;270;204;33;33.707172371073916;410.5541524010904;4.11398268030166;79.53388888888867;8.181818181818182;766.2237156919111;1800
OutputStation2;0.50;6.50;232;178;34;27.545782189824305;246.27826174013944;8.225461764142892;67.32621209544777;6.823529411764706;912.2543074954863;1800
