Ident;X;Y;Transfers;InjectedTransfers;PodsHandled;PodHandlingTimeAvg;PodHandlingTimeVar;PodHandlingTimeMin;PodHandlingTimeMax;PileOn;IdleTime;UpTime
InputStation0;0.50;12.50;0;0;0;0;0;0;0;0;1800;1800
OutputStation0;35.50;3.50;233;175;31;30.358076618246702;334.34546695977167;4.048982680301606;58.85046176414278;7.516129032258065;906.8359235282776;1800
OutputStation1;35.50;9.50;231;163;35;27.02576973851376;303.41533756242814;4.071666666666488;69.42815294342924;6.6;915.9837663257877;1800
OutputStation2;0.50;6.50;222;161;33;27.8647842049126;287.416740852292;4.129444444444516;72.65499999999997;6.7272727272727275;951.4773954192008;1800
