Ident;X;Y;Transfers;InjectedTransfers;PodsHandled;PodHandlingTimeAvg;PodHandlingTimeVar;PodHandlingTimeMin;PodHandlingTimeMax;PileOn;IdleTime;UpTime
InputStation0;0.50;12.50;0;0;0;0;0;0;0;0;1800;1800
OutputStation0;35.50;3.50;277;208;32;35.138218117076605;292.2876708009636;4.076111111111111;70.19722222222214;8.65625;738.2717244934629;1800
OutputStation1;35.50;9.50;270;207;30;36.83555555555553;325.58621095776294;4.375555555555479;83.7909307212077;9;764.1791294245486;1800
OutputStation2;0.50;6.50;240;182;31;31.309983006972054;588.3550574209322;4.061111111110677;79.7620418323182;7.741935483870968;882.6457934888508;1800
