Ident;X;Y;Transfers;InjectedTransfers;PodsHandled;PodHandlingTimeAvg;PodHandlingTimeVar;PodHandlingTimeMin;PodHandlingTimeMax;PileOn;IdleTime;UpTime
InputStation0;0.50;12.50;0;0;0;0;0;0;0;0;1800;1800
OutputStation0;35.50;3.50;280;212;30;36.825354978232376;407.0476749796864;4.2150000000001455;86.00055555555514;9.333333333333334;728.4461039181865;1800
OutputStation1;35.50;9.50;249;184;34;29.83462970014831;418.0862644010825;4.08888888888896;76.56323954192058;7.323529411764706;843.4454833428937;1800
OutputStation2;0.50;6.50;244;181;31;31.85242214833818;651.9595400467117;4.0622222222218625;80.29499999999689;7.870967741935484;869.180901949509;1800
