Ident;X;Y;Transfers;InjectedTransfers;PodsHandled;PodHandlingTimeAvg;PodHandlingTimeVar;PodHandlingTimeMin;PodHandlingTimeMax;PileOn;IdleTime;UpTime
InputStation0;0.50;12.50;0;0;0;0;0;0;0;0;1800;1800
OutputStation0;35.50;3.50;233;158;35;27.337653473405446;325.76918024691406;4.04444444444448;78.9720274464745;6.6571428571428575;910.1715006626142;1800
OutputStation1;35.50;9.50;271;203;32;34.56981218353831;589.5517974347724;4.044444444444444;79.8744444444444;8.46875;762.8021143283768;1800
OutputStation2;0.50;6.50;285;218;29;39.85583669153598;533.268721033488;8.08888888888896;79.12055555555571;9.827586206896552;709.2968470565615;1800
