Ident;X;Y;Transfers;InjectedTransfers;PodsHandled;PodHandlingTimeAvg;PodHandlingTimeVar;PodHandlingTimeMin;PodHandlingTimeMax;PileOn;IdleTime;UpTime
InputStation0;0.50;12.50;0;0;0;0;0;0;0;0;1800;1800
OutputStation0;35.50;3.50;224;154;37;25.094414608817818;190.482470047549;4.134444444444455;59.05111111111182;6.054054054054054;941.8117676509981;1800
OutputStation1;35.50;9.50;246;184;34;29.917157074301723;333.2811207321002;4.231111111111204;64.18546176414372;7.235294117647059;855.4839107510788;1800
OutputStation2;0.50;6.50;263;201;33;32.87098473950129;323.31591513697225;4.2549999999992;67.30333333333328;7.96969696969697;792.8189754873823;1800
