Ident;X;Y;Transfers;InjectedTransfers;PodsHandled;PodHandlingTimeAvg;PodHandlingTimeVar;PodHandlingTimeMin;PodHandlingTimeMax;PileOn;IdleTime;UpTime
InputStation0;0.50;12.50;0;0;0;0;0;0;0;0;1800;1800
OutputStation0;35.50;3.50;247;192;29;35.03128053874939;519.7471742194431;4.309906208586426;85.74334052625488;8.517241379310345;849.6854617641415;1800
OutputStation1;35.50;9.50;241;177;32;30.911996302999114;444.8662905377051;4.04444444444448;72.39851372323744;7.53125;881.1536075146615;1800
OutputStation2;0.50;6.50;240;173;34;29.06839381033832;451.30408880989876;4.04444444444448;84.08722222222218;7.0588235294117645;879.2563202726931;1800
