Ident;X;Y;Transfers;InjectedTransfers;PodsHandled;PodHandlingTimeAvg;PodHandlingTimeVar;PodHandlingTimeMin;PodHandlingTimeMax;PileOn;IdleTime;UpTime
InputStation0;0.50;12.50;0;0;0;0;0;0;0;0;1800;1800
OutputStation0;35.50;3.50;223;162;34;26.94091524423638;379.7454191213656;4.083888888887259;84.39833333333365;6.5588235294117645;941.173080730772;1800
OutputStation1;35.50;9.50;248;184;32;31.599114358554488;366.8574497583102;4.044444444444451;68.7483333333339;7.75;854.686681052511;1800
OutputStation2;0.50;6.50;252;187;35;29.755116265108203;361.39100257820047;4.04444444444448;71.44388888888886;7.2;836.241392485344;1800
