Ident;X;Y;Transfers;InjectedTransfers;PodsHandled;PodHandlingTimeAvg;PodHandlingTimeVar;PodHandlingTimeMin;PodHandlingTimeMax;PileOn;IdleTime;UpTime
InputStation0;0.50;12.50;0;0;0;0;0;0;0;0;1800;1800
OutputStation0;35.50;3.50;245;182;33;30.7957556054632;500.7574375901926;4.232229415146094;80.22888888888974;7.424242424242424;860.1145670075471;1800
OutputStation1;35.50;9.50;256;191;32;33.12368889894285;341.50197082911666;4.344350653031597;81.65944444444452;8;819.2840186449216;1800
OutputStation2;0.50;6.50;229;169;32;29.29374391325768;368.947831162445;4.04444444444448;80.96444444444523;7.15625;924.445988548002;1800
