Ident;X;Y;Transfers;InjectedTransfers;PodsHandled;PodHandlingTimeAvg;PodHandlingTimeVar;PodHandlingTimeMin;PodHandlingTimeMax;PileOn;IdleTime;UpTime
InputStation0;0.50;18.50;0;0;0;0;0;0;0;0;1800;1800
OutputStation0;55.50;3.50;170;118;40;44.14139712329967;303.3004850537981;11.044759435013333;63.16796536060366;4.25;126.53333817798243;1800
OutputStation1;55.50;9.50;174;117;39;46.16951548508174;323.8811524538651;10.27231601363507;63.24611111111176;4.461538461538462;89.76328796287304;1800
OutputStation2;55.50;15.50;168;103;44;39.83759100588816;372.1909766106756;10.811111111110677;63.24166666666679;3.8181818181818183;148.3526718134517;1800
OutputStation3;0.50;6.50;170;117;43;40.34824272677981;328.07923744621553;10.291017319698767;63.5833333333336;3.953488372093023;125.46975237743854;1800
OutputStation4;0.50;12.50;171;102;48;37.81096149834116;325.278101173003;10.122222222222227;63.40166666666687;3.5625;112.81126494225532;1800
