Ident;X;Y;Transfers;InjectedTransfers;PodsHandled;PodHandlingTimeAvg;PodHandlingTimeVar;PodHandlingTimeMin;PodHandlingTimeMax;PileOn;IdleTime;UpTime
InputStation0;0.50;12.50;0;0;0;0;0;0;0;0;1800;1800
OutputStation0;35.50;3.50;257;185;31;33.67836731024664;430.68304954973064;4.250555555555593;76.13833333333355;8.290322580645162;811.2562624458969;1800
OutputStation1;35.50;9.50;269;197;33;33.102841621779156;316.5179420572454;8.534999999999854;80.33666666666659;8.151515151515152;769.1044084798298;1800
OutputStation2;0.50;6.50;250;177;33;30.882905465780304;356.66923018799525;4.255079405567585;79.65574313838158;7.575757575757576;845.0623516948306;1800
