Ident;X;Y;Transfers;InjectedTransfers;PodsHandled;PodHandlingTimeAvg;PodHandlingTimeVar;PodHandlingTimeMin;PodHandlingTimeMax;PileOn;IdleTime;UpTime
InputStation0;0.50;12.50;0;0;0;0;0;0;0;0;1800;1800
OutputStation0;35.50;3.50;234;173;32;29.971498243182584;422.01261266677943;4.275555555555229;83.02732320655639;7.3125;900.426342134896;1800
OutputStation1;35.50;9.50;226;165;32;29.071545363667703;389.5195604757183;4.04444444444448;73.26155848941164;7.0625;934.0554908192669;1800
OutputStation2;0.50;6.50;257;189;33;31.60115920993234;353.6578221203497;4.04444444444448;76.47740980504756;7.787878787878788;817.1510604772352;1800
