Ident;X;Y;Transfers;InjectedTransfers;PodsHandled;PodHandlingTimeAvg;PodHandlingTimeVar;PodHandlingTimeMin;PodHandlingTimeMax;PileOn;IdleTime;UpTime
InputStation0;0.50;12.50;0;0;0;0;0;0;0;0;1800;1800
OutputStation0;35.50;3.50;207;141;37;23.039315351132093;150.0590445947083;4.04444444444448;47.052503596461065;5.594594594594595;1008.6145307595436;1800
OutputStation1;35.50;9.50;225;170;34;26.494964057976016;402.0737892328313;4.04444444444448;68.28796536060383;6.617647058823529;943.8369244017997;1800
OutputStation2;0.50;6.50;231;170;33;28.955964626385548;319.4069214588674;4.04444444444448;83.61833333333323;7;915.5630735378704;1800
