Ident;X;Y;Transfers;InjectedTransfers;PodsHandled;PodHandlingTimeAvg;PodHandlingTimeVar;PodHandlingTimeMin;PodHandlingTimeMax;PileOn;IdleTime;UpTime
InputStation0;0.50;12.50;0;0;0;0;0;0;0;0;1800;1800
OutputStation0;35.50;3.50;274;202;32;34.496366115372275;444.7681346054014;4.04444444444448;75.99407647171495;8.5625;751.2820058677197;1800
OutputStation1;35.50;9.50;232;182;34;27.99684619367228;405.66338974912117;4.04444444444448;79.21398268030202;6.823529411764706;914.0143722317815;1800
OutputStation2;0.50;6.50;231;175;32;29.130298069870634;418.17327218444376;4.107777777777528;73.7687013060629;7.21875;915.4391627867892;1800
