Ident;X;Y;Transfers;InjectedTransfers;PodsHandled;PodHandlingTimeAvg;PodHandlingTimeVar;PodHandlingTimeMin;PodHandlingTimeMax;PileOn;IdleTime;UpTime
InputStation0;0.50;12.50;0;0;0;0;0;0;0;0;1800;1800
OutputStation0;35.50;3.50;218;156;34;26.371385284091836;340.9620565721881;4.04444444444448;73.33240980504684;6.411764705882353;960.9375758091029;1800
OutputStation1;35.50;9.50;248;194;32;31.944140287831686;373.1523002955724;4.08888888888896;81.0861111111119;7.75;851.6794297751528;1800
OutputStation2;0.50;6.50;279;213;31;37.12919424447642;341.33096052229007;4.070555555555643;77.18555555555525;9;735.5540761882769;1800
