Ident;X;Y;Transfers;InjectedTransfers;PodsHandled;PodHandlingTimeAvg;PodHandlingTimeVar;PodHandlingTimeMin;PodHandlingTimeMax;PileOn;IdleTime;UpTime
InputStation0;0.50;12.50;0;0;0;0;0;0;0;0;1800;1800
OutputStation0;35.50;3.50;245;181;34;29.53501124584066;374.1839306028916;4.04444444444448;76.49555555555582;7.205882352941177;863.1920423991589;1800
OutputStation1;35.50;9.50;227;169;33;28.073072717523274;368.2854551907008;4.04444444444448;75.8355555555554;6.878787878787879;927.6744591137033;1800
OutputStation2;0.50;6.50;230;162;33;28.7258330063821;335.51742806401523;4.04444444444448;69.45055555555524;6.96969696969697;916.0755049216441;1800
