Ident;X;Y;Transfers;InjectedTransfers;PodsHandled;PodHandlingTimeAvg;PodHandlingTimeVar;PodHandlingTimeMin;PodHandlingTimeMax;PileOn;IdleTime;UpTime
InputStation0;0.50;12.50;0;0;0;0;0;0;0;0;1800;1800
OutputStation0;35.50;3.50;227;147;33;28.131610259320727;380.9926154376995;4.1633333333332985;80.52083692979392;6.878787878787879;928.2549589245081;1800
OutputStation1;35.50;9.50;287;217;29;40.767755882566895;579.846269038948;8.045930721209288;82.96712123788711;9.89655172413793;698.9909451070387;1800
OutputStation2;0.50;6.50;253;193;29;35.23273971163353;598.2234943425153;8.08888888888896;84.33555555555608;8.724137931034482;825.249134298498;1800
