Ident;X;Y;Transfers;InjectedTransfers;PodsHandled;PodHandlingTimeAvg;PodHandlingTimeVar;PodHandlingTimeMin;PodHandlingTimeMax;PileOn;IdleTime;UpTime
InputStation0;0.50;12.50;0;0;0;0;0;0;0;0;1800;1800
OutputStation0;35.50;3.50;266;201;29;36.4765338072091;350.4620370145226;4.404444444444152;69.05030295300821;9.172413793103448;782.6168896473017;1800
OutputStation1;35.50;9.50;232;172;34;28.189662591443646;387.4876205967327;4.04444444444448;67.36426405454017;6.823529411764706;912.7582323489719;1800
OutputStation2;0.50;6.50;253;198;30;34.624084181954636;470.4822828356567;4.04444444444448;82.25120490252459;8.433333333333334;835.7647919720347;1800
