Ident;X;Y;Transfers;InjectedTransfers;PodsHandled;PodHandlingTimeAvg;PodHandlingTimeVar;PodHandlingTimeMin;PodHandlingTimeMax;PileOn;IdleTime;UpTime
InputStation0;0.50;12.50;0;0;0;0;0;0;0;0;1800;1800
OutputStation0;35.50;3.50;272;193;29;38.21832064461868;434.68894609243813;8.088888888888846;84.55333333333323;9.379310344827585;761.3178068328739;1800
OutputStation1;35.50;9.50;253;187;31;33.783799515183674;397.1713650619896;8.830555555555748;75.43917026312806;8.161290322580646;832.7544228656656;1800
OutputStation2;0.50;6.50;217;154;36;24.847384558964702;326.0763416889803;4.04444444444448;67.76222222222214;6.027777777777778;970.6929653606211;1800
