Ident;X;Y;Transfers;InjectedTransfers;PodsHandled;PodHandlingTimeAvg;PodHandlingTimeVar;PodHandlingTimeMin;PodHandlingTimeMax;PileOn;IdleTime;UpTime
InputStation0;0.50;12.50;0;0;0;0;0;0;0;0;1800;1800
OutputStation0;35.50;3.50;233;172;34;28.448072530094496;322.35865210693703;4.04444444444448;67.95046895706582;6.852941176470588;909.6215800681864;1800
OutputStation1;35.50;9.50;231;171;37;25.698088217690376;332.45044763856623;4.04444444444448;71.36518758282568;6.243243243243243;915.4888382550043;1800
OutputStation2;0.50;6.50;242;186;31;32.266714147018924;497.7988280042079;4.062229415146476;79.59444444444466;7.806451612903226;873.6671428166616;1800
