Ident;X;Y;Transfers;InjectedTransfers;PodsHandled;PodHandlingTimeAvg;PodHandlingTimeVar;PodHandlingTimeMin;PodHandlingTimeMax;PileOn;IdleTime;UpTime
InputStation0;0.50;12.50;0;0;0;0;0;0;0;0;1800;1800
OutputStation0;35.50;3.50;233;174;33;28.906557348040877;469.9428748345142;4.0472222222224445;74.13888888888982;7.0606060606060606;904.114386617601;1800
OutputStation1;35.50;9.50;251;190;33;31.032202109106958;540.6055216077284;4.04444444444448;83.24248201770297;7.606060606060606;836.4018974070179;1800
OutputStation2;0.50;6.50;275;206;31;36.428415727861584;379.2968173588385;4.04444444444448;79.20453823585711;8.870967741935484;742.9511548355434;1800
