Ident;X;Y;Transfers;InjectedTransfers;PodsHandled;PodHandlingTimeAvg;PodHandlingTimeVar;PodHandlingTimeMin;PodHandlingTimeMax;PileOn;IdleTime;UpTime
InputStation0;0.50;12.50;0;0;0;0;0;0;0;0;1800;1800
OutputStation0;35.50;3.50;235;174;33;28.98389151308555;335.51110280823536;4.04444444444448;70.04944444444439;7.121212121212121;900.3690908575454;1800
OutputStation1;35.50;9.50;277;211;33;34.4607604179216;292.8406705797863;4.04444444444448;68.74722222222249;8.393939393939394;732.3157143666756;1800
OutputStation2;0.50;6.50;239;167;34;28.901511332130337;313.90150377996747;4.04444444444448;67.7300937914149;7.029411764705882;882.9696682752835;1800
