Ident;X;Y;Transfers;InjectedTransfers;PodsHandled;PodHandlingTimeAvg;PodHandlingTimeVar;PodHandlingTimeMin;PodHandlingTimeMax;PileOn;IdleTime;UpTime
InputStation0;0.50;12.50;0;0;0;0;0;0;0;0;1800;1800
OutputStation0;35.50;3.50;225;159;33;27.63333092710388;529.8894791633992;4.04444444444448;85.49694084798034;6.818181818181818;941.2006781186508;1800
OutputStation1;35.50;9.50;286;218;31;37.24062700811344;445.5579620064213;8.486760458079289;81.14768398636375;9.225806451612904;704.8819973793751;1800
OutputStation2;0.50;6.50;220;154;35;25.883685013925064;391.91546197668004;4.04444444444448;77.91712843080632;6.285714285714286;956.8720202535421;1800
