Ident;X;Y;Transfers;InjectedTransfers;PodsHandled;PodHandlingTimeAvg;PodHandlingTimeVar;PodHandlingTimeMin;PodHandlingTimeMax;PileOn;IdleTime;UpTime
InputStation0;0.50;12.50;0;0;0;0;0;0;0;0;1800;1800
OutputStation0;35.50;3.50;219;164;35;25.522105487223424;276.9644905501549;4.126572875253942;71.0729653606038;6.257142857142857;961.1794331308877;1800
OutputStation1;35.50;9.50;242;188;34;29.17725917952731;379.4539646848598;4.151640967259709;67.3650865984905;7.117647058823529;876.1712645426004;1800
OutputStation2;0.50;6.50;229;169;31;30.229961132176722;316.4388328662026;4.0622222222218625;70.61842712474686;7.387096774193548;922.3402120232253;1800
