Ident;X;Y;Transfers;InjectedTransfers;PodsHandled;PodHandlingTimeAvg;PodHandlingTimeVar;PodHandlingTimeMin;PodHandlingTimeMax;PileOn;IdleTime;UpTime
InputStation0;0.50;12.50;0;0;0;0;0;0;0;0;1800;1800
OutputStation0;35.50;3.50;254;189;32;32.592858271811856;326.98893084600877;4.211666666670453;71.19323954192043;7.9375;825.3949349802423;1800
OutputStation1;35.50;9.50;264;205;31;34.87168738131334;460.17684097834643;4.06888888888875;84.51796536060397;8.516129032258064;787.4827705848468;1800
OutputStation2;0.50;6.50;252;189;33;31.354252921028912;400.56064307477664;4.0800000000031105;79.711111111111;7.636363636363637;831.0160820559963;1800
