Ident;X;Y;Transfers;InjectedTransfers;PodsHandled;PodHandlingTimeAvg;PodHandlingTimeVar;PodHandlingTimeMin;PodHandlingTimeMax;PileOn;IdleTime;UpTime
InputStation0;0.50;12.50;0;0;0;0;0;0;0;0;1800;1800
OutputStation0;35.50;3.50;282;211;29;40.16672762014966;381.50311254139046;16.047222222222217;84.23166666666702;9.724137931034482;719.1413783829064;1800
OutputStation1;35.50;9.50;233;171;35;27.366940831787687;338.82982504079445;4.073333333333039;71.10490620858661;6.6571428571428575;905.0361401662008;1800
OutputStation2;0.50;6.50;281;206;28;41.43626932748963;493.389230917795;8.149812417173735;79.78388888888958;10.035714285714286;722.2132536443441;1800
