Ident;X;Y;Transfers;InjectedTransfers;PodsHandled;PodHandlingTimeAvg;PodHandlingTimeVar;PodHandlingTimeMin;PodHandlingTimeMax;PileOn;IdleTime;UpTime
InputStation0;0.50;12.50;0;0;0;0;0;0;0;0;1800;1800
OutputStation0;35.50;3.50;236;164;34;28.64848569774223;326.8118144006867;4.133888888888805;72.22361470757244;6.9411764705882355;891.3079581676811;1800
OutputStation1;35.50;9.50;262;197;31;34.119426291267715;365.30563011303013;4.04444444444448;83.90823954191956;8.451612903225806;796.6595385192802;1800
OutputStation2;0.50;6.50;230;169;31;30.135681699673466;302.35178957589574;4.04444444444448;71.62166666666656;7.419354838709677;921.1648196100963;1800
