Ident;X;Y;Transfers;InjectedTransfers;PodsHandled;PodHandlingTimeAvg;PodHandlingTimeVar;PodHandlingTimeMin;PodHandlingTimeMax;PileOn;IdleTime;UpTime
InputStation0;0.50;12.50;0;0;0;0;0;0;0;0;1800;1800
OutputStation0;35.50;3.50;227;160;33;27.760112160789788;338.286116005845;4.3116666666662695;79.6001803899021;6.878787878787879;927.664155877279;1800
OutputStation1;35.50;9.50;265;203;31;35.33011637144042;553.8131696546461;8.167777777777701;80.70222222222287;8.548387096774194;784.4184993373876;1800
OutputStation2;0.50;6.50;217;155;33;27.18747715370392;338.9190754483966;4.04444444444448;69.93731601363493;6.575757575757576;968.4701731969822;1800
