Ident;X;Y;Transfers;InjectedTransfers;PodsHandled;PodHandlingTimeAvg;PodHandlingTimeVar;PodHandlingTimeMin;PodHandlingTimeMax;PileOn;IdleTime;UpTime
InputStation0;0.50;12.50;0;0;0;0;0;0;0;0;1800;1800
OutputStation0;35.50;3.50;250;182;29;35.508442303552485;634.8661263537233;4.04444444444448;84.76444444444445;8.620689655172415;843.7388673101364;1800
OutputStation1;35.50;9.50;237;167;34;28.560776884238933;348.86326161595326;4.04444444444448;83.68453823585719;6.970588235294118;894.2125176988745;1800
OutputStation2;0.50;6.50;268;203;33;33.45041562702714;369.528712788228;4.187222222222545;78.40454542877836;8.121212121212121;772.2669624267285;1800
