Ident;X;Y;Transfers;InjectedTransfers;PodsHandled;PodHandlingTimeAvg;PodHandlingTimeVar;PodHandlingTimeMin;PodHandlingTimeMax;PileOn;IdleTime;UpTime
InputStation0;0.50;12.50;0;0;0;0;0;0;0;0;1800;1800
OutputStation0;35.50;3.50;263;185;31;34.521412745079914;378.07844738010687;4.0832395419211025;79.25305915201636;8.483870967741936;790.7141774560348;1800
OutputStation1;35.50;9.50;272;208;30;37.33220057732335;617.8556173935032;4.055093791413128;81.23444444444436;9.066666666666666;760.094350653042;1800
OutputStation2;0.50;6.50;279;203;30;37.92378667739077;512.6346196694532;8.58055555555552;82.30277777777803;9.3;730.0913996783104;1800
