Ident;X;Y;Transfers;InjectedTransfers;PodsHandled;PodHandlingTimeAvg;PodHandlingTimeVar;PodHandlingTimeMin;PodHandlingTimeMax;PileOn;IdleTime;UpTime
InputStation0;0.50;12.50;0;0;0;0;0;0;0;0;1800;1800
OutputStation0;35.50;3.50;233;168;35;27.511372050578952;379.11763644118344;4.19944444444377;67.15944444444472;6.6571428571428575;910.3588952315514;1800
OutputStation1;35.50;9.50;259;196;31;34.55303100327486;623.0160370387716;4.04444444444448;81.5066088398612;8.35483870967742;808.9283126048342;1800
OutputStation2;0.50;6.50;233;164;35;27.235729977512587;294.9479543116637;4.04444444444448;66.68509379141528;6.6571428571428575;908.8453465701967;1800
