Ident;X;Y;Transfers;InjectedTransfers;PodsHandled;PodHandlingTimeAvg;PodHandlingTimeVar;PodHandlingTimeMin;PodHandlingTimeMax;PileOn;IdleTime;UpTime
InputStation0;0.50;12.50;0;0;0;0;0;0;0;0;1800;1800
OutputStation0;35.50;3.50;243;182;31;31.86079737502465;445.61198066119806;4.04444444444448;76.54166666666674;7.838709677419355;871.2311761308279;1800
OutputStation1;35.50;9.50;278;208;30;37.43977465139732;437.53469203780617;4.04444444444448;79.9833333333334;9.266666666666667;736.8280447661556;1800
OutputStation2;0.50;6.50;207;140;38;22.499576023391842;196.55532998517177;4.044444444444451;62.83101731969805;5.447368421052632;1006.591731686379;1800
