Ident;X;Y;Transfers;InjectedTransfers;PodsHandled;PodHandlingTimeAvg;PodHandlingTimeVar;PodHandlingTimeMin;PodHandlingTimeMax;PileOn;IdleTime;UpTime
InputStation0;0.50;12.50;0;0;0;0;0;0;0;0;1800;1800
OutputStation0;35.50;3.50;268;199;31;34.948480888187376;525.5855084815307;4.04444444444448;81.81833333333338;8.64516129032258;778.7670921827867;1800
OutputStation1;35.50;9.50;286;225;32;36.93795342075519;315.430876090365;4.04444444444448;66.50333333333344;8.9375;706.0876498780657;1800
OutputStation2;0.50;6.50;251;187;30;34.012221441052205;533.7748155383588;4.04444444444448;82.76666666666688;8.366666666666667;838.4863784348751;1800
