Ident;X;Y;Transfers;InjectedTransfers;PodsHandled;PodHandlingTimeAvg;PodHandlingTimeVar;PodHandlingTimeMin;PodHandlingTimeMax;PileOn;IdleTime;UpTime
InputStation0;0.50;12.50;0;0;0;0;0;0;0;0;1800;1800
OutputStation0;35.50;3.50;280;219;30;38.34135810461277;380.1264241765965;4.0555555555549745;83.78398268030179;9.333333333333334;728.4325686161677;1800
OutputStation1;35.50;9.50;267;210;33;33.27274957410492;333.01425246094846;4.364350653032261;72.96898268030225;8.090909090909092;778.0694878853999;1800
OutputStation2;0.50;6.50;249;190;33;30.85912479709202;416.9659159362661;4.131666666666661;79.41176045807981;7.545454545454546;846.8907359454621;1800
