Ident;X;Y;Transfers;InjectedTransfers;PodsHandled;PodHandlingTimeAvg;PodHandlingTimeVar;PodHandlingTimeMin;PodHandlingTimeMax;PileOn;IdleTime;UpTime
InputStation0;0.50;12.50;0;0;0;0;0;0;0;0;1800;1800
OutputStation0;35.50;3.50;258;195;33;32.00977917448664;404.68318404751113;4.222128430808652;85.2775901949517;7.818181818181818;808.5319261787308;1800
OutputStation1;35.50;9.50;246;192;34;29.473445165404005;398.0821694471051;4.14490620858669;79.87231601363493;7.235294117647059;856.7402810908445;1800
OutputStation2;0.50;6.50;237;171;32;29.97057155913721;323.2015973078589;8.285555555555561;75.88787156919079;7.40625;890.361399678268;1800
