Ident;X;Y;Transfers;InjectedTransfers;PodsHandled;PodHandlingTimeAvg;PodHandlingTimeVar;PodHandlingTimeMin;PodHandlingTimeMax;PileOn;IdleTime;UpTime
InputStation0;0.50;12.50;0;0;0;0;0;0;0;0;1800;1800
OutputStation0;35.50;3.50;284;202;28;41.573958975558675;658.6677512387585;4.122777777777856;83.06898268030272;10.142857142857142;716.0114788004237;1800
OutputStation1;35.50;9.50;304;235;28;44.51074159704104;663.806037555655;4.0695382358571806;83.67407647171501;10.857142857142858;633.797387942862;1800
OutputStation2;0.50;6.50;272;199;30;36.79294227712033;508.69193961074745;4.04444444444448;80.81712843080948;9.066666666666666;767.1491558772917;1800
