Ident;X;Y;Transfers;InjectedTransfers;PodsHandled;PodHandlingTimeAvg;PodHandlingTimeVar;PodHandlingTimeMin;PodHandlingTimeMax;PileOn;IdleTime;UpTime
InputStation0;0.50;12.50;0;0;0;0;0;0;0;0;1800;1800
OutputStation0;35.50;3.50;239;165;32;30.839971139741223;403.2168758543122;4.04444444444448;79.91388888888889;7.46875;882.9278137423948;1800
OutputStation1;35.50;9.50;269;198;32;34.11771983248128;499.83026749424255;4.160555555555561;79.08166666666693;8.40625;768.9562336741958;1800
OutputStation2;0.50;6.50;230;173;34;27.167636024539792;317.28397348020644;4.156760458079589;67.66888888888911;6.764705882352941;922.1391993182407;1800
