Ident;X;Y;Transfers;InjectedTransfers;PodsHandled;PodHandlingTimeAvg;PodHandlingTimeVar;PodHandlingTimeMin;PodHandlingTimeMax;PileOn;IdleTime;UpTime
InputStation0;0.50;12.50;0;0;0;0;0;0;0;0;1800;1800
OutputStation0;35.50;3.50;245;189;34;29.50917727783758;317.7490629497333;4.124437251523204;65.20424966869723;7.205882352941177;857.177005584301;1800
OutputStation1;35.50;9.50;232;172;35;27.47429086828303;285.66373743320474;4.0474026121268025;72.88008659849146;6.628571428571429;910.8853679727314;1800
OutputStation2;0.50;6.50;247;181;32;31.678860702966553;365.5647091264592;4.060555555555595;71.07620490252407;7.71875;853.6885209161569;1800
