Ident;X;Y;Transfers;InjectedTransfers;PodsHandled;PodHandlingTimeAvg;PodHandlingTimeVar;PodHandlingTimeMin;PodHandlingTimeMax;PileOn;IdleTime;UpTime
InputStation0;0.50;12.50;0;0;0;0;0;0;0;0;1800;1800
OutputStation0;35.50;3.50;201;134;35;23.52053164327578;226.884928285053;4.08555555555472;61.16944444444448;5.742857142857143;1028.4862120954494;1800
OutputStation1;35.50;9.50;263;207;32;33.70323547818777;640.0060863410404;4.04444444444448;81.60694804090622;8.21875;791.4992712474575;1800
OutputStation2;0.50;6.50;257;186;34;31.246454459922628;292.01363619846404;4.231111111110749;66.9899062085874;7.5588235294117645;815.3657719100781;1800
