Ident;X;Y;Transfers;InjectedTransfers;PodsHandled;PodHandlingTimeAvg;PodHandlingTimeVar;PodHandlingTimeMin;PodHandlingTimeMax;PileOn;IdleTime;UpTime
InputStation0;0.50;12.50;0;0;0;0;0;0;0;0;1800;1800
OutputStation0;35.50;3.50;228;171;33;28.0819445534284;285.6553684959196;4.051111111111098;72.01259738787417;6.909090909090909;924.8244660232202;1800
OutputStation1;35.50;9.50;257;197;33;32.220959595959535;408.7070676093075;4.249444444444521;77.9938888888903;7.787878787878788;814.1010391818658;1800
OutputStation2;0.50;6.50;233;169;33;28.861728104438686;247.22635882540717;4.04444444444448;58.44055555555565;7.0606060606060606;913.0326261595861;1800
