Ident;X;Y;Transfers;InjectedTransfers;PodsHandled;PodHandlingTimeAvg;PodHandlingTimeVar;PodHandlingTimeMin;PodHandlingTimeMax;PileOn;IdleTime;UpTime
InputStation0;0.50;12.50;0;0;0;0;0;0;0;0;1800;1800
OutputStation0;35.50;3.50;270;209;31;35.20137690278607;487.30027189200587;4.142222222222699;75.75388888888887;8.709677419354838;761.3396248343554;1800
OutputStation1;35.50;9.50;269;212;32;33.96960633162903;491.80385443810343;4.073888888888632;79.62963202727019;8.40625;774.7464646980048;1800
OutputStation2;0.50;6.50;250;194;30;34.12729942267668;419.00450923601375;4.151017319697758;77.6361111111114;8.333333333333334;845.5122222222235;1800
