Ident;X;Y;Transfers;InjectedTransfers;PodsHandled;PodHandlingTimeAvg;PodHandlingTimeVar;PodHandlingTimeMin;PodHandlingTimeMax;PileOn;IdleTime;UpTime
InputStation0;0.50;12.50;0;0;0;0;0;0;0;0;1800;1800
OutputStation0;35.50;3.50;226;165;35;26.5746742949064;305.8209512284537;4.044444444444423;64.08972581868352;6.457142857142857;934.2779150101212;1800
OutputStation1;35.50;9.50;228;171;35;26.680264276248497;379.6916120655291;4.044444444444451;69.59684705657088;6.514285714285714;926.3355843272399;1800
OutputStation2;0.50;6.50;242;180;34;29.21160109563298;391.5301609649209;4.134444444444625;75.16342712474739;7.117647058823529;878.7278643762666;1800
