Ident;X;Y;Transfers;InjectedTransfers;PodsHandled;PodHandlingTimeAvg;PodHandlingTimeVar;PodHandlingTimeMin;PodHandlingTimeMax;PileOn;IdleTime;UpTime
InputStation0;0.50;12.50;0;0;0;0;0;0;0;0;1800;1800
OutputStation0;35.50;3.50;240;174;31;31.37983568414778;497.2965659064108;4.04444444444448;77.10000000000007;7.741935483870968;885.9112192883517;1800
OutputStation1;35.50;9.50;239;180;34;28.90740981338429;473.41620331012916;4.04444444444448;81.71277777777789;7.029411764705882;882.9637372706934;1800
OutputStation2;0.50;6.50;249;185;33;30.730771350643245;514.8370597990586;4.04444444444448;77.54222222222245;7.545454545454546;844.6513565207313;1800
