Ident;X;Y;Transfers;InjectedTransfers;PodsHandled;PodHandlingTimeAvg;PodHandlingTimeVar;PodHandlingTimeMin;PodHandlingTimeMax;PileOn;IdleTime;UpTime
InputStation0;0.50;12.50;0;0;0;0;0;0;0;0;1800;1800
OutputStation0;35.50;3.50;251;187;33;31.261382659642056;418.69195069553876;8.248189191441952;80.3491702631286;7.606060606060606;839.3326405454154;1800
OutputStation1;35.50;9.50;271;197;30;36.18670730016625;552.2946508226357;4.04444444444448;82.60860751464975;9.033333333333333;760.8993285074761;1800
OutputStation2;0.50;6.50;250;181;33;31.235819013529415;463.6851431197314;4.04444444444448;83.52852091616069;7.575757575757576;842.3129454821326;1800
