Ident;X;Y;Transfers;InjectedTransfers;PodsHandled;PodHandlingTimeAvg;PodHandlingTimeVar;PodHandlingTimeMin;PodHandlingTimeMax;PileOn;IdleTime;UpTime
InputStation0;0.50;12.50;0;0;0;0;0;0;0;0;1800;1800
OutputStation0;35.50;3.50;257;187;31;34.04115346852368;551.9655740186228;4.079999999999927;76.6577777777774;8.290322580645162;816.3250071929344;1800
OutputStation1;35.50;9.50;278;212;31;36.493751570772325;417.9404761082878;4.04444444444448;77.75453823585894;8.96774193548387;731.8908081580396;1800
OutputStation2;0.50;6.50;224;165;36;24.37717051548827;313.6313779100258;4.04444444444448;70.15166666666676;6.222222222222222;946.1935496879184;1800
