Ident;X;Y;Transfers;InjectedTransfers;PodsHandled;PodHandlingTimeAvg;PodHandlingTimeVar;PodHandlingTimeMin;PodHandlingTimeMax;PileOn;IdleTime;UpTime
InputStation0;0.50;12.50;0;0;0;0;0;0;0;0;1800;1800
OutputStation0;35.50;3.50;229;161;34;27.66501930999672;451.28519185924716;4.0566666666668425;79.01712843080952;6.735294117647059;919.3360101267701;1800
OutputStation1;35.50;9.50;278;206;32;35.23706304124072;347.4488745033192;8.362777777777637;79.42555555555532;8.6875;738.8157650005735;1800
OutputStation2;0.50;6.50;245;174;30;32.76666378005022;394.6681060955409;4.160555555555447;78.34555555555555;8.166666666666666;864.4060101267708;1800
