Ident;X;Y;Transfers;InjectedTransfers;PodsHandled;PodHandlingTimeAvg;PodHandlingTimeVar;PodHandlingTimeMin;PodHandlingTimeMax;PileOn;IdleTime;UpTime
InputStation0;0.50;12.50;0;0;0;0;0;0;0;0;1800;1800
OutputStation0;35.50;3.50;253;181;33;31.538147930180923;478.38060396642936;4.1850000000004;74.9446320272695;7.666666666666667;830.3002667049475;1800
OutputStation1;35.50;9.50;264;197;32;33.30911435855463;497.6198717518932;4.160555555555447;84.74435065303123;8.25;789.6841199126648;1800
OutputStation2;0.50;6.50;233;164;34;27.311189840330087;412.05415374668553;4.097222222221717;81.94119051668201;6.852941176470588;910.7472512773055;1800
