Ident;X;Y;Transfers;InjectedTransfers;PodsHandled;PodHandlingTimeAvg;PodHandlingTimeVar;PodHandlingTimeMin;PodHandlingTimeMax;PileOn;IdleTime;UpTime
InputStation0;0.50;12.50;0;0;0;0;0;0;0;0;1800;1800
OutputStation0;35.50;3.50;262;202;31;33.505498766585205;499.0880129178704;4.056298693939425;84.70009379141288;8.451612903225806;796.9743146883893;1800
OutputStation1;35.50;9.50;237;182;34;28.840381394732805;371.80505162565964;4.044444444444423;75.12620490252414;6.970588235294118;892.1967676509877;1800
OutputStation2;0.50;6.50;204;154;33;25.486507932827326;397.9538514644964;4.044444444444444;75.1583333333333;6.181818181818182;1019.1115872610932;1800
