Ident;X;Y;Transfers;InjectedTransfers;PodsHandled;PodHandlingTimeAvg;PodHandlingTimeVar;PodHandlingTimeMin;PodHandlingTimeMax;PileOn;IdleTime;UpTime
InputStation0;0.50;12.50;0;0;0;0;0;0;0;0;1800;1800
OutputStation0;35.50;3.50;237;179;32;29.584950398090637;347.869831247944;4.04444444444448;75.28676045807981;7.40625;895.2165234943573;1800
OutputStation1;35.50;9.50;268;205;33;33.2619781438687;356.7036098415895;4.04444444444448;73.82323954191952;8.121212121212121;773.9646228945612;1800
OutputStation2;0.50;6.50;205;143;34;24.804942704679195;316.3704458012644;4.238145750505964;81.28611111111107;6.029411764705882;1015.0579852830023;1800
