Ident;X;Y;Transfers;InjectedTransfers;PodsHandled;PodHandlingTimeAvg;PodHandlingTimeVar;PodHandlingTimeMin;PodHandlingTimeMax;PileOn;IdleTime;UpTime
InputStation0;0.50;12.50;0;0;0;0;0;0;0;0;1800;1800
OutputStation0;35.50;3.50;210;146;38;22.166110921823645;270.54605211834536;4.04444444444448;63.33564934696881;5.526315789473684;995.8329800298977;1800
OutputStation1;35.50;9.50;246;185;32;31.69276312286954;381.0615686824248;4.339999999999918;81.13129869393765;7.6875;855.7863775326487;1800
OutputStation2;0.50;6.50;228;156;33;27.803094582966317;307.9717579823784;4.04444444444448;70.41444444444426;6.909090909090909;923.8156925044826;1800
