Ident;X;Y;Transfers;InjectedTransfers;PodsHandled;PodHandlingTimeAvg;PodHandlingTimeVar;PodHandlingTimeMin;PodHandlingTimeMax;PileOn;IdleTime;UpTime
InputStation0;0.50;12.50;0;0;0;0;0;0;0;0;1800;1800
OutputStation0;35.50;3.50;239;175;33;29.778162576935664;389.727533884758;4.04444444444448;76.98796536060362;7.242424242424242;881.4960409805274;1800
OutputStation1;35.50;9.50;227;155;34;27.461579873291456;260.6413733733784;4.04444444444448;66.6055555555555;6.676470588235294;929.7107775877932;1800
OutputStation2;0.50;6.50;215;157;37;23.318689352889038;216.88893384109036;4.04444444444448;62.49295816768222;5.8108108108108105;976.9868953233231;1800
