Ident;X;Y;Transfers;InjectedTransfers;PodsHandled;PodHandlingTimeAvg;PodHandlingTimeVar;PodHandlingTimeMin;PodHandlingTimeMax;PileOn;IdleTime;UpTime
InputStation0;0.50;12.50;0;0;0;0;0;0;0;0;1800;1800
OutputStation0;35.50;3.50;231;166;36;26.48121412497181;370.6588314857832;4.114999999999554;72.18083692979394;6.416666666666667;914.5797042399038;1800
OutputStation1;35.50;9.50;260;201;31;34.34905320474085;449.01948867561407;4.04444444444448;74.02509379141259;8.387096774193548;806.8034415105938;1800
OutputStation2;0.50;6.50;268;206;31;35.55688451392975;619.0241858698354;4.04444444444448;77.77342712474706;8.64516129032258;773.5847980313293;1800
