Ident;X;Y;Transfers;InjectedTransfers;PodsHandled;PodHandlingTimeAvg;PodHandlingTimeVar;PodHandlingTimeMin;PodHandlingTimeMax;PileOn;IdleTime;UpTime
InputStation0;0.50;12.50;0;0;0;0;0;0;0;0;1800;1800
OutputStation0;35.50;3.50;251;183;34;30.08696333132828;396.91919255851485;4.240000000000123;79.1175035964618;7.382352941176471;841.3853101459396;1800
OutputStation1;35.50;9.50;239;174;34;28.174455055615198;252.88147309236652;4.120555555555256;67.58944444444523;7.029411764705882;885.5615078555267;1800
OutputStation2;0.50;6.50;251;187;34;30.07967044404346;370.4694343202352;4.116111111110968;67.06222222222232;7.382352941176471;841.5143866176393;1800
