Ident;X;Y;Transfers;InjectedTransfers;PodsHandled;PodHandlingTimeAvg;PodHandlingTimeVar;PodHandlingTimeMin;PodHandlingTimeMax;PileOn;IdleTime;UpTime
InputStation0;0.50;12.50;0;0;0;0;0;0;0;0;1800;1800
OutputStation0;35.50;3.50;267;197;31;35.44101871187674;485.2309043049721;4.04444444444448;77.75536797272866;8.612903225806452;776.8403535868799;1800
OutputStation1;35.50;9.50;264;197;32;34.0568524512621;401.8123435045451;4.04444444444448;78.7050937914131;8.25;790.0553679727266;1800
OutputStation2;0.50;6.50;234;164;34;28.256522577970696;348.6898517352976;4.04444444444448;81.64564934696845;6.882352941176471;907.6441846489726;1800
