Ident;X;Y;Transfers;InjectedTransfers;PodsHandled;PodHandlingTimeAvg;PodHandlingTimeVar;PodHandlingTimeMin;PodHandlingTimeMax;PileOn;IdleTime;UpTime
InputStation0;0.50;12.50;0;0;0;0;0;0;0;0;1800;1800
OutputStation0;35.50;3.50;239;170;33;29.672817350106797;320.8278153826715;4.077409805047637;83.87564934696934;7.242424242424242;885.5495526216957;1800
OutputStation1;35.50;9.50;248;185;35;29.06056070955285;268.96068539603124;4.221760458078506;69.9183333333342;7.085714285714285;855.083982680272;1800
OutputStation2;0.50;6.50;230;166;32;29.25670950749747;393.9732592123535;4.04444444444448;75.43111111111091;7.1875;915.569632538128;1800
