Ident;X;Y;Transfers;InjectedTransfers;PodsHandled;PodHandlingTimeAvg;PodHandlingTimeVar;PodHandlingTimeMin;PodHandlingTimeMax;PileOn;IdleTime;UpTime
InputStation0;0.50;12.50;0;0;0;0;0;0;0;0;1800;1800
OutputStation0;35.50;3.50;246;185;35;28.75990744165921;225.39046985712173;4.0683333333331575;67.07722222222196;7.0285714285714285;857.8183911601304;1800
OutputStation1;35.50;9.50;226;165;35;26.39236281063444;332.0379898488637;4.04444444444448;75.40777777777907;6.457142857142857;933.2151588111298;1800
OutputStation2;0.50;6.50;218;159;36;24.941743827160572;341.1575928940198;4.062316013634927;66.8876911792861;6.055555555555555;964.1096536060157;1800
