Ident;X;Y;Transfers;InjectedTransfers;PodsHandled;PodHandlingTimeAvg;PodHandlingTimeVar;PodHandlingTimeMin;PodHandlingTimeMax;PileOn;IdleTime;UpTime
InputStation0;0.50;12.50;0;0;0;0;0;0;0;0;1800;1800
OutputStation0;35.50;3.50;260;197;31;34.68611157517059;383.32959938726543;4.106666666666342;70.25740980504816;8.387096774193548;810.1214572216581;1800
OutputStation1;35.50;9.50;270;209;32;34.52023989979503;375.9651035245377;4.04444444444448;65.3068542494924;8.4375;768.7237950974821;1800
OutputStation2;0.50;6.50;250;183;30;33.677434825538924;409.0322763232876;4.322316013635032;76.69166666666683;8.333333333333334;842.3661689378945;1800
