Ident;X;Y;Transfers;InjectedTransfers;PodsHandled;PodHandlingTimeAvg;PodHandlingTimeVar;PodHandlingTimeMin;PodHandlingTimeMax;PileOn;IdleTime;UpTime
InputStation0;0.50;12.50;0;0;0;0;0;0;0;0;1800;1800
OutputStation0;35.50;3.50;264;202;30;36.41799014133056;518.807464714171;4.044444444444423;75.32611111111109;8.8;791.8755774177364;1800
OutputStation1;35.50;9.50;234;167;32;30.02603851090607;397.9562199311306;4.070555555555302;81.63777777777852;7.3125;902.6383042781887;1800
OutputStation2;0.50;6.50;260;192;30;35.34545790902258;419.82042052946997;4.170555555555666;73.60240980504784;8.666666666666666;800.2944007200701;1800
