Ident;X;Y;Transfers;InjectedTransfers;PodsHandled;PodHandlingTimeAvg;PodHandlingTimeVar;PodHandlingTimeMin;PodHandlingTimeMax;PileOn;IdleTime;UpTime
InputStation0;0.50;12.50;0;0;0;0;0;0;0;0;1800;1800
OutputStation0;35.50;3.50;227;164;32;28.638758568166057;421.0685896320787;4.047222222222217;77.9839826803018;7.09375;929.8771215212996;1800
OutputStation1;35.50;9.50;261;179;34;31.352334054292662;348.0443327405154;4.053888888889105;77.20176045808;7.676470588235294;797.3131457504978;1800
OutputStation2;0.50;6.50;278;210;31;36.59671391498903;541.2990461641831;4.04444444444448;83.93953823585719;8.96774193548387;732.5654257995157;1800
