Ident;X;Y;Transfers;InjectedTransfers;PodsHandled;PodHandlingTimeAvg;PodHandlingTimeVar;PodHandlingTimeMin;PodHandlingTimeMax;PileOn;IdleTime;UpTime
InputStation0;0.50;12.50;0;0;0;0;0;0;0;0;1800;1800
OutputStation0;35.50;3.50;209;150;36;22.97623737302175;145.08398849058102;4.044444444444444;46.18907647171454;5.805555555555555;1001.5017388793;1800
OutputStation1;35.50;9.50;252;190;34;30.57153043057064;361.52167964721747;4.04444444444448;83.86768398636559;7.411764705882353;835.5276696004927;1800
OutputStation2;0.50;6.50;246;192;31;32.20827072533394;540.1190578868649;4.04444444444448;85.04388888888866;7.935483870967742;855.8068182848713;1800
