Ident;X;Y;Transfers;InjectedTransfers;PodsHandled;PodHandlingTimeAvg;PodHandlingTimeVar;PodHandlingTimeMin;PodHandlingTimeMax;PileOn;IdleTime;UpTime
InputStation0;0.50;12.50;0;0;0;0;0;0;0;0;1800;1800
OutputStation0;35.50;3.50;215;148;36;24.43562509990189;343.09543556277816;4.04444444444448;79.83787156919061;5.972222222222222;973.1747042399004;1800
OutputStation1;35.50;9.50;285;224;31;37.75004142929355;482.8358088065485;4.114999999999782;71.75064934696911;9.193548387096774;705.3225326515785;1800
OutputStation2;0.50;6.50;251;178;33;31.141038522650362;316.2071353335457;8.511760458080062;76.53481241717532;7.606060606060606;835.38077191006;1800
