Ident;X;Y;Transfers;InjectedTransfers;PodsHandled;PodHandlingTimeAvg;PodHandlingTimeVar;PodHandlingTimeMin;PodHandlingTimeMax;PileOn;IdleTime;UpTime
InputStation0;0.50;12.50;0;0;0;0;0;0;0;0;1800;1800
OutputStation0;35.50;3.50;254;182;29;36.02237249277246;531.091997844913;4.211666666666815;81.30611111111284;8.758620689655173;826.208044766169;1800
OutputStation1;35.50;9.50;280;210;30;38.069521884662805;496.9976414446653;4.328333333333148;83.84564934696937;9.333333333333334;729.0221356237305;1800
OutputStation2;0.50;6.50;255;177;32;32.07422461196337;414.0953601239522;8.256111111111295;68.94231601363538;7.96875;821.9859669692372;1800
