Ident;X;Y;Transfers;InjectedTransfers;PodsHandled;PodHandlingTimeAvg;PodHandlingTimeVar;PodHandlingTimeMin;PodHandlingTimeMax;PileOn;IdleTime;UpTime
InputStation0;0.50;12.50;0;0;0;0;0;0;0;0;1800;1800
OutputStation0;35.50;3.50;217;158;34;25.95851349500861;292.7506134815168;4.04444444444448;61.37629869393743;6.382352941176471;968.5815512964783;1800
OutputStation1;35.50;9.50;234;176;35;27.28848278305806;338.1806917279573;4.118333333333339;73.70352091615939;6.685714285714286;899.5335931287859;1800
OutputStation2;0.50;6.50;254;182;34;30.042087255465685;255.84587488357147;4.04444444444448;63.22165947374498;7.470588235294118;829.1175901949605;1800
