Ident;X;Y;Transfers;InjectedTransfers;PodsHandled;PodHandlingTimeAvg;PodHandlingTimeVar;PodHandlingTimeMin;PodHandlingTimeMax;PileOn;IdleTime;UpTime
InputStation0;0.50;12.50;0;0;0;0;0;0;0;0;1800;1800
OutputStation0;35.50;3.50;201;145;37;22.22739187398335;280.88098581651116;4.0777777777775555;83.15139967827713;5.4324324324324325;1031.2585931287867;1800
OutputStation1;35.50;9.50;246;187;35;28.44720119520921;448.5911068294279;4.204999999999927;73.39963202727085;7.0285714285714285;857.3847836454872;1800
OutputStation2;0.50;6.50;226;173;34;26.24143472681272;327.51733527319317;4.04444444444448;81.17888888889115;6.647058823529412;937.8879075338044;1800
