Ident;X;Y;Transfers;InjectedTransfers;PodsHandled;PodHandlingTimeAvg;PodHandlingTimeVar;PodHandlingTimeMin;PodHandlingTimeMax;PileOn;IdleTime;UpTime
InputStation0;0.50;12.50;0;0;0;0;0;0;0;0;1800;1800
OutputStation0;35.50;3.50;196;137;38;21.142541770028874;343.5044927004299;4.04444444444448;75.21575033130398;5.157894736842105;1046.994386617629;1800
OutputStation1;35.50;9.50;247;195;33;30.739308892440278;404.6211795128888;4.052128430809262;77.22112549695453;7.484848484848484;856.5031313646484;1800
OutputStation2;0.50;6.50;237;173;33;28.612864577058737;333.08384488267376;4.231666666666342;78.17176045808037;7.181818181818182;893.6375614232638;1800
