Ident;X;Y;Transfers;InjectedTransfers;PodsHandled;PodHandlingTimeAvg;PodHandlingTimeVar;PodHandlingTimeMin;PodHandlingTimeMax;PileOn;IdleTime;UpTime
InputStation0;0.50;12.50;0;0;0;0;0;0;0;0;1800;1800
OutputStation0;35.50;3.50;280;220;30;38.27737926998366;432.4401385517085;4.065093791412856;82.7416666666665;9.333333333333334;724.3314718909437;1800
OutputStation1;35.50;9.50;261;204;31;34.75894009085982;627.473908770093;4.04444444444448;81.41639248534943;8.419354838709678;800.3896176414354;1800
OutputStation2;0.50;6.50;250;192;32;32.1522253779829;461.56861005243485;4.38666666666677;80.85564934696879;7.8125;838.3887375540947;1800
