Ident;X;Y;Transfers;InjectedTransfers;PodsHandled;PodHandlingTimeAvg;PodHandlingTimeVar;PodHandlingTimeMin;PodHandlingTimeMax;PileOn;IdleTime;UpTime
InputStation0;0.50;12.50;0;0;0;0;0;0;0;0;1800;1800
OutputStation0;35.50;3.50;214;152;34;26.017579998558336;234.47094470235467;4.04444444444448;59.01240980504792;6.294117647058823;979.5267604580927;1800
OutputStation1;35.50;9.50;251;198;32;31.30887761451956;458.8294462869736;4.149444444444441;77.67834771917751;7.84375;839.6513565206445;1800
OutputStation2;0.50;6.50;245;188;30;33.523900914882674;326.02812132129884;4.04444444444448;73.0732539277659;8.166666666666666;863.4451222796623;1800
