Ident;X;Y;Transfers;InjectedTransfers;PodsHandled;PodHandlingTimeAvg;PodHandlingTimeVar;PodHandlingTimeMin;PodHandlingTimeMax;PileOn;IdleTime;UpTime
InputStation0;0.50;12.50;0;0;0;0;0;0;0;0;1800;1800
OutputStation0;35.50;3.50;251;184;33;30.208436967631062;427.2039171671176;4.04444444444448;73.27564934696846;7.606060606060606;835.6197258186594;1800
OutputStation1;35.50;9.50;249;175;34;30.072925479606806;305.10341603031685;4.079538235857314;65.83120490252384;7.323529411764706;846.8438460147652;1800
OutputStation2;0.50;6.50;260;202;30;35.27740500031929;505.5211374327863;4.04444444444448;80.19685424949273;8.666666666666666;806.0066873951812;1800
