Ident;X;Y;Transfers;InjectedTransfers;PodsHandled;PodHandlingTimeAvg;PodHandlingTimeVar;PodHandlingTimeMin;PodHandlingTimeMax;PileOn;IdleTime;UpTime
InputStation0;0.50;12.50;0;0;0;0;0;0;0;0;1800;1800
OutputStation0;35.50;3.50;245;176;34;29.652796664661427;266.7244220328103;12.171666666666624;74.23287156919127;7.205882352941177;863.3476624075981;1800
OutputStation1;35.50;9.50;242;183;36;27.38551687540695;225.33512166840083;4.04444444444448;66.12787156919092;6.722222222222222;870.3850722126488;1800
OutputStation2;0.50;6.50;224;158;35;25.079600083824218;268.41673004847155;4.044444444444423;69.91018758282564;6.4;945.0538816959715;1800
