Ident;X;Y;Transfers;InjectedTransfers;PodsHandled;PodHandlingTimeAvg;PodHandlingTimeVar;PodHandlingTimeMin;PodHandlingTimeMax;PileOn;IdleTime;UpTime
InputStation0;0.50;12.50;0;0;0;0;0;0;0;0;1800;1800
OutputStation0;35.50;3.50;202;149;36;23.08756693902919;383.46411005095877;4.04444444444448;76.41499999999999;5.611111111111111;1028.723585935887;1800
OutputStation1;35.50;9.50;220;163;34;26.652974067765747;473.7159903181102;4.04444444444448;80.09407647171452;6.470588235294118;952.0793650388863;1800
OutputStation2;0.50;6.50;207;143;38;22.212796955476076;212.66468428900797;4.044444444444423;63.49740980504801;5.447368421052632;1008.2718470565782;1800
