Ident;X;Y;Transfers;InjectedTransfers;PodsHandled;PodHandlingTimeAvg;PodHandlingTimeVar;PodHandlingTimeMin;PodHandlingTimeMax;PileOn;IdleTime;UpTime
InputStation0;0.50;12.50;0;0;0;0;0;0;0;0;1800;1800
OutputStation0;35.50;3.50;252;188;32;32.57082747137001;674.1698588200798;4.04444444444448;84.64212843080918;7.875;835.555136948968;1800
OutputStation1;35.50;9.50;281;210;33;34.24478639317449;525.9581827511196;4.04444444444448;83.74166666666665;8.515151515151516;725.8843362671937;1800
OutputStation2;0.50;6.50;237;169;34;28.53909579004753;451.33804269030867;4.208982680302142;83.35944444444445;6.970588235294118;894.1476480217473;1800
