Ident;X;Y;Transfers;InjectedTransfers;PodsHandled;PodHandlingTimeAvg;PodHandlingTimeVar;PodHandlingTimeMin;PodHandlingTimeMax;PileOn;IdleTime;UpTime
InputStation0;0.50;12.50;0;0;0;0;0;0;0;0;1800;1800
OutputStation0;35.50;3.50;221;157;33;27.38905745702461;307.74950652259065;4.044444444444444;68.20989901565918;6.696969696969697;953.0853173388682;1800
OutputStation1;35.50;9.50;236;176;37;26.445425684629992;391.01244430882036;4.04444444444448;76.04777777777781;6.378378378378378;895.4583764908778;1800
OutputStation2;0.50;6.50;224;157;36;25.645941158221387;214.23867288179994;4.069350653031506;70.7966666666673;6.222222222222222;940.3505555555483;1800
