Ident;X;Y;Transfers;InjectedTransfers;PodsHandled;PodHandlingTimeAvg;PodHandlingTimeVar;PodHandlingTimeMin;PodHandlingTimeMax;PileOn;IdleTime;UpTime
InputStation0;0.50;12.50;0;0;0;0;0;0;0;0;1800;1800
OutputStation0;35.50;3.50;209;146;36;23.777539079755787;252.8534196077457;4.170764717172233;56.99888888888886;5.805555555555555;1003.0304255161552;1800
OutputStation1;35.50;9.50;270;207;30;36.981942996414624;423.08805632892785;4.04444444444448;80.09018758282673;9;767.0496104484721;1800
OutputStation2;0.50;6.50;254;185;33;30.942615983807677;262.42406527586763;8.545000000000073;66.14509379141293;7.696969696969697;827.8528358878725;1800
