Ident;X;Y;Transfers;InjectedTransfers;PodsHandled;PodHandlingTimeAvg;PodHandlingTimeVar;PodHandlingTimeMin;PodHandlingTimeMax;PileOn;IdleTime;UpTime
InputStation0;0.50;12.50;0;0;0;0;0;0;0;0;1800;1800
OutputStation0;35.50;3.50;228;156;32;29.04313739826315;374.03786839766;4.04444444444448;77.15111111111162;7.125;923.9855339768017;1800
OutputStation1;35.50;9.50;266;196;34;31.732619684670286;217.72155592518214;8.74166666666656;62.915360779804814;7.823529411764706;783.5173954191903;1800
OutputStation2;0.50;6.50;280;215;30;37.022925686162;481.4079368456201;4.129632027273146;82.11296536060388;9.333333333333334;733.5571284308211;1800
