Ident;X;Y;Transfers;InjectedTransfers;PodsHandled;PodHandlingTimeAvg;PodHandlingTimeVar;PodHandlingTimeMin;PodHandlingTimeMax;PileOn;IdleTime;UpTime
InputStation0;0.50;12.50;0;0;0;0;0;0;0;0;1800;1800
OutputStation0;35.50;3.50;270;206;31;35.604408602150635;519.1074097881767;4.04444444444448;81.40073594546004;8.709677419354838;766.5869408479974;1800
OutputStation1;35.50;9.50;238;175;36;25.945534713019278;227.23748168497664;4.04444444444448;70.65833333333421;6.611111111111111;893.0608081580954;1800
OutputStation2;0.50;6.50;210;159;37;23.173736398239015;232.7806242573989;4.04444444444448;58.242683986364796;5.675675675675675;996.8411617449777;1800
