Ident;X;Y;Transfers;InjectedTransfers;PodsHandled;PodHandlingTimeAvg;PodHandlingTimeVar;PodHandlingTimeMin;PodHandlingTimeMax;PileOn;IdleTime;UpTime
InputStation0;0.50;12.50;0;0;0;0;0;0;0;0;1800;1800
OutputStation0;35.50;3.50;252;178;31;32.099612491057414;824.56736092645;4.04444444444448;85.74907647171494;8.129032258064516;834.1273957026239;1800
OutputStation1;35.50;9.50;286;204;29;40.208285068565125;689.5000980093454;4.420000000000073;84.76655129648202;9.862068965517242;706.2271359071322;1800
OutputStation2;0.50;6.50;294;217;27;44.84665410366566;535.1617227759422;8.25500000000011;83.30926405454102;10.88888888888889;673.5322938680533;1800
