Ident;X;Y;Transfers;InjectedTransfers;PodsHandled;PodHandlingTimeAvg;PodHandlingTimeVar;PodHandlingTimeMin;PodHandlingTimeMax;PileOn;IdleTime;UpTime
InputStation0;0.50;12.50;0;0;0;0;0;0;0;0;1800;1800
OutputStation0;35.50;3.50;279;209;31;36.93640971955027;535.221466199333;4.04444444444448;83.73500000000001;9;728.9205265004522;1800
OutputStation1;35.50;9.50;264;196;31;35.16522087279282;429.7091731844216;4.04444444444448;84.32676045807989;8.516129032258064;787.7246176413964;1800
OutputStation2;0.50;6.50;240;177;32;30.613371436094827;463.87611192844247;4.153795097476234;80.61694084798296;7.5;881.9411902332371;1800
