Ident;X;Y;Transfers;InjectedTransfers;PodsHandled;PodHandlingTimeAvg;PodHandlingTimeVar;PodHandlingTimeMin;PodHandlingTimeMax;PileOn;IdleTime;UpTime
InputStation0;0.50;12.50;0;0;0;0;0;0;0;0;1800;1800
OutputStation0;35.50;3.50;223;158;37;24.29340645671542;288.2102687699459;4.04444444444448;62.66277777777759;6.027027027027027;944.919949366134;1800
OutputStation1;35.50;9.50;228;166;35;26.926322819826854;243.88856026481756;4.044444444444451;64.35120490252439;6.514285714285714;926.6680013252094;1800
OutputStation2;0.50;6.50;251;185;31;33.07982986511908;336.39458896695623;8.271111111111054;74.9833333333338;8.096774193548388;836.6752526025313;1800
