Ident;X;Y;Transfers;InjectedTransfers;PodsHandled;PodHandlingTimeAvg;PodHandlingTimeVar;PodHandlingTimeMin;PodHandlingTimeMax;PileOn;IdleTime;UpTime
InputStation0;0.50;12.50;0;0;0;0;0;0;0;0;1800;1800
OutputStation0;35.50;3.50;245;187;33;30.46019305777505;403.3463335176729;4.044444444444423;77.39944444444438;7.424242424242424;862.6970763683045;1800
OutputStation1;35.50;9.50;224;158;35;26.367634920634874;291.46287140163355;4.04444444444448;79.47704183232008;6.4;937.9874241908957;1800
OutputStation2;0.50;6.50;243;184;33;30.5347473917038;384.3881107556841;4.10833333333332;78.8822222222218;7.363636363636363;868.7270172297071;1800
