Ident;X;Y;Transfers;InjectedTransfers;PodsHandled;PodHandlingTimeAvg;PodHandlingTimeVar;PodHandlingTimeMin;PodHandlingTimeMax;PileOn;IdleTime;UpTime
InputStation0;0.50;12.50;0;0;0;0;0;0;0;0;1800;1800
OutputStation0;35.50;3.50;216;154;34;26.008916051485592;263.27258505009604;4.04444444444448;64.30722222222425;6.352941176470588;975.0276624075906;1800
OutputStation1;35.50;9.50;229;168;35;26.52390455639264;321.58520714856184;4.198239541920202;69.5405555555559;6.542857142857143;921.6708225439475;1800
OutputStation2;0.50;6.50;242;176;34;29.47998917727289;251.1471219735836;4.04444444444448;61.8483333333333;7.117647058823529;870.1988022904284;1800
