Ident;X;Y;Transfers;InjectedTransfers;PodsHandled;PodHandlingTimeAvg;PodHandlingTimeVar;PodHandlingTimeMin;PodHandlingTimeMax;PileOn;IdleTime;UpTime
InputStation0;0.50;12.50;0;0;0;0;0;0;0;0;1800;1800
OutputStation0;35.50;3.50;284;211;31;37.48644230428496;693.5806929450109;4.056111111110567;82.4941702631276;9.161290322580646;715.9446832279488;1800
OutputStation1;35.50;9.50;259;187;34;30.65221204249998;461.58099706564053;4.107222222221935;83.11805915201637;7.617647058823529;807.205374882233;1800
OutputStation2;0.50;6.50;229;165;34;27.652341906892403;566.339320211592;4.04444444444448;80.79842712474647;6.735294117647059;922.6115288674926;1800
