Ident;X;Y;Transfers;InjectedTransfers;PodsHandled;PodHandlingTimeAvg;PodHandlingTimeVar;PodHandlingTimeMin;PodHandlingTimeMax;PileOn;IdleTime;UpTime
InputStation0;0.50;12.50;0;0;0;0;0;0;0;0;1800;1800
OutputStation0;35.50;3.50;243;164;32;30.897989266871612;382.23479343470973;4.133888888888123;76.42379509747434;7.59375;868.845100984322;1800
OutputStation1;35.50;9.50;238;182;34;28.612978950238038;517.8137195169745;4.044444444444451;79.28314575050729;7;887.5430231873968;1800
OutputStation2;0.50;6.50;252;185;34;30.227703931031122;508.0716175188844;4.04444444444448;74.6877777777778;7.411764705882353;833.8056637328081;1800
