Ident;X;Y;Transfers;InjectedTransfers;PodsHandled;PodHandlingTimeAvg;PodHandlingTimeVar;PodHandlingTimeMin;PodHandlingTimeMax;PileOn;IdleTime;UpTime
InputStation0;0.50;12.50;0;0;0;0;0;0;0;0;1800;1800
OutputStation0;35.50;3.50;242;171;34;29.0552718375227;609.3034543211287;4.176666666666733;80.95333333333323;7.117647058823529;870.2629653605861;1800
OutputStation1;35.50;9.50;242;169;32;31.000934344239404;422.0165256923115;4.0801731969791035;74.60842712474687;7.5625;872.2873666475008;1800
OutputStation2;0.50;6.50;271;199;31;36.236462081670595;534.4189928943387;4.103888888888605;79.99055555555674;8.741935483870968;764.8358731778128;1800
