Ident;X;Y;Transfers;InjectedTransfers;PodsHandled;PodHandlingTimeAvg;PodHandlingTimeVar;PodHandlingTimeMin;PodHandlingTimeMax;PileOn;IdleTime;UpTime
InputStation0;0.50;12.50;0;0;0;0;0;0;0;0;1800;1800
OutputStation0;35.50;3.50;242;170;35;27.866126778614834;308.7597167067196;4.116111111111138;74.58277777777789;6.914285714285715;874.4578571833355;1800
OutputStation1;35.50;9.50;242;181;35;28.528468562236394;342.1620404668607;4.04444444444448;71.28000000000006;6.914285714285715;871.6831385575756;1800
OutputStation2;0.50;6.50;243;184;32;30.673449223926674;289.3823383639509;4.071666666666488;67.99222222222224;7.59375;871.1513709065886;1800
