Ident;X;Y;Transfers;InjectedTransfers;PodsHandled;PodHandlingTimeAvg;PodHandlingTimeVar;PodHandlingTimeMin;PodHandlingTimeMax;PileOn;IdleTime;UpTime
InputStation0;0.50;12.50;0;0;0;0;0;0;0;0;1800;1800
OutputStation0;35.50;3.50;249;181;33;30.97396759761244;412.57047274945495;4.118239541920474;74.73963202727009;7.545454545454546;847.6090692788047;1800
OutputStation1;35.50;9.50;262;199;34;31.05288663972089;390.52729225214875;4.106204902523814;79.5910173196981;7.705882352941177;794.3115944540233;1800
OutputStation2;0.50;6.50;297;228;29;42.111666666666764;454.17224439791903;4.349444444444401;73.58777777777777;10.241379310344827;665.0282323490258;1800
