Ident;X;Y;Transfers;InjectedTransfers;PodsHandled;PodHandlingTimeAvg;PodHandlingTimeVar;PodHandlingTimeMin;PodHandlingTimeMax;PileOn;IdleTime;UpTime
InputStation0;0.50;12.50;0;0;0;0;0;0;0;0;1800;1800
OutputStation0;35.50;3.50;254;184;33;31.696898953936255;309.4790362202809;8.319999999999709;80.86158212848943;7.696969696969697;827.769257108679;1800
OutputStation1;35.50;9.50;242;173;32;30.79484471350017;387.50493992108704;4.081111111111113;74.8196320272707;7.5625;870.8264844998375;1800
OutputStation2;0.50;6.50;229;165;36;26.238677300285122;422.2546570339586;4.04444444444448;75.5144444444445;6.361111111111111;921.162200643457;1800
