Ident;X;Y;Transfers;InjectedTransfers;PodsHandled;PodHandlingTimeAvg;PodHandlingTimeVar;PodHandlingTimeMin;PodHandlingTimeMax;PileOn;IdleTime;UpTime
InputStation0;0.50;12.50;0;0;0;0;0;0;0;0;1800;1800
OutputStation0;35.50;3.50;220;149;34;26.690678421910018;259.5973899324289;4.085468957063995;74.6306493469682;6.470588235294118;953.8979363054835;1800
OutputStation1;35.50;9.50;243;172;33;29.91037692656795;312.07270704218;8.460555555555175;75.24546176414268;7.363636363636363;870.6401660040583;1800
OutputStation2;0.50;6.50;245;188;31;31.666371083756786;596.5533716572608;4.04444444444448;76.83803757324745;7.903225806451613;863.246608839878;1800
