Ident;X;Y;Transfers;InjectedTransfers;PodsHandled;PodHandlingTimeAvg;PodHandlingTimeVar;PodHandlingTimeMin;PodHandlingTimeMax;PileOn;IdleTime;UpTime
InputStation0;0.50;12.50;0;0;0;0;0;0;0;0;1800;1800
OutputStation0;35.50;3.50;232;163;30;31.035394901885685;220.1681144022609;8.239906208586945;58.84555555555562;7.733333333333333;911.2192568616208;1800
OutputStation1;35.50;9.50;260;191;34;31.26168024796484;286.107080343622;4.04444444444448;58.89777777777806;7.647058823529412;806.3328356045722;1800
OutputStation2;0.50;6.50;219;155;35;25.5312832400431;453.8966450147667;4.04444444444448;75.53333333333339;6.257142857142857;963.5681601363549;1800
