Ident;X;Y;Transfers;InjectedTransfers;PodsHandled;PodHandlingTimeAvg;PodHandlingTimeVar;PodHandlingTimeMin;PodHandlingTimeMax;PileOn;IdleTime;UpTime
InputStation0;0.50;12.50;0;0;0;0;0;0;0;0;1800;1800
OutputStation0;35.50;3.50;239;188;32;30.025350827540343;551.2494552358464;4.080649346967675;78.93277777777752;7.46875;882.1562843080867;1800
OutputStation1;35.50;9.50;274;210;31;36.19996718323559;334.4976758160307;4.133116978819771;74.93646469799455;8.838709677419354;749.8815797847724;1800
OutputStation2;0.50;6.50;266;201;30;36.555678213132;589.833270649297;4.04444444444448;83.26509379141316;8.866666666666667;784.1418401470703;1800
