Ident;X;Y;Transfers;InjectedTransfers;PodsHandled;PodHandlingTimeAvg;PodHandlingTimeVar;PodHandlingTimeMin;PodHandlingTimeMax;PileOn;IdleTime;UpTime
InputStation0;0.50;12.50;0;0;0;0;0;0;0;0;1800;1800
OutputStation0;35.50;3.50;272;201;30;34.731845838855136;449.49137422098147;4.288513723234928;75.30833333333453;9.066666666666666;757.1454042207441;1800
OutputStation1;35.50;9.50;240;173;35;28.096179962684083;303.0199817564757;4.107222222224664;72.17398268030229;6.857142857142857;883.9786941131345;1800
OutputStation2;0.50;6.50;204;133;37;22.49563063063042;254.24585238000574;4.394999999999527;72.82851372323694;5.513513513513513;1016.58073594546;1800
