Ident;X;Y;Transfers;InjectedTransfers;PodsHandled;PodHandlingTimeAvg;PodHandlingTimeVar;PodHandlingTimeMin;PodHandlingTimeMax;PileOn;IdleTime;UpTime
InputStation0;0.50;12.50;0;0;0;0;0;0;0;0;1800;1800
OutputStation0;35.50;3.50;244;175;32;31.399563266019346;581.0650219068183;4.04444444444448;80.37591633535772;7.625;866.1747114328402;1800
OutputStation1;35.50;9.50;231;167;36;26.046742220860892;254.72355042178026;4.226666666667143;66.29222222222222;6.416666666666667;913.4312049025319;1800
OutputStation2;0.50;6.50;261;189;30;34.18688528298012;519.0829578350987;4.04444444444448;79.68823954192032;8.7;803.925620575279;1800
