Ident;X;Y;Transfers;InjectedTransfers;PodsHandled;PodHandlingTimeAvg;PodHandlingTimeVar;PodHandlingTimeMin;PodHandlingTimeMax;PileOn;IdleTime;UpTime
InputStation0;0.50;12.50;0;0;0;0;0;0;0;0;1800;1800
OutputStation0;35.50;3.50;250;185;36;28.407415023555146;410.79777341283744;4.090180389901207;73.62463202727099;6.944444444444445;841.5627561990032;1800
OutputStation1;35.50;9.50;270;205;32;34.83734419955751;333.2760627453795;4.2004617641403;68.7861111111112;8.4375;766.6574457696437;1800
OutputStation2;0.50;6.50;233;160;32;29.82806998568504;368.14361100924606;4.04444444444448;71.29481241717411;7.28125;906.2248774368848;1800
