Ident;X;Y;Transfers;InjectedTransfers;PodsHandled;PodHandlingTimeAvg;PodHandlingTimeVar;PodHandlingTimeMin;PodHandlingTimeMax;PileOn;IdleTime;UpTime
InputStation0;0.50;12.50;0;0;0;0;0;0;0;0;1800;1800
OutputStation0;35.50;3.50;211;147;33;26.12134395918276;363.01874663658225;4.249444444444407;80.92704183231876;6.393939393939394;990.8542715308829;1800
OutputStation1;35.50;9.50;239;177;33;29.533156892607604;382.68846260687894;4.04444444444448;71.62879509747609;7.242424242424242;885.6597620666911;1800
OutputStation2;0.50;6.50;269;201;32;34.0738821278102;345.6771687599198;4.207222222222185;72.51898268030169;8.40625;772.446673859582;1800
