Ident;X;Y;Transfers;InjectedTransfers;PodsHandled;PodHandlingTimeAvg;PodHandlingTimeVar;PodHandlingTimeMin;PodHandlingTimeMax;PileOn;IdleTime;UpTime
InputStation0;0.50;12.50;0;0;0;0;0;0;0;0;1800;1800
OutputStation0;35.50;3.50;290;213;31;38.38887399327145;452.3489614484766;4.079999999999927;82.97944444444448;9.35483870967742;688.9327633919429;1800
OutputStation1;35.50;9.50;259;189;33;32.07466089343402;482.49776310899546;4.04444444444448;79.83388888888874;7.848484848484849;808.5225035964464;1800
OutputStation2;0.50;6.50;253;188;32;32.65526041666674;478.65752242250494;4.125555555555593;80.9326911792889;7.90625;828.3760101267619;1800
