Ident;X;Y;Transfers;InjectedTransfers;PodsHandled;PodHandlingTimeAvg;PodHandlingTimeVar;PodHandlingTimeMin;PodHandlingTimeMax;PileOn;IdleTime;UpTime
InputStation0;0.50;12.50;0;0;0;0;0;0;0;0;1800;1800
OutputStation0;35.50;3.50;240;179;34;29.08977103778618;333.367687416959;4.200093791412883;80.22064934696843;7.0588235294117645;884.2304188340677;1800
OutputStation1;35.50;9.50;205;143;37;22.227282865492512;245.64778820649138;4.04444444444448;70.1026911792876;5.54054054054054;1014.1153029530004;1800
OutputStation2;0.50;6.50;221;165;34;26.644316272504714;383.72317180791117;4.04444444444448;79.92555555555509;6.5;955.9433626158731;1800
