Ident;X;Y;Transfers;InjectedTransfers;PodsHandled;PodHandlingTimeAvg;PodHandlingTimeVar;PodHandlingTimeMin;PodHandlingTimeMax;PileOn;IdleTime;UpTime
InputStation0;0.50;12.50;0;0;0;0;0;0;0;0;1800;1800
OutputStation0;35.50;3.50;213;148;36;24.006435384988556;351.5909407773721;4.04444444444448;76.48620490252483;5.916666666666667;984.5436653414494;1800
OutputStation1;35.50;9.50;249;189;32;31.326755728867507;229.8254095797435;4.054992807077497;72.63101731969823;7.78125;843.7105123980164;1800
OutputStation2;0.50;6.50;238;172;34;28.681664331208786;267.2725818762752;8.051204902524205;79.79417026312763;7;890.9866376115501;1800
