Ident;X;Y;Transfers;InjectedTransfers;PodsHandled;PodHandlingTimeAvg;PodHandlingTimeVar;PodHandlingTimeMin;PodHandlingTimeMax;PileOn;IdleTime;UpTime
InputStation0;0.50;12.50;0;0;0;0;0;0;0;0;1800;1800
OutputStation0;35.50;3.50;198;135;36;22.40941278103335;238.89819510089154;4.04444444444448;78.69166666666774;5.5;1040.0101947757412;1800
OutputStation1;35.50;9.50;253;190;34;30.48402894133884;290.5850392616193;4.065093791412664;73.83157287525376;7.4411764705882355;831.6236587153923;1800
OutputStation2;0.50;6.50;240;176;35;27.519563594819633;441.7453355897639;4.04444444444448;74.64555555555546;6.857142857142857;879.9600791221503;1800
