Ident;X;Y;Transfers;InjectedTransfers;PodsHandled;PodHandlingTimeAvg;PodHandlingTimeVar;PodHandlingTimeMin;PodHandlingTimeMax;PileOn;IdleTime;UpTime
InputStation0;0.50;12.50;0;0;0;0;0;0;0;0;1800;1800
OutputStation0;35.50;3.50;243;173;32;31.20748885440067;550.054595556494;4.04444444444448;78.79444444444414;7.59375;875.3729581676772;1800
OutputStation1;35.50;9.50;254;188;33;31.51952590223198;448.954005459827;4.170555555555438;83.84611111111104;7.696969696969697;827.7582076979252;1800
OutputStation2;0.50;6.50;227;159;33;28.490200081675038;309.97335291473064;8.04444444444448;76.58036797272987;6.878787878787879;929.4721983360641;1800
