Ident;X;Y;Transfers;InjectedTransfers;PodsHandled;PodHandlingTimeAvg;PodHandlingTimeVar;PodHandlingTimeMin;PodHandlingTimeMax;PileOn;IdleTime;UpTime
InputStation0;0.50;12.50;0;0;0;0;0;0;0;0;1800;1800
OutputStation0;35.50;3.50;223;158;31;29.65116138496297;510.8452390096582;4.04444444444448;76.65703463939644;7.193548387096774;947.0619768125907;1800
OutputStation1;35.50;9.50;276;208;30;37.729117124107944;387.5920004107784;4.160555555555447;79.55759019495144;9.2;741.3386725343573;1800
OutputStation2;0.50;6.50;271;210;32;34.84442099659106;534.6754150837785;4.04444444444448;84.46601731969838;8.46875;763.6031963843664;1800
