Ident;X;Y;Transfers;InjectedTransfers;PodsHandled;PodHandlingTimeAvg;PodHandlingTimeVar;PodHandlingTimeMin;PodHandlingTimeMax;PileOn;IdleTime;UpTime
InputStation0;0.50;12.50;0;0;0;0;0;0;0;0;1800;1800
OutputStation0;35.50;3.50;233;171;35;27.35287136367867;373.26473910046985;4.125;79.91333333333318;6.6571428571428575;908.8910601938155;1800
OutputStation1;35.50;9.50;208;149;37;23.22066650807997;218.20600483154206;4.0622222222218625;66.93953823585798;5.621621621621622;1005.2028209353069;1800
OutputStation2;0.50;6.50;211;149;35;24.890878786406486;283.4489062811357;4.277777777777658;72.24157287525395;6.0285714285714285;989.8382755065259;1800
