Ident;X;Y;Transfers;InjectedTransfers;PodsHandled;PodHandlingTimeAvg;PodHandlingTimeVar;PodHandlingTimeMin;PodHandlingTimeMax;PileOn;IdleTime;UpTime
InputStation0;0.50;12.50;0;0;0;0;0;0;0;0;1800;1800
OutputStation0;35.50;3.50;283;217;29;40.42051699334747;690.0052891927728;4.170555555555666;83.28444444444472;9.758620689655173;723.6257578076553;1800
OutputStation1;35.50;9.50;320;239;27;47.50900139160163;703.0869506204417;4.0472222222224445;84.53888888888912;11.851851851851851;573.6221356237353;1800
OutputStation2;0.50;6.50;258;179;30;35.403200577323254;650.5593879201526;4.116111111110968;85.79944444444448;8.6;811.3305555555502;1800
