Ident;X;Y;Transfers;InjectedTransfers;PodsHandled;PodHandlingTimeAvg;PodHandlingTimeVar;PodHandlingTimeMin;PodHandlingTimeMax;PileOn;IdleTime;UpTime
InputStation0;0.50;12.50;0;0;0;0;0;0;0;0;1800;1800
OutputStation0;35.50;3.50;248;182;34;29.833818223826324;374.76393206077347;4.04444444444448;73.96731601363581;7.294117647058823;846.7950215787614;1800
OutputStation1;35.50;9.50;253;192;34;29.75549550166371;267.2529656265596;4.116111111110968;66.75453104293513;7.4411764705882355;832.0739032747226;1800
OutputStation2;0.50;6.50;218;154;34;26.413747135650706;444.132648092294;4.04444444444448;80.35240980504796;6.411764705882353;964.6182251560738;1800
