Ident;X;Y;Transfers;InjectedTransfers;PodsHandled;PodHandlingTimeAvg;PodHandlingTimeVar;PodHandlingTimeMin;PodHandlingTimeMax;PileOn;IdleTime;UpTime
InputStation0;0.50;12.50;0;0;0;0;0;0;0;0;1800;1800
OutputStation0;35.50;3.50;246;179;34;29.25241023649733;271.4639684550292;4.04444444444448;67.80277777777792;7.235294117647059;861.4465800681755;1800
OutputStation1;35.50;9.50;235;170;35;27.73706617181826;282.6461601998363;4.04444444444448;73.85444444444454;6.714285714285714;900.5027993565395;1800
OutputStation2;0.50;6.50;241;185;31;30.219519154561738;346.662497028858;4.260000000000218;76.60176045807958;7.774193548387097;879.3482251560706;1800
