Ident;X;Y;Transfers;InjectedTransfers;PodsHandled;PodHandlingTimeAvg;PodHandlingTimeVar;PodHandlingTimeMin;PodHandlingTimeMax;PileOn;IdleTime;UpTime
InputStation0;0.50;12.50;0;0;0;0;0;0;0;0;1800;1800
OutputStation0;35.50;3.50;252;185;28;37.21531999004826;549.684385115668;4.285555555555447;79.95722222222275;9;831.5690620858727;1800
OutputStation1;35.50;9.50;233;168;34;28.06310712217769;217.49643380590643;4.04444444444448;62.556479083840856;6.852941176470588;905.6927561989978;1800
OutputStation2;0.50;6.50;257;186;31;33.7937560366476;336.36107952867496;4.19388888888875;82.49953823585707;8.290322580645162;815.2460889551273;1800
