Ident;X;Y;Transfers;InjectedTransfers;PodsHandled;PodHandlingTimeAvg;PodHandlingTimeVar;PodHandlingTimeMin;PodHandlingTimeMax;PileOn;IdleTime;UpTime
InputStation0;0.50;12.50;0;0;0;0;0;0;0;0;1800;1800
OutputStation0;35.50;3.50;245;183;33;30.357382045898547;403.7468875977048;4.148333333333312;79.39379509747641;7.424242424242424;862.3357071737279;1800
OutputStation1;35.50;9.50;259;194;34;31.36891902161309;373.2404652956224;4.048795097476159;81.88009379141363;7.617647058823529;808.3551081772846;1800
OutputStation2;0.50;6.50;239;177;34;28.649017483941854;416.96563578686346;4.04444444444448;70.51250359646065;7.029411764705882;885.2728065495048;1800
