Ident;X;Y;Transfers;InjectedTransfers;PodsHandled;PodHandlingTimeAvg;PodHandlingTimeVar;PodHandlingTimeMin;PodHandlingTimeMax;PileOn;IdleTime;UpTime
InputStation0;0.50;12.50;0;0;0;0;0;0;0;0;1800;1800
OutputStation0;35.50;3.50;273;212;29;38.772861628372304;478.37350314210477;4.417871569190538;80.28388888888924;9.413793103448276;754.1772800490255;1800
OutputStation1;35.50;9.50;251;196;33;31.202814943877232;288.5935061716381;4.0750000000000455;67.77646469799356;7.606060606060606;839.0512192883325;1800
OutputStation2;0.50;6.50;269;209;31;35.76938719141472;411.876712718935;4.112777777777637;79.32722222222226;8.67741935483871;771.5797545903807;1800
