Ident;X;Y;Transfers;InjectedTransfers;PodsHandled;PodHandlingTimeAvg;PodHandlingTimeVar;PodHandlingTimeMin;PodHandlingTimeMax;PileOn;IdleTime;UpTime
InputStation0;0.50;12.50;0;0;0;0;0;0;0;0;1800;1800
OutputStation0;35.50;3.50;266;192;29;37.32376797405061;506.2359970540403;4.08055555555552;81.15722222222212;9.172413793103448;781.3716047192349;1800
OutputStation1;35.50;9.50;248;185;34;29.737198936577038;419.40458673924013;4.04444444444448;80.06352091615963;7.294117647058823;848.839119629261;1800
OutputStation2;0.50;6.50;242;175;31;32.11422653071959;525.3311263447678;4.067128430808907;81.84611111111118;7.806451612903226;872.6738367614992;1800
