Ident;X;Y;Transfers;InjectedTransfers;PodsHandled;PodHandlingTimeAvg;PodHandlingTimeVar;PodHandlingTimeMin;PodHandlingTimeMax;PileOn;IdleTime;UpTime
InputStation0;0.50;12.50;0;0;0;0;0;0;0;0;1800;1800
OutputStation0;35.50;3.50;239;178;36;27.08014369991612;365.0811227961686;4.047683986364973;67.06944444444446;6.638888888888889;883.8920490252499;1800
OutputStation1;35.50;9.50;246;183;36;27.312589987275633;234.9588076445812;4.1276839863649;79.8917604580796;6.833333333333333;858.9066378949725;1800
OutputStation2;0.50;6.50;235;172;33;29.451857536179983;438.7577342973211;4.20555555555552;80.7088888888884;7.121212121212121;901.9008369297808;1800
