Ident;X;Y;Transfers;InjectedTransfers;PodsHandled;PodHandlingTimeAvg;PodHandlingTimeVar;PodHandlingTimeMin;PodHandlingTimeMax;PileOn;IdleTime;UpTime
InputStation0;0.50;12.50;0;0;0;0;0;0;0;0;1800;1800
OutputStation0;35.50;3.50;233;164;35;27.334304472568324;412.78160095741686;4.161479083840845;72.58555555555543;6.6571428571428575;911.5070202535417;1800
OutputStation1;35.50;9.50;241;191;34;29.36528541882107;428.5710870089514;4.183888888889214;75.68499999999997;7.088235294117647;878.9071284308088;1800
OutputStation2;0.50;6.50;247;189;30;33.83625300649846;428.9775197124914;4.400836929795787;82.75277777777865;8.233333333333333;851.7438960817981;1800
