Ident;X;Y;Transfers;InjectedTransfers;PodsHandled;PodHandlingTimeAvg;PodHandlingTimeVar;PodHandlingTimeMin;PodHandlingTimeMax;PileOn;IdleTime;UpTime
InputStation0;0.50;12.50;0;0;0;0;0;0;0;0;1800;1800
OutputStation0;35.50;3.50;276;210;31;36.1296055027373;439.835442359483;4.04444444444448;84.00231601363657;8.903225806451612;738.4045238500021;1800
OutputStation1;35.50;9.50;233;163;35;26.591409607633743;221.26441876212562;4.2319408479802405;66.13379509747608;6.6571428571428575;906.8680594354214;1800
OutputStation2;0.50;6.50;234;179;31;30.928536284978975;304.83405730622513;8.331111111111113;80.19712843080924;7.548387096774194;906.1806059060158;1800
