Ident;X;Y;Transfers;InjectedTransfers;PodsHandled;PodHandlingTimeAvg;PodHandlingTimeVar;PodHandlingTimeMin;PodHandlingTimeMax;PileOn;IdleTime;UpTime
InputStation0;0.50;12.50;0;0;0;0;0;0;0;0;1800;1800
OutputStation0;31.50;3.50;173;142;21;85.89590771837463;3485.9526298081673;12.055367972728845;207.33787156919186;8.238095238095237;102.61342712474328;1800
OutputStation1;31.50;9.50;172;142;17;103.895381968805;5927.84206609095;11.525281374238375;207.6428715691905;10.117647058823529;118.31594510704326;1800
OutputStation2;0.50;6.50;172;115;37;47.40316095226552;822.6605902211314;10.296572875253805;163.33787156919175;4.648648648648648;118.08453823585188;1800
