Ident;X;Y;Transfers;InjectedTransfers;PodsHandled;PodHandlingTimeAvg;PodHandlingTimeVar;PodHandlingTimeMin;PodHandlingTimeMax;PileOn;IdleTime;UpTime
InputStation0;0.50;12.50;0;0;0;0;0;0;0;0;1800;1800
OutputStation0;35.50;3.50;255;192;34;31.049891138057113;264.54580841540815;4.04444444444448;56.9072222222228;7.5;821.4738601171936;1800
OutputStation1;35.50;9.50;235;175;36;27.117451497993486;334.22458292331925;4.259913401511767;71.63361470757195;6.527777777777778;899.1849999999808;1800
OutputStation2;0.50;6.50;244;184;31;32.50052855782022;320.55033340261565;4.04444444444448;71.3453679727296;7.870967741935484;867.6447836454822;1800
