Ident;X;Y;Transfers;InjectedTransfers;PodsHandled;PodHandlingTimeAvg;PodHandlingTimeVar;PodHandlingTimeMin;PodHandlingTimeMax;PileOn;IdleTime;UpTime
InputStation0;0.50;12.50;0;0;0;0;0;0;0;0;1800;1800
OutputStation0;35.50;3.50;225;160;35;25.71204514480495;314.57237287746256;4.044444444444444;79.63777777777807;6.428571428571429;934.706515331856;1800
OutputStation1;35.50;9.50;227;164;34;25.947638783110673;367.9600468405184;4.044444444444451;83.92676045807991;6.676470588235294;932.1819768126177;1800
OutputStation2;0.50;6.50;239;175;33;29.35490445625983;443.33166196536223;4.067128430809134;84.58222222222241;7.242424242424242;885.2113421348938;1800
