Ident;X;Y;Transfers;InjectedTransfers;PodsHandled;PodHandlingTimeAvg;PodHandlingTimeVar;PodHandlingTimeMin;PodHandlingTimeMax;PileOn;IdleTime;UpTime
InputStation0;0.50;12.50;0;0;0;0;0;0;0;0;1800;1800
OutputStation0;35.50;3.50;254;191;32;32.67081574744334;320.08677979773;4.107777777777528;74.8261111111118;7.9375;829.0418254777958;1800
OutputStation1;35.50;9.50;250;187;35;29.523875490115756;251.97503646037262;4.1994444444444525;67.09555555555607;7.142857142857143;841.1545310429342;1800
OutputStation2;0.50;6.50;237;174;35;26.99334157810947;286.75545155227127;4.04444444444448;73.3806493469699;6.771428571428571;888.3289898732171;1800
