Ident;X;Y;Transfers;InjectedTransfers;PodsHandled;PodHandlingTimeAvg;PodHandlingTimeVar;PodHandlingTimeMin;PodHandlingTimeMax;PileOn;IdleTime;UpTime
InputStation0;0.50;12.50;0;0;0;0;0;0;0;0;1800;1800
OutputStation0;35.50;3.50;268;194;31;35.68353674903848;283.9842946993807;8.825555555555525;76.5527777777786;8.64516129032258;770.5737807116287;1800
OutputStation1;35.50;9.50;254;195;32;32.0122368771306;491.3601298244883;4.04444444444448;81.63120490252399;7.9375;827.6430810142097;1800
OutputStation2;0.50;6.50;227;171;32;28.97502344785316;396.70140865892495;4.098520916159032;84.92657287525395;7.09375;932.4692640545308;1800
