Ident;X;Y;Transfers;InjectedTransfers;PodsHandled;PodHandlingTimeAvg;PodHandlingTimeVar;PodHandlingTimeMin;PodHandlingTimeMax;PileOn;IdleTime;UpTime
InputStation0;0.50;12.50;0;0;0;0;0;0;0;0;1800;1800
OutputStation0;35.50;3.50;292;207;29;40.8011561416926;940.8995001158626;4.04444444444448;84.60425686161852;10.068965517241379;682.6568974070267;1800
OutputStation1;35.50;9.50;285;219;29;38.99017539994791;760.938116279109;4.070555555555302;83.3184271247462;9.827586206896552;705.9626477383134;1800
OutputStation2;0.50;6.50;277;203;31;36.56271796327791;654.2194133302049;4.13055555555502;83.35509379141286;8.935483870967742;739.5065153318926;1800
