Ident;X;Y;Transfers;InjectedTransfers;PodsHandled;PodHandlingTimeAvg;PodHandlingTimeVar;PodHandlingTimeMin;PodHandlingTimeMax;PileOn;IdleTime;UpTime
InputStation0;0.50;12.50;0;0;0;0;0;0;0;0;1800;1800
OutputStation0;35.50;3.50;247;174;32;31.19235006152087;503.538145412831;4.048333333332721;80.98666666666645;7.71875;848.0613490443845;1800
OutputStation1;35.50;9.50;260;187;33;32.23727841160089;573.7465972735465;4.204999999999927;82.40777777777794;7.878787878787879;805.4532611206886;1800
OutputStation2;0.50;6.50;265;197;31;34.81177721907787;457.62219384909974;8.650367972730237;81.25611111111111;8.548387096774194;784.9225041633249;1800
