Ident;X;Y;Transfers;InjectedTransfers;PodsHandled;PodHandlingTimeAvg;PodHandlingTimeVar;PodHandlingTimeMin;PodHandlingTimeMax;PileOn;IdleTime;UpTime
InputStation0;0.50;12.50;0;0;0;0;0;0;0;0;1800;1800
OutputStation0;35.50;3.50;241;178;33;30.11660435702518;444.5805183924637;4.086666666666588;75.02388888888885;7.303030303030303;873.6017895131794;1800
OutputStation1;35.50;9.50;267;195;32;32.647714420075445;316.3719381172627;8.345000000000027;82.08769837220791;8.34375;778.8804399019457;1800
OutputStation2;0.50;6.50;230;175;32;29.265471680981708;536.882098561067;4.04444444444448;79.38564934697047;7.1875;919.0374529625577;1800
