Ident;X;Y;Transfers;InjectedTransfers;PodsHandled;PodHandlingTimeAvg;PodHandlingTimeVar;PodHandlingTimeMin;PodHandlingTimeMax;PileOn;IdleTime;UpTime
InputStation0;0.50;12.50;0;0;0;0;0;0;0;0;1800;1800
OutputStation0;35.50;3.50;264;200;31;34.72362868421357;413.4962616376923;4.409999999999968;75.07944444444524;8.516129032258064;789.9942784403943;1800
OutputStation1;35.50;9.50;239;175;32;30.438138980572027;376.13700984716564;4.04444444444448;85.08111111111248;7.46875;887.4209307212315;1800
OutputStation2;0.50;6.50;228;164;36;26.168179212149077;215.8410939099115;4.15777777777771;64.944538235859;6.333333333333333;925.4213706231625;1800
