Ident;X;Y;Transfers;InjectedTransfers;PodsHandled;PodHandlingTimeAvg;PodHandlingTimeVar;PodHandlingTimeMin;PodHandlingTimeMax;PileOn;IdleTime;UpTime
InputStation0;0.50;12.50;0;0;0;0;0;0;0;0;1800;1800
OutputStation0;35.50;3.50;231;162;32;29.72258987567738;426.45254211112257;4.16944444444448;83.05787156919072;7.21875;912.362960279973;1800
OutputStation1;35.50;9.50;290;221;29;41.19421012050324;510.0480788139615;12.831760458079543;83.43277777777826;10;689.3786873204283;1800
OutputStation2;0.50;6.50;266;187;31;35.03946553474925;557.187003820735;8.108888888888941;83.92999999999961;8.580645161290322;781.1372588704762;1800
