Ident;X;Y;Transfers;InjectedTransfers;PodsHandled;PodHandlingTimeAvg;PodHandlingTimeVar;PodHandlingTimeMin;PodHandlingTimeMax;PileOn;IdleTime;UpTime
InputStation0;0.50;12.50;0;0;0;0;0;0;0;0;1800;1800
OutputStation0;35.50;3.50;251;184;33;31.21035415408694;547.1038335435793;4.249444444444521;81.15240261212648;7.606060606060606;842.0528601995377;1800
OutputStation1;35.50;9.50;277;198;31;36.72434320065128;528.0298275904834;4.067777777777337;82.71842712474631;8.935483870967742;740.8252393772591;1800
OutputStation2;0.50;6.50;240;173;34;29.13698264132499;360.82142363895707;4.04444444444448;82.3773088207135;7.0588235294117645;877.401745788809;1800
