Ident;X;Y;Transfers;InjectedTransfers;PodsHandled;PodHandlingTimeAvg;PodHandlingTimeVar;PodHandlingTimeMin;PodHandlingTimeMax;PileOn;IdleTime;UpTime
InputStation0;0.50;12.50;0;0;0;0;0;0;0;0;1800;1800
OutputStation0;35.50;3.50;249;173;34;29.772347847147753;418.491494466657;4.04444444444448;77.08463202727046;7.323529411764706;844.9571212378819;1800
OutputStation1;35.50;9.50;255;191;32;32.98101303118677;395.28019005725446;4.04444444444448;76.38333333333327;7.96875;820.2545310429358;1800
OutputStation2;0.50;6.50;219;162;30;30.27745045744139;618.2035174079267;4.04444444444448;85.08555555555654;7.3;964.3794156727713;1800
