Ident;X;Y;Transfers;InjectedTransfers;PodsHandled;PodHandlingTimeAvg;PodHandlingTimeVar;PodHandlingTimeMin;PodHandlingTimeMax;PileOn;IdleTime;UpTime
InputStation0;0.50;12.50;0;0;0;0;0;0;0;0;1800;1800
OutputStation0;31.50;3.50;172;137;25;70.84291457505073;1864.1388407995018;11.879718625760688;176.96555555555528;6.88;117.53885292427393;1800
OutputStation1;31.50;9.50;171;129;26;66.63499306192668;1576.7922756175083;10.3354617641427;174.8263924853518;6.576923076923077;124.84269837220688;1800
OutputStation2;0.50;6.50;174;130;27;65.25316952349412;1683.0901063880665;10.161111111111115;156.19639248535168;6.444444444444445;95.93575033131557;1800
