Ident;X;Y;Transfers;InjectedTransfers;PodsHandled;PodHandlingTimeAvg;PodHandlingTimeVar;PodHandlingTimeMin;PodHandlingTimeMax;PileOn;IdleTime;UpTime
InputStation0;0.50;12.50;0;0;0;0;0;0;0;0;1800;1800
OutputStation0;35.50;3.50;241;177;34;29.142857776336072;451.5358590953636;4.068607514649216;81.60408366463798;7.088235294117647;879.3205060553136;1800
OutputStation1;35.50;9.50;259;198;32;33.444400272653766;392.84868989583595;4.04444444444448;80.97833333333438;8.09375;807.4183123213995;1800
OutputStation2;0.50;6.50;264;198;31;34.664267098355545;386.4906912694378;4.04444444444448;76.89833333333341;8.516129032258064;782.6319215364744;1800
