Ident;X;Y;Transfers;InjectedTransfers;PodsHandled;PodHandlingTimeAvg;PodHandlingTimeVar;PodHandlingTimeMin;PodHandlingTimeMax;PileOn;IdleTime;UpTime
InputStation0;0.50;12.50;0;0;0;0;0;0;0;0;1800;1800
OutputStation0;35.50;3.50;205;137;35;23.877473099697912;156.07620431571385;4.04444444444448;54.26888888888914;5.857142857142857;1012.4591702631411;1800
OutputStation1;35.50;9.50;249;185;35;28.502241186016985;358.9962316783827;4.08888888888896;80.25712843081033;7.114285714285714;850.0786650580371;1800
OutputStation2;0.50;6.50;224;160;33;28.06633280849382;219.5776258357971;4.148787904543042;59.80851372323718;6.787878787878788;944.5453463939309;1800
