Ident;X;Y;Transfers;InjectedTransfers;PodsHandled;PodHandlingTimeAvg;PodHandlingTimeVar;PodHandlingTimeMin;PodHandlingTimeMax;PileOn;IdleTime;UpTime
InputStation0;0.50;12.50;0;0;0;0;0;0;0;0;1800;1800
OutputStation0;35.50;3.50;261;191;33;32.269514844643204;300.94292448699156;4.04444444444448;63.72453823585715;7.909090909090909;802.1021284308082;1800
OutputStation1;35.50;9.50;273;215;33;33.103936333807965;286.9770612289166;4.04444444444448;66.38555555555564;8.272727272727273;754.9211977096043;1800
OutputStation2;0.50;6.50;251;193;35;29.53858750709945;241.09421310964495;4.3244444444444525;70.51787156919181;7.171428571428572;839.8838960818048;1800
