Ident;X;Y;Transfers;InjectedTransfers;PodsHandled;PodHandlingTimeAvg;PodHandlingTimeVar;PodHandlingTimeMin;PodHandlingTimeMax;PileOn;IdleTime;UpTime
InputStation0;0.50;12.50;0;0;0;0;0;0;0;0;1800;1800
OutputStation0;35.50;3.50;249;175;31;33.13466229170763;287.78700032559186;4.167777777777928;79.55704183231455;8.03225806451613;844.6340620858666;1800
OutputStation1;35.50;9.50;257;195;32;33.08347785940653;496.80512697032066;4.0817604580794296;85.07667385958598;8.03125;812.1950503504157;1800
OutputStation2;0.50;6.50;271;208;32;34.51996437866261;320.97837240987474;4.060093791412555;70.63722222222225;8.46875;758.0194300585881;1800
