Ident;X;Y;Transfers;InjectedTransfers;PodsHandled;PodHandlingTimeAvg;PodHandlingTimeVar;PodHandlingTimeMin;PodHandlingTimeMax;PileOn;IdleTime;UpTime
InputStation0;0.50;12.50;0;0;0;0;0;0;0;0;1800;1800
OutputStation0;35.50;3.50;216;151;36;24.249769525408187;349.648620720779;4.206760458079543;84.72611111111132;6;969.5402595120493;1800
OutputStation1;35.50;9.50;265;193;32;33.88630772051795;476.10440380629757;4.125000000000227;80.27064934696875;8.28125;783.2016453713031;1800
OutputStation2;0.50;6.50;258;200;32;32.84926519614898;568.6449478266317;4.04444444444448;76.1494444444445;8.0625;815.4667098241996;1800
