Ident;X;Y;Transfers;InjectedTransfers;PodsHandled;PodHandlingTimeAvg;PodHandlingTimeVar;PodHandlingTimeMin;PodHandlingTimeMax;PileOn;IdleTime;UpTime
InputStation0;0.50;12.50;0;0;0;0;0;0;0;0;1800;1800
OutputStation0;35.50;3.50;227;155;34;27.387074352767844;450.9065957315642;4.04444444444448;76.05861470757208;6.676470588235294;929.9424462330562;1800
OutputStation1;35.50;9.50;243;172;34;28.91998024492459;203.61909109215298;4.04444444444448;75.68989182274339;7.147058823529412;866.842725701956;1800
OutputStation2;0.50;6.50;260;194;31;34.190685413817924;477.85040808940664;4.15509379141281;80.33499999999975;8.387096774193548;801.545315150069;1800
