Ident;X;Y;Transfers;InjectedTransfers;PodsHandled;PodHandlingTimeAvg;PodHandlingTimeVar;PodHandlingTimeMin;PodHandlingTimeMax;PileOn;IdleTime;UpTime
InputStation0;0.50;12.50;0;0;0;0;0;0;0;0;1800;1800
OutputStation0;35.50;3.50;225;161;33;28.044024004958317;223.8737898355531;4.093333333333703;65.8228715691912;6.818181818181818;936.9782683136016;1800
OutputStation1;35.50;9.50;228;170;33;28.444800603994743;268.5989684678898;4.08768398636488;62.37500000000068;6.909090909090909;927.7674241908957;1800
OutputStation2;0.50;6.50;246;178;32;31.526403543797407;385.36818035370953;4.1072222222218215;77.90768398636442;7.6875;854.4111833237416;1800
