Ident;X;Y;Transfers;InjectedTransfers;PodsHandled;PodHandlingTimeAvg;PodHandlingTimeVar;PodHandlingTimeMin;PodHandlingTimeMax;PileOn;IdleTime;UpTime
InputStation0;0.50;12.50;0;0;0;0;0;0;0;0;1800;1800
OutputStation0;35.50;3.50;229;163;34;27.43736652247493;213.3224990624384;4.20555555555552;67.22073594546055;6.735294117647059;927.2148248096904;1800
OutputStation1;35.50;9.50;264;199;34;31.392745309595863;247.92759949713692;4.379444444444516;70.96435065303172;7.764705882352941;792.7947258186956;1800
OutputStation2;0.50;6.50;266;207;32;34.24171288803674;384.45203587575253;4.122683986363882;79.00564934696803;8.3125;780.6796104485115;1800
