Ident;X;Y;Transfers;InjectedTransfers;PodsHandled;PodHandlingTimeAvg;PodHandlingTimeVar;PodHandlingTimeMin;PodHandlingTimeMax;PileOn;IdleTime;UpTime
InputStation0;0.50;12.50;0;0;0;0;0;0;0;0;1800;1800
OutputStation0;35.50;3.50;250;185;32;31.997893893149914;422.42531306525785;4.253427124746395;79.24888888888927;7.8125;840.395577134317;1800
OutputStation1;35.50;9.50;242;176;34;29.102886851277255;415.54102928188604;4.081572875252732;84.65833333333336;7.117647058823529;872.7995382358467;1800
OutputStation2;0.50;6.50;233;174;33;29.0574799958681;441.48912369281726;4.04444444444448;81.17046176414271;7.0606060606060606;910.0007071737716;1800
