Ident;X;Y;Transfers;InjectedTransfers;PodsHandled;PodHandlingTimeAvg;PodHandlingTimeVar;PodHandlingTimeMin;PodHandlingTimeMax;PileOn;IdleTime;UpTime
InputStation0;0.50;12.50;0;0;0;0;0;0;0;0;1800;1800
OutputStation0;35.50;3.50;215;154;35;25.373458048729837;412.40980463601215;4.04444444444448;83.39445163736684;6.142857142857143;978.7713996782653;1800
OutputStation1;35.50;9.50;243;192;33;30.685814201070805;370.799204244611;4.15777777777771;72.61685424949269;7.363636363636363;869.2775035964722;1800
OutputStation2;0.50;6.50;236;172;31;31.62747078883952;464.5142676471603;4.04444444444448;84.31352091615986;7.612903225806452;893.4980300969072;1800
