Ident;X;Y;Transfers;InjectedTransfers;PodsHandled;PodHandlingTimeAvg;PodHandlingTimeVar;PodHandlingTimeMin;PodHandlingTimeMax;PileOn;IdleTime;UpTime
InputStation0;0.50;12.50;0;0;0;0;0;0;0;0;1800;1800
OutputStation0;35.50;3.50;188;130;39;19.86942538961425;282.72531700423514;4.04444444444448;65.75333333333325;4.82051282051282;1078.9906421540468;1800
OutputStation1;35.50;9.50;201;141;37;22.00214734155052;197.68658583260992;4.044444444444423;53.17888888888898;5.4324324324324325;1031.2292640545465;1800
OutputStation2;0.50;6.50;207;151;39;21.76884374893817;266.0415120958936;4.04444444444448;65.38833333333339;5.3076923076923075;1002.1040980504836;1800
