Ident;X;Y;Transfers;InjectedTransfers;PodsHandled;PodHandlingTimeAvg;PodHandlingTimeVar;PodHandlingTimeMin;PodHandlingTimeMax;PileOn;IdleTime;UpTime
InputStation0;0.50;12.50;0;0;0;0;0;0;0;0;1800;1800
OutputStation0;35.50;3.50;254;195;31;33.820615370055116;382.48236362323536;4.363333333333003;83.86944444444441;8.193548387096774;826.4545885863117;1800
OutputStation1;35.50;9.50;253;195;32;32.67044552692555;464.80468858956056;4.2844444444442615;79.99064934696867;7.90625;827.390144425252;1800
OutputStation2;0.50;6.50;281;214;30;38.30240115464668;427.72893940957545;4.121111111111077;72.98055555555561;9.366666666666667;725.8411039182146;1800
