Ident;X;Y;Transfers;InjectedTransfers;PodsHandled;PodHandlingTimeAvg;PodHandlingTimeVar;PodHandlingTimeMin;PodHandlingTimeMax;PileOn;IdleTime;UpTime
InputStation0;0.50;12.50;0;0;0;0;0;0;0;0;1800;1800
OutputStation0;35.50;3.50;250;192;32;31.773915267723986;642.9000646346936;4.04444444444448;83.47944444444465;7.8125;842.4499856141476;1800
OutputStation1;35.50;9.50;290;220;30;39.494938431448084;446.6752510417897;4.28277777777771;76.20249640353882;9.666666666666666;691.541522524795;1800
OutputStation2;0.50;6.50;261;199;31;34.452930687602226;503.2918787612114;4.321666666666488;84.90120490252457;8.419354838709678;794.7479941323584;1800
