Ident;X;Y;Transfers;InjectedTransfers;PodsHandled;PodHandlingTimeAvg;PodHandlingTimeVar;PodHandlingTimeMin;PodHandlingTimeMax;PileOn;IdleTime;UpTime
InputStation0;0.50;12.50;0;0;0;0;0;0;0;0;1800;1800
OutputStation0;35.50;3.50;239;177;35;28.10429622779269;346.2850043956621;4.192128430809589;74.76842712474831;6.828571428571428;882.3808225439824;1800
OutputStation1;35.50;9.50;256;198;32;33.04960046966565;321.43803850647816;8.08888888888896;79.24666666666803;8;819.0099424566231;1800
OutputStation2;0.50;6.50;230;167;35;26.943716965468827;309.9187571751528;4.04444444444448;76.09176045807953;6.571428571428571;916.6736362863547;1800
