Ident;X;Y;Transfers;InjectedTransfers;PodsHandled;PodHandlingTimeAvg;PodHandlingTimeVar;PodHandlingTimeMin;PodHandlingTimeMax;PileOn;IdleTime;UpTime
InputStation0;0.50;12.50;0;0;0;0;0;0;0;0;1800;1800
OutputStation0;35.50;3.50;250;178;33;30.761860378343854;373.0273156842713;4.116111111110968;74.56222222222232;7.575757575757576;840.0198702439636;1800
OutputStation1;35.50;9.50;231;165;35;26.909079365079382;226.48320416038524;4.04444444444448;60.8644444444445;6.6;916.8844225822637;1800
OutputStation2;0.50;6.50;257;193;30;34.89241557828101;425.017474097119;4.044444444444423;85.05342712474635;8.566666666666666;813.2219045999371;1800
