Ident;X;Y;Transfers;InjectedTransfers;PodsHandled;PodHandlingTimeAvg;PodHandlingTimeVar;PodHandlingTimeMin;PodHandlingTimeMax;PileOn;IdleTime;UpTime
InputStation0;0.50;12.50;0;0;0;0;0;0;0;0;1800;1800
OutputStation0;35.50;3.50;173;151;12;137.28367184048923;5289.033738906903;11.768701306063122;205.4466666666666;14.416666666666666;106.68971143281904;1800
OutputStation1;35.50;9.50;174;145;11;153.8764397208912;2649.750541108314;11.801666666666051;206.24463202727566;15.818181818181818;99.52085131563248;1800
OutputStation2;0.50;6.50;173;145;13;137.33159562602967;3936.18974542114;11.926111111111027;205.7133333333336;13.307692307692308;103.68640687120843;1800
