Ident;X;Y;Transfers;InjectedTransfers;PodsHandled;PodHandlingTimeAvg;PodHandlingTimeVar;PodHandlingTimeMin;PodHandlingTimeMax;PileOn;IdleTime;UpTime
InputStation0;0.50;12.50;0;0;0;0;0;0;0;0;1800;1800
OutputStation0;35.50;3.50;262;183;33;32.878125628803254;343.57077771250584;4.183239541920557;81.71767679343793;7.9393939393939394;793.0615006626281;1800
OutputStation1;35.50;9.50;232;167;36;26.324575117775318;353.1198125974608;4.04444444444448;72.1542568616187;6.444444444444445;912.51580815812;1800
OutputStation2;0.50;6.50;251;191;31;32.71699227284137;568.5494230694312;4.0670346393958425;82.57064934696876;8.096774193548388;837.0634271247632;1800
