Ident;X;Y;Transfers;InjectedTransfers;PodsHandled;PodHandlingTimeAvg;PodHandlingTimeVar;PodHandlingTimeMin;PodHandlingTimeMax;PileOn;IdleTime;UpTime
InputStation0;0.50;12.50;0;0;0;0;0;0;0;0;1800;1800
OutputStation0;35.50;3.50;264;201;30;35.82416401981465;315.22143089090366;4.183795097475695;65.13277777777796;8.8;786.9061614615753;1800
OutputStation1;35.50;9.50;260;197;33;32.35012921377414;308.70843208876846;4.04444444444448;71.56296536060381;7.878787878787879;801.9452813742375;1800
OutputStation2;0.50;6.50;277;209;30;38.16196584957944;466.8989807606569;8.236572875253387;83.95657287525478;9.233333333333333;737.0054114136929;1800
