Ident;X;Y;Transfers;InjectedTransfers;PodsHandled;PodHandlingTimeAvg;PodHandlingTimeVar;PodHandlingTimeMin;PodHandlingTimeMax;PileOn;IdleTime;UpTime
InputStation0;0.50;12.50;0;0;0;0;0;0;0;0;1800;1800
OutputStation0;35.50;3.50;268;201;33;33.25799531660452;471.93908008261695;4.04444444444448;77.98499999999979;8.121212121212121;774.4808510786806;1800
OutputStation1;35.50;9.50;250;186;31;32.61022738791101;343.8951649951902;4.2422222222221535;71.53388888888946;8.064516129032258;843.4696682752851;1800
OutputStation2;0.50;6.50;222;155;31;29.489638087471853;396.4539028822851;4.099906208586617;79.44944444444457;7.161290322580645;947.5904401853527;1800
