Ident;X;Y;Transfers;InjectedTransfers;PodsHandled;PodHandlingTimeAvg;PodHandlingTimeVar;PodHandlingTimeMin;PodHandlingTimeMax;PileOn;IdleTime;UpTime
InputStation0;0.50;12.50;0;0;0;0;0;0;0;0;1800;1800
OutputStation0;35.50;3.50;270;198;31;35.417446120544305;322.3602767158879;4.186666666666667;75.67796536060382;8.709677419354838;766.8398124171595;1800
OutputStation1;35.50;9.50;258;188;33;32.073510209993685;372.3070480820724;4.405555555555566;83.98694084798217;7.818181818181818;811.3050650197199;1800
OutputStation2;0.50;6.50;232;169;34;27.856688946791145;431.536758099493;4.04444444444448;76.4468542494925;6.823529411764706;912.9234271247553;1800
