Ident;X;Y;Transfers;InjectedTransfers;PodsHandled;PodHandlingTimeAvg;PodHandlingTimeVar;PodHandlingTimeMin;PodHandlingTimeMax;PileOn;IdleTime;UpTime
InputStation0;0.50;12.50;0;0;0;0;0;0;0;0;1800;1800
OutputStation0;35.50;3.50;258;190;34;31.008608140983537;270.2743452524949;4.182777777777346;64.82712843080948;7.588235294117647;812.7937228848245;1800
OutputStation1;35.50;9.50;236;173;34;28.657548808051327;481.25311839606815;4.131572875253596;83.76823954192037;6.9411764705882355;898.2849205944275;1800
OutputStation2;0.50;6.50;250;179;31;32.606458128021885;419.2900097863525;4.04444444444448;83.69481241717415;8.064516129032258;840.6589320464249;1800
