Ident;X;Y;Transfers;InjectedTransfers;PodsHandled;PodHandlingTimeAvg;PodHandlingTimeVar;PodHandlingTimeMin;PodHandlingTimeMax;PileOn;IdleTime;UpTime
InputStation0;0.50;12.50;0;0;0;0;0;0;0;0;1800;1800
OutputStation0;35.50;3.50;212;146;36;23.83383738195839;497.9310812626129;4.095555555554938;75.81055555555554;5.888888888888889;988.7390620858638;1800
OutputStation1;35.50;9.50;265;200;33;32.384831213896916;506.9399316277283;4.04444444444448;75.30852091615904;8.030303030303031;787.3586869202097;1800
OutputStation2;0.50;6.50;254;196;30;33.89215103476465;421.27179842533155;4.1727777777780375;75.64722222222326;8.466666666666667;826.3079365889153;1800
