Ident;X;Y;Transfers;InjectedTransfers;PodsHandled;PodHandlingTimeAvg;PodHandlingTimeVar;PodHandlingTimeMin;PodHandlingTimeMax;PileOn;IdleTime;UpTime
InputStation0;0.50;12.50;0;0;0;0;0;0;0;0;1800;1800
OutputStation0;35.50;3.50;232;172;33;29.017783244138375;275.9356145976231;4.407222222222117;72.61370130606315;7.03030303030303;912.8520346393718;1800
OutputStation1;35.50;9.50;236;176;34;28.2707730678851;463.1881935959789;4.04444444444448;79.5221284308094;6.9411764705882355;896.8096970469809;1800
OutputStation2;0.50;6.50;239;167;34;28.88423987874358;303.0087667995043;4.082222222222072;70.10435065303182;7.029411764705882;884.8303535868966;1800
