Ident;X;Y;Transfers;InjectedTransfers;PodsHandled;PodHandlingTimeAvg;PodHandlingTimeVar;PodHandlingTimeMin;PodHandlingTimeMax;PileOn;IdleTime;UpTime
InputStation0;0.50;12.50;0;0;0;0;0;0;0;0;1800;1800
OutputStation0;35.50;3.50;242;180;35;28.278132754660632;365.9628191381438;4.04444444444448;71.1576839863651;6.914285714285715;874.7669192691994;1800
OutputStation1;35.50;9.50;254;184;35;29.745151307431062;248.0155921353475;4.195555555555643;66.82176045807978;7.257142857142857;829.5906130989433;1800
OutputStation2;0.50;6.50;237;183;34;28.87100797786661;424.9680649954895;4.066111111111013;85.36407647171609;6.970588235294118;891.8561545520272;1800
