Ident;X;Y;Transfers;InjectedTransfers;PodsHandled;PodHandlingTimeAvg;PodHandlingTimeVar;PodHandlingTimeMin;PodHandlingTimeMax;PileOn;IdleTime;UpTime
InputStation0;0.50;12.50;0;0;0;0;0;0;0;0;1800;1800
OutputStation0;35.50;3.50;274;199;31;36.38743448248612;375.4580910437041;4.297222222222217;83.14064934696876;8.838709677419354;748.5810242292273;1800
OutputStation1;35.50;9.50;265;198;32;33.87569985684981;338.09339193809166;8.28342712474614;75.63666666666677;8.28125;787.9531601363461;1800
OutputStation2;0.50;6.50;236;177;33;29.140056407345977;509.65588593802624;4.04444444444448;81.28120490252401;7.151515151515151;895.7822653797534;1800
