Ident;X;Y;Transfers;InjectedTransfers;PodsHandled;PodHandlingTimeAvg;PodHandlingTimeVar;PodHandlingTimeMin;PodHandlingTimeMax;PileOn;IdleTime;UpTime
InputStation0;0.50;12.50;0;0;0;0;0;0;0;0;1800;1800
OutputStation0;35.50;3.50;238;160;32;30.35061981237337;359.8389159408841;4.04444444444448;82.6365728752537;7.4375;892.1594297751963;1800
OutputStation1;35.50;9.50;274;210;31;36.46263138307285;478.2590796867349;4.091666666666697;85.54120490252376;8.838709677419354;747.2197402045159;1800
OutputStation2;0.50;6.50;260;188;32;33.201597896558866;297.39849810314007;4.16944444444448;69.20379509747653;8.125;805.401630702057;1800
