Ident;X;Y;Transfers;InjectedTransfers;PodsHandled;PodHandlingTimeAvg;PodHandlingTimeVar;PodHandlingTimeMin;PodHandlingTimeMax;PileOn;IdleTime;UpTime
InputStation0;0.50;12.50;0;0;0;0;0;0;0;0;1800;1800
OutputStation0;35.50;3.50;265;191;31;34.67478192070731;462.9411439237419;4.2433333333332826;80.66999999999973;8.548387096774194;784.9295813933958;1800
OutputStation1;35.50;9.50;284;200;31;37.28420634659454;301.02487436795997;12.13333333333344;73.06620490252465;9.161290322580646;710.4048771534899;1800
OutputStation2;0.50;6.50;263;196;33;32.41401044804062;429.3340476726482;4.04444444444448;74.56898268030227;7.96969696969697;794.9768257611862;1800
