Ident;X;Y;Transfers;InjectedTransfers;PodsHandled;PodHandlingTimeAvg;PodHandlingTimeVar;PodHandlingTimeMin;PodHandlingTimeMax;PileOn;IdleTime;UpTime
InputStation0;0.50;12.50;0;0;0;0;0;0;0;0;1800;1800
OutputStation0;35.50;3.50;253;189;32;32.45291351090631;471.0265204499893;4.07722222222219;81.93111111111125;7.90625;830.0437087823909;1800
OutputStation1;35.50;9.50;235;166;34;27.91500615181176;361.88503061594787;4.04444444444448;73.90852091615966;6.911764705882353;902.3202091615813;1800
OutputStation2;0.50;6.50;301;228;29;41.50342265040073;367.4873009639886;16.29277777777793;81.71435065303189;10.379310344827585;648.5805552721372;1800
