Ident;X;Y;Transfers;InjectedTransfers;PodsHandled;PodHandlingTimeAvg;PodHandlingTimeVar;PodHandlingTimeMin;PodHandlingTimeMax;PileOn;IdleTime;UpTime
InputStation0;0.50;12.50;0;0;0;0;0;0;0;0;1800;1800
OutputStation0;35.50;3.50;247;186;31;32.41885002106568;455.110298051486;4.096666666666806;79.88009379141454;7.967741935483871;857.5879581676993;1800
OutputStation1;35.50;9.50;247;185;33;30.505923519696882;280.30758132418396;4.2422222222221535;64.65499999999997;7.484848484848484;849.0384415106166;1800
OutputStation2;0.50;6.50;248;187;34;30.06869175267451;265.2069755639398;4.195923528284993;63.16748201768996;7.294117647058823;851.264300019137;1800
