Ident;X;Y;Transfers;InjectedTransfers;PodsHandled;PodHandlingTimeAvg;PodHandlingTimeVar;PodHandlingTimeMin;PodHandlingTimeMax;PileOn;IdleTime;UpTime
InputStation0;0.50;12.50;0;0;0;0;0;0;0;0;1800;1800
OutputStation0;35.50;3.50;217;150;34;25.79803688022844;372.0611060873172;4.04444444444448;79.85009379141292;6.382352941176471;966.2562264812888;1800
OutputStation1;35.50;9.50;280;220;32;35.61581326601935;484.7129880278889;4.045281374238812;77.64777777777817;8.75;730.9590764717033;1800
OutputStation2;0.50;6.50;277;214;30;37.22960822449473;410.145916094651;4.191111111110899;77.48555555555595;9.233333333333333;738.6029509747486;1800
