Ident;X;Y;Transfers;InjectedTransfers;PodsHandled;PodHandlingTimeAvg;PodHandlingTimeVar;PodHandlingTimeMin;PodHandlingTimeMax;PileOn;IdleTime;UpTime
InputStation0;0.50;12.50;0;0;0;0;0;0;0;0;1800;1800
OutputStation0;35.50;3.50;209;147;36;23.17709616011505;275.2334431999968;4.04444444444448;74.94740980504832;5.805555555555555;998.48033891762;1800
OutputStation1;35.50;9.50;272;209;31;34.10087278123105;318.1193193858302;4.308239541920557;74.03231601363564;8.774193548387096;757.6845954958089;1800
OutputStation2;0.50;6.50;220;161;36;24.828098247517733;246.32950736506953;4.205555555555577;67.14120490252367;6.111111111111111;956.3027199509709;1800
