Ident;X;Y;Transfers;InjectedTransfers;PodsHandled;PodHandlingTimeAvg;PodHandlingTimeVar;PodHandlingTimeMin;PodHandlingTimeMax;PileOn;IdleTime;UpTime
InputStation0;0.50;12.50;0;0;0;0;0;0;0;0;1800;1800
OutputStation0;35.50;3.50;248;184;33;31.16155515977915;357.27106661228754;4.163888888889005;66.22074313838138;7.515151515151516;853.2184127389052;1800
OutputStation1;35.50;9.50;246;188;34;29.915484467380015;349.4943845937613;4.044444444444423;75.60999999999945;7.235294117647059;858.1326333524835;1800
OutputStation2;0.50;6.50;239;177;34;28.89618177617372;294.1965373107174;4.04444444444448;67.10453823585794;7.029411764705882;885.3595742004807;1800
