Ident;X;Y;Transfers;InjectedTransfers;PodsHandled;PodHandlingTimeAvg;PodHandlingTimeVar;PodHandlingTimeMin;PodHandlingTimeMax;PileOn;IdleTime;UpTime
InputStation0;0.50;12.50;0;0;0;0;0;0;0;0;1800;1800
OutputStation0;35.50;3.50;239;168;33;29.02778083790936;508.4222461355001;4.0680663449438725;77.33323954192055;7.242424242424242;887.2510895323494;1800
OutputStation1;35.50;9.50;234;171;35;27.420021438037242;264.93862875848737;4.04444444444448;75.26852091615893;6.685714285714286;904.8471068520261;1800
OutputStation2;0.50;6.50;272;212;32;34.644519750852325;507.17933114601703;4.2972222222224445;82.92147908384135;8.5;757.8909738787559;1800
