Ident;X;Y;Transfers;InjectedTransfers;PodsHandled;PodHandlingTimeAvg;PodHandlingTimeVar;PodHandlingTimeMin;PodHandlingTimeMax;PileOn;IdleTime;UpTime
InputStation0;0.50;12.50;0;0;0;0;0;0;0;0;1800;1800
OutputStation0;35.50;3.50;201;134;34;24.273289830867625;347.4629510033215;4.191385292428322;76.24777777777769;5.911764705882353;1028.5386075146557;1800
OutputStation1;35.50;9.50;278;205;30;37.973487254714044;478.4731598540844;4.097777777777765;84.42555555555509;9.266666666666667;731.4789901566273;1800
OutputStation2;0.50;6.50;276;203;29;39.10532915271649;647.5413465125494;4.04444444444448;81.96555555555642;9.517241379310345;746.0644012869068;1800
