Ident;X;Y;Transfers;InjectedTransfers;PodsHandled;PodHandlingTimeAvg;PodHandlingTimeVar;PodHandlingTimeMin;PodHandlingTimeMax;PileOn;IdleTime;UpTime
InputStation0;0.50;12.50;0;0;0;0;0;0;0;0;1800;1800
OutputStation0;35.50;3.50;275;220;30;37.797989901566275;368.9338515870452;4.116111111110968;68.8793506530316;9.166666666666666;744.632409805039;1800
OutputStation1;35.50;9.50;240;177;34;29.072165138458132;431.75020744080985;4.114999999999782;83.9277777777786;7.0588235294117645;879.8971572025015;1800
OutputStation2;0.50;6.50;212;153;34;25.86970694847125;385.41688615513425;4.04444444444448;75.58323954192048;6.235294117647059;988.2400863150868;1800
