Ident;X;Y;Transfers;InjectedTransfers;PodsHandled;PodHandlingTimeAvg;PodHandlingTimeVar;PodHandlingTimeMin;PodHandlingTimeMax;PileOn;IdleTime;UpTime
InputStation0;0.50;12.50;0;0;0;0;0;0;0;0;1800;1800
OutputStation0;35.50;3.50;231;172;33;28.57665879407669;467.43728207960083;4.04444444444448;74.46333333333337;7;913.3955915201793;1800
OutputStation1;35.50;9.50;244;187;32;31.185072835983924;315.8920951120469;4.0900000000001455;76.9866666666685;7.625;863.0781990321697;1800
OutputStation2;0.50;6.50;243;170;33;30.39997551036079;210.00103748034624;8.195555555555302;56.93777777777791;7.363636363636363;870.9110098433947;1800
