Ident;X;Y;Transfers;InjectedTransfers;PodsHandled;PodHandlingTimeAvg;PodHandlingTimeVar;PodHandlingTimeMin;PodHandlingTimeMax;PileOn;IdleTime;UpTime
InputStation0;0.50;12.50;0;0;0;0;0;0;0;0;1800;1800
OutputStation0;35.50;3.50;275;215;30;37.355342712474744;462.78423761461744;4.1927777777775646;84.57435065303162;9.166666666666666;747.2941199126685;1800
OutputStation1;35.50;9.50;297;226;29;41.6713444783872;414.2109172864097;12.28611111111104;81.13333333333355;10.241379310344827;659.78564934697;1800
OutputStation2;0.50;6.50;241;172;32;30.767945976483226;451.8700721799935;4.277777777777601;76.0484271247467;7.53125;875.9784558964225;1800
