Ident;X;Y;Transfers;InjectedTransfers;PodsHandled;PodHandlingTimeAvg;PodHandlingTimeVar;PodHandlingTimeMin;PodHandlingTimeMax;PileOn;IdleTime;UpTime
InputStation0;0.50;12.50;0;0;0;0;0;0;0;0;1800;1800
OutputStation0;35.50;3.50;250;172;35;29.238914247850914;186.67153973338696;8.27555555555523;57.478888888888775;7.142857142857143;841.4416235091178;1800
OutputStation1;35.50;9.50;243;188;32;31.162561101057236;321.44438135827545;4.261111111110495;84.16768398636509;7.59375;870.0159594928946;1800
OutputStation2;0.50;6.50;258;188;32;33.13119272903996;247.33733262658777;4.089444444444553;78.77120490252446;8.0625;816.6934699988531;1800
