Ident;X;Y;Transfers;InjectedTransfers;PodsHandled;PodHandlingTimeAvg;PodHandlingTimeVar;PodHandlingTimeMin;PodHandlingTimeMax;PileOn;IdleTime;UpTime
InputStation0;0.50;12.50;0;0;0;0;0;0;0;0;1800;1800
OutputStation0;35.50;3.50;255;192;33;30.96060103018017;462.18742685996955;4.04444444444448;75.93620490252431;7.7272727272727275;828.1120490252354;1800
OutputStation1;35.50;9.50;239;173;34;28.985269502064856;398.0534737368447;4.1866666666662695;84.38231601363543;7.029411764705882;882.4425107893754;1800
OutputStation2;0.50;6.50;236;170;33;29.042510823737768;322.3560206548892;8.07722222222219;79.61000000000104;7.151515151515151;894.2842496686936;1800
