Ident;X;Y;Transfers;InjectedTransfers;PodsHandled;PodHandlingTimeAvg;PodHandlingTimeVar;PodHandlingTimeMin;PodHandlingTimeMax;PileOn;IdleTime;UpTime
InputStation0;0.50;12.50;0;0;0;0;0;0;0;0;1800;1800
OutputStation0;35.50;3.50;234;176;32;29.08051474659103;328.5748701072333;4.04444444444448;80.5416666666622;7.3125;903.2081385575752;1800
OutputStation1;35.50;9.50;218;148;36;24.898670034385944;244.31943239274935;4.04444444444448;59.04768398636452;6.055555555555555;966.238008801558;1800
OutputStation2;0.50;6.50;269;209;31;35.47190848613555;374.47263945456604;12.345555555554938;79.24888888888893;8.67741935483871;771.6693650388709;1800
