Ident;X;Y;Transfers;InjectedTransfers;PodsHandled;PodHandlingTimeAvg;PodHandlingTimeVar;PodHandlingTimeMin;PodHandlingTimeMax;PileOn;IdleTime;UpTime
InputStation0;0.50;12.50;0;0;0;0;0;0;0;0;1800;1800
OutputStation0;35.50;3.50;231;165;32;29.026944444444478;411.0426929625787;4.04444444444448;73.35666666666657;7.21875;909.0511111111022;1800
OutputStation1;35.50;9.50;246;173;34;29.503303623722346;270.40523616069464;8.319999999999709;84.04277777777793;7.235294117647059;858.0690836646394;1800
OutputStation2;0.50;6.50;225;160;35;26.301069057084845;288.21576321813257;4.336666666666815;67.69833333333321;6.428571428571429;935.9904980121689;1800
