Ident;X;Y;Transfers;InjectedTransfers;PodsHandled;PodHandlingTimeAvg;PodHandlingTimeVar;PodHandlingTimeMin;PodHandlingTimeMax;PileOn;IdleTime;UpTime
InputStation0;0.50;12.50;0;0;0;0;0;0;0;0;1800;1800
OutputStation0;35.50;3.50;240;179;32;31.162757710464;509.4351558519951;4.04444444444448;74.93388888888899;7.5;877.1315078555175;1800
OutputStation1;35.50;9.50;254;190;34;30.77093073787937;361.07483831027196;4.04444444444448;68.14240261212467;7.470588235294118;832.8492787237969;1800
OutputStation2;0.50;6.50;196;137;38;20.446062504359322;211.5304499244255;4.044444444444423;65.98453823585794;5.157894736842105;1048.7105411697098;1800
