Ident;X;Y;Transfers;InjectedTransfers;PodsHandled;PodHandlingTimeAvg;PodHandlingTimeVar;PodHandlingTimeMin;PodHandlingTimeMax;PileOn;IdleTime;UpTime
InputStation0;0.50;12.50;0;0;0;0;0;0;0;0;1800;1800
OutputStation0;35.50;3.50;227;161;34;27.564096424717153;420.5779699848855;4.1323160136355455;83.77370130606118;6.676470588235294;930.4991702631314;1800
OutputStation1;35.50;9.50;241;179;32;30.44536818865158;496.6513576169845;4.04444444444448;84.77139967827236;7.53125;878.8186869202143;1800
OutputStation2;0.50;6.50;274;203;32;33.08929969359229;446.53996285450785;4.04444444444448;73.45444444444479;8.5625;748.6944806924662;1800
