Ident;X;Y;Transfers;InjectedTransfers;PodsHandled;PodHandlingTimeAvg;PodHandlingTimeVar;PodHandlingTimeMin;PodHandlingTimeMax;PileOn;IdleTime;UpTime
InputStation0;0.50;12.50;0;0;0;0;0;0;0;0;1800;1800
OutputStation0;35.50;3.50;212;148;37;23.104010571895515;228.9649282694199;4.04444444444448;60.4444444444448;5.72972972972973;988.9177343368208;1800
OutputStation1;35.50;9.50;218;159;37;24.210996838410257;276.0596575829948;4.04444444444448;77.38222222222248;5.891891891891892;965.8080159944805;1800
OutputStation2;0.50;6.50;211;155;33;26.240462853979356;394.7265350775681;4.04444444444448;67.42666666666764;6.393939393939394;994.2345672909669;1800
