Ident;X;Y;Transfers;InjectedTransfers;PodsHandled;PodHandlingTimeAvg;PodHandlingTimeVar;PodHandlingTimeMin;PodHandlingTimeMax;PileOn;IdleTime;UpTime
InputStation0;0.50;12.50;0;0;0;0;0;0;0;0;1800;1800
OutputStation0;31.50;3.50;171;150;11;146.28324281143065;3563.0994440589184;21.994538235856908;204.99009379141245;15.545454545454545;121.70433626718201;1800
OutputStation1;31.50;9.50;173;143;12;144.86625841536156;2353.523654710517;42.3667604580794;195.22935065303204;14.416666666666666;102.81576500055164;1800
OutputStation2;0.50;6.50;174;141;15;118.23781625339957;4268.402128948185;11.762777777777046;206.27722941514503;11.6;105.18331147112357;1800
