Ident;X;Y;Transfers;InjectedTransfers;PodsHandled;PodHandlingTimeAvg;PodHandlingTimeVar;PodHandlingTimeMin;PodHandlingTimeMax;PileOn;IdleTime;UpTime
InputStation0;0.50;12.50;0;0;0;0;0;0;0;0;1800;1800
OutputStation0;35.50;3.50;205;146;37;22.839802269901835;200.38588308235876;4.04444444444448;61.30787156919041;5.54054054054054;1017.0564934696848;1800
OutputStation1;35.50;9.50;230;172;34;27.950220482457123;337.1357644914594;4.065555555555591;76.584812417173;6.764705882352941;918.128189191464;1800
OutputStation2;0.50;6.50;256;192;31;33.94211166981103;408.32743712809923;4.0716666666666015;72.24018758282614;8.258064516129032;821.7852498440511;1800
