Ident;X;Y;Transfers;InjectedTransfers;PodsHandled;PodHandlingTimeAvg;PodHandlingTimeVar;PodHandlingTimeMin;PodHandlingTimeMax;PileOn;IdleTime;UpTime
InputStation0;0.50;12.50;0;0;0;0;0;0;0;0;1800;1800
OutputStation0;35.50;3.50;238;171;32;30.550506627982543;491.75653968917067;4.167222222222108;79.43898268030239;7.4375;886.8334487035254;1800
OutputStation1;35.50;9.50;229;168;36;25.87026033977252;339.4546138038923;4.04444444444448;79.07176045807955;6.361111111111111;922.7147258186981;1800
OutputStation2;0.50;6.50;277;210;32;35.61029175834945;493.09061095527153;4.04444444444448;74.78666666666726;8.65625;737.0459957408995;1800
