Ident;X;Y;Transfers;InjectedTransfers;PodsHandled;PodHandlingTimeAvg;PodHandlingTimeVar;PodHandlingTimeMin;PodHandlingTimeMax;PileOn;IdleTime;UpTime
InputStation0;0.50;12.50;0;0;0;0;0;0;0;0;1800;1800
OutputStation0;35.50;3.50;234;163;33;29.057875945714827;451.70401450524497;4.04444444444448;81.5311111111107;7.090909090909091;905.1631748056037;1800
OutputStation1;35.50;9.50;285;218;32;36.50887716496229;310.8367408907056;8.789999999999992;71.53629150101483;8.90625;707.2824751081641;1800
OutputStation2;0.50;6.50;233;162;33;28.93230093094585;471.7865922251249;4.044444444444423;82.00666666666652;7.0606060606060606;912.3011470757355;1800
