Ident;X;Y;Transfers;InjectedTransfers;PodsHandled;PodHandlingTimeAvg;PodHandlingTimeVar;PodHandlingTimeMin;PodHandlingTimeMax;PileOn;IdleTime;UpTime
InputStation0;0.50;12.50;0;0;0;0;0;0;0;0;1800;1800
OutputStation0;35.50;3.50;234;167;36;26.56275974036198;324.5130869001456;4.04444444444448;76.8543650388815;6.5;907.973160419751;1800
OutputStation1;35.50;9.50;254;189;33;31.079891117309067;367.0957039379605;4.04444444444448;84.44137809950007;7.696969696969697;825.6505336933833;1800
OutputStation2;0.50;6.50;229;170;35;26.45968151212175;406.5363358350698;4.04444444444448;80.88722222222214;6.542857142857143;919.9672731394724;1800
