Ident;X;Y;Transfers;InjectedTransfers;PodsHandled;PodHandlingTimeAvg;PodHandlingTimeVar;PodHandlingTimeMin;PodHandlingTimeMax;PileOn;IdleTime;UpTime
InputStation0;0.50;12.50;0;0;0;0;0;0;0;0;1800;1800
OutputStation0;35.50;3.50;257;195;32;33.22024502147905;479.7780774152976;4.044444444444423;83.32388888888897;8.03125;817.8050647362958;1800
OutputStation1;35.50;9.50;229;172;33;28.412746296006176;381.160589445112;4.044444444444451;72.64564934696887;6.9393939393939394;920.31255394691;1800
OutputStation2;0.50;6.50;238;176;34;28.555634496331137;373.3216902241498;4.07722222222219;70.81166666666684;7;891.5428694590131;1800
