Ident;X;Y;Transfers;InjectedTransfers;PodsHandled;PodHandlingTimeAvg;PodHandlingTimeVar;PodHandlingTimeMin;PodHandlingTimeMax;PileOn;IdleTime;UpTime
InputStation0;0.50;12.50;0;0;0;0;0;0;0;0;1800;1800
OutputStation0;35.50;3.50;243;173;36;27.839650272362434;346.48280368809037;4.04444444444448;67.73898268030177;6.75;869.8607937722585;1800
OutputStation1;35.50;9.50;233;176;34;28.088739071494267;410.35917295713546;4.04444444444448;79.23582973686871;6.852941176470588;907.827806549448;1800
OutputStation2;0.50;6.50;230;171;35;26.742246134502032;272.1974499190844;4.04444444444448;69.2455555555556;6.571428571428571;919.905028771686;1800
