Ident;X;Y;Transfers;InjectedTransfers;PodsHandled;PodHandlingTimeAvg;PodHandlingTimeVar;PodHandlingTimeMin;PodHandlingTimeMax;PileOn;IdleTime;UpTime
InputStation0;0.50;12.50;0;0;0;0;0;0;0;0;1800;1800
OutputStation0;35.50;3.50;240;174;35;27.84753225981213;322.6541207531498;4.145555555555347;80.233982680302;6.857142857142857;881.2985496878684;1800
OutputStation1;35.50;9.50;244;179;34;28.883755411363772;302.05162544085783;4.04444444444448;71.65555555555568;7.176470588235294;866.1146248343557;1800
OutputStation2;0.50;6.50;208;145;36;23.829611991820855;213.21819921865975;4.04444444444448;62.197222222222194;5.777777777777778;1001.8713924853487;1800
