Ident;X;Y;Transfers;InjectedTransfers;PodsHandled;PodHandlingTimeAvg;PodHandlingTimeVar;PodHandlingTimeMin;PodHandlingTimeMax;PileOn;IdleTime;UpTime
InputStation0;0.50;12.50;0;0;0;0;0;0;0;0;1800;1800
OutputStation0;35.50;3.50;244;175;36;27.46147205923067;458.4697804538361;4.14555555555512;80.60787156919082;6.777777777777778;864.51442258224;1800
OutputStation1;35.50;9.50;267;194;30;36.15415247334941;501.2028019849601;4.106666666666342;73.03388888888935;8.9;780.7219408479996;1800
OutputStation2;0.50;6.50;247;181;32;30.619448732955828;325.6752398011813;4.083333333331893;70.25944444444434;7.71875;857.3567604580811;1800
