Ident;X;Y;Transfers;InjectedTransfers;PodsHandled;PodHandlingTimeAvg;PodHandlingTimeVar;PodHandlingTimeMin;PodHandlingTimeMax;PileOn;IdleTime;UpTime
InputStation0;0.50;12.50;0;0;0;0;0;0;0;0;1800;1800
OutputStation0;31.50;3.50;172;145;19;89.55538049553348;2728.064146887457;22.765367972729564;208.20249640353836;9.052631578947368;120.5433045616255;1800
OutputStation1;31.50;9.50;172;139;24;74.51534752192715;2067.0322336900426;10.3354617641427;207.82833333333315;7.166666666666667;117.26670263127701;1800
OutputStation2;0.50;6.50;174;132;27;65.22619341563774;1303.1907743590102;10.161111111111115;143.99555555555685;6.444444444444445;98.6221931671065;1800
