Ident;X;Y;Transfers;InjectedTransfers;PodsHandled;PodHandlingTimeAvg;PodHandlingTimeVar;PodHandlingTimeMin;PodHandlingTimeMax;PileOn;IdleTime;UpTime
InputStation0;0.50;12.50;0;0;0;0;0;0;0;0;1800;1800
OutputStation0;35.50;3.50;282;217;29;40.05867467870117;488.78421758260487;4.204999999999991;81.27491340150914;9.724137931034482;719.261933938462;1800
OutputStation1;35.50;9.50;250;185;34;29.448889523558545;497.02076527151337;4.04444444444448;77.20555555555586;7.352941176470588;838.289018644914;1800
OutputStation2;0.50;6.50;235;181;31;29.937536190338648;436.1490333318871;4.04444444444448;67.32028137423879;7.580645161290323;900.2058803707416;1800
