Ident;X;Y;Transfers;InjectedTransfers;PodsHandled;PodHandlingTimeAvg;PodHandlingTimeVar;PodHandlingTimeMin;PodHandlingTimeMax;PileOn;IdleTime;UpTime
InputStation0;0.50;12.50;0;0;0;0;0;0;0;0;1800;1800
OutputStation0;35.50;3.50;263;198;31;35.071532374079595;580.4725492961786;4.106666666666683;85.23509379141296;8.483870967741936;789.3563421348885;1800
OutputStation1;35.50;9.50;249;175;35;29.395052773044856;385.9620749659219;4.116111111110968;84.9828715691907;7.114285714285714;847.7880519590965;1800
OutputStation2;0.50;6.50;259;192;31;33.94100940325849;716.618508990265;4.04444444444448;82.77657287525363;8.35483870967742;804.32850676724;1800
