Ident;X;Y;Transfers;InjectedTransfers;PodsHandled;PodHandlingTimeAvg;PodHandlingTimeVar;PodHandlingTimeMin;PodHandlingTimeMax;PileOn;IdleTime;UpTime
InputStation0;0.50;12.50;0;0;0;0;0;0;0;0;1800;1800
OutputStation0;35.50;3.50;264;195;30;35.71207431383804;277.7927398683016;4.0799999999997;75.43454542877885;8.8;788.0604039373477;1800
OutputStation1;35.50;9.50;267;199;34;32.308052373871725;304.50843138169023;4.265555555555238;82.99184705657069;7.852941176470588;780.583333333358;1800
OutputStation2;0.50;6.50;234;169;35;26.582990103029427;414.7804935605502;4.04444444444448;72.36666666666662;6.685714285714286;897.8430088015358;1800
