Ident;X;Y;Transfers;InjectedTransfers;PodsHandled;PodHandlingTimeAvg;PodHandlingTimeVar;PodHandlingTimeMin;PodHandlingTimeMax;PileOn;IdleTime;UpTime
InputStation0;0.50;12.50;0;0;0;0;0;0;0;0;1800;1800
OutputStation0;35.50;3.50;230;161;37;25.77670507135877;317.85979027944643;4.132316013635318;63.19268398636484;6.216216216216216;919.0146176414239;1800
OutputStation1;35.50;9.50;266;195;32;34.11344809117544;486.4965327316285;8.331111111111113;75.30944444444458;8.3125;778.7392847830309;1800
OutputStation2;0.50;6.50;233;170;29;33.25809025372427;374.39226942183996;4.285555555555561;76.76492059443018;8.03448275862069;905.6834697154295;1800
