Ident;X;Y;Transfers;InjectedTransfers;PodsHandled;PodHandlingTimeAvg;PodHandlingTimeVar;PodHandlingTimeMin;PodHandlingTimeMax;PileOn;IdleTime;UpTime
InputStation0;0.50;12.50;0;0;0;0;0;0;0;0;1800;1800
OutputStation0;35.50;3.50;220;158;35;25.926624612640335;294.5986594560424;4.16944444444448;71.18944444444458;6.285714285714286;960.0943797081229;1800
OutputStation1;35.50;9.50;248;189;34;29.513878066161798;440.3248446542814;4.095093791412637;80.0140764717147;7.294117647058823;848.3001228465258;1800
OutputStation2;0.50;6.50;269;198;32;33.81081394035623;384.99242572229696;4.282222222222231;81.67037516565142;8.40625;769.7735206327172;1800
