Ident;X;Y;Transfers;InjectedTransfers;PodsHandled;PodHandlingTimeAvg;PodHandlingTimeVar;PodHandlingTimeMin;PodHandlingTimeMax;PileOn;IdleTime;UpTime
InputStation0;0.50;12.50;0;0;0;0;0;0;0;0;1800;1800
OutputStation0;35.50;3.50;233;179;36;26.838150353858296;419.8174921743162;4.04444444444448;77.6244444444443;6.472222222222222;908.3835787429539;1800
OutputStation1;35.50;9.50;199;137;38;21.69365743895538;292.35963155441266;4.04444444444448;71.29934346010941;5.2368421052631575;1034.9623160136387;1800
OutputStation2;0.50;6.50;262;202;34;31.46855636280483;302.63644531841646;4.07722222222219;66.93907647171477;7.705882352941177;800.2955771343234;1800
