Ident;X;Y;Transfers;InjectedTransfers;PodsHandled;PodHandlingTimeAvg;PodHandlingTimeVar;PodHandlingTimeMin;PodHandlingTimeMax;PileOn;IdleTime;UpTime
InputStation0;0.50;12.50;0;0;0;0;0;0;0;0;1800;1800
OutputStation0;35.50;3.50;271;200;30;37.26220057732352;531.2235130689548;4.242590194951845;83.88120490252388;9.033333333333333;759.5506493468979;1800
OutputStation1;35.50;9.50;294;214;32;37.72514993847914;454.1439414867843;4.04444444444448;79.24490620858717;9.1875;672.5276336358918;1800
OutputStation2;0.50;6.50;258;181;33;31.94216013054854;394.62220616859975;4.231666666666342;85.37620490252391;7.818181818181818;810.3883621049902;1800
