Ident;X;Y;Transfers;InjectedTransfers;PodsHandled;PodHandlingTimeAvg;PodHandlingTimeVar;PodHandlingTimeMin;PodHandlingTimeMax;PileOn;IdleTime;UpTime
InputStation0;0.50;12.50;0;0;0;0;0;0;0;0;1800;1800
OutputStation0;35.50;3.50;250;183;34;30.1091479913396;265.97719987868;8.120461764142192;79.22953823585772;7.352941176470588;843.0783456588711;1800
OutputStation1;35.50;9.50;204;147;35;23.938457637705945;246.6976560141371;4.1994444444444525;68.08564934697165;5.828571428571428;1017.5554617641188;1800
OutputStation2;0.50;6.50;223;164;34;27.09295751634014;361.28832602366566;4.04444444444448;79.99463202727452;6.5588235294117645;943.4658731778337;1800
