Ident;X;Y;Transfers;InjectedTransfers;PodsHandled;PodHandlingTimeAvg;PodHandlingTimeVar;PodHandlingTimeMin;PodHandlingTimeMax;PileOn;IdleTime;UpTime
InputStation0;0.50;12.50;0;0;0;0;0;0;0;0;1800;1800
OutputStation0;35.50;3.50;244;183;32;31.470628380539612;434.89172661027834;4.073903274737177;71.94231601363572;7.625;865.7316810524932;1800
OutputStation1;35.50;9.50;278;221;32;35.62730361537206;242.20040913462825;4.160555555555447;80.24222222222261;8.6875;731.3299709448497;1800
OutputStation2;0.50;6.50;250;183;33;30.94261839003627;293.0457122372053;4.24666666666667;79.45453823585729;7.575757575757576;845.6568686353592;1800
