Ident;X;Y;Transfers;InjectedTransfers;PodsHandled;PodHandlingTimeAvg;PodHandlingTimeVar;PodHandlingTimeMin;PodHandlingTimeMax;PileOn;IdleTime;UpTime
InputStation0;0.50;12.50;0;0;0;0;0;0;0;0;1800;1800
OutputStation0;35.50;3.50;235;159;34;28.500234275311758;313.4591191387685;4.338780711625532;72.47055555555562;6.911764705882353;898.8860679535651;1800
OutputStation1;35.50;9.50;278;205;30;37.471011786229326;552.6387997448637;4.243239541919138;79.08166666666654;9.266666666666667;737.7676045807772;1800
OutputStation2;0.50;6.50;256;193;32;32.91096387883482;518.9610832224195;4.103888888888832;84.04055555555487;8;818.3015800681729;1800
