Ident;X;Y;Transfers;InjectedTransfers;PodsHandled;PodHandlingTimeAvg;PodHandlingTimeVar;PodHandlingTimeMin;PodHandlingTimeMax;PileOn;IdleTime;UpTime
InputStation0;0.50;12.50;0;0;0;0;0;0;0;0;1800;1800
OutputStation0;35.50;3.50;257;186;30;35.27919408479823;468.60582057141966;4.08055555555552;80.06222222222232;8.566666666666666;814.4727777777962;1800
OutputStation1;35.50;9.50;274;202;33;34.00183545277007;459.3896314138398;4.1239826803011965;83.6949062085873;8.303030303030303;750.7283261404148;1800
OutputStation2;0.50;6.50;239;169;33;29.23162753027261;348.2573290272542;4.126572875253714;83.60453823585863;7.242424242424242;885.8395310429435;1800
