Ident;X;Y;Transfers;InjectedTransfers;PodsHandled;PodHandlingTimeAvg;PodHandlingTimeVar;PodHandlingTimeMin;PodHandlingTimeMax;PileOn;IdleTime;UpTime
InputStation0;0.50;12.50;0;0;0;0;0;0;0;0;1800;1800
OutputStation0;35.50;3.50;228;165;36;24.39261082981177;194.396769742383;4.04444444444448;68.93481961009593;6.333333333333333;924.0638816959699;1800
OutputStation1;35.50;9.50;241;170;35;27.9661746031745;256.6687278915628;4.04444444444448;75.99268398636445;6.885714285714286;877.1167889463195;1800
OutputStation2;0.50;6.50;219;158;34;26.201949961586397;362.12060274096245;4.0744444444444525;83.27166666666687;6.4411764705882355;958.3736581485372;1800
