Ident;X;Y;Transfers;InjectedTransfers;PodsHandled;PodHandlingTimeAvg;PodHandlingTimeVar;PodHandlingTimeMin;PodHandlingTimeMax;PileOn;IdleTime;UpTime
InputStation0;0.50;12.50;0;0;0;0;0;0;0;0;1800;1800
OutputStation0;35.50;3.50;246;193;32;31.326846139741097;440.2937783130837;4.2022222222219625;77.96999999999991;7.6875;853.4965153318741;1800
OutputStation1;35.50;9.50;260;197;34;31.042140311319258;367.613804277811;4.14222222222179;78.97583692979447;7.647058823529412;802.5416450878871;1800
OutputStation2;0.50;6.50;232;162;34;27.87911998251673;331.27613956281573;4.285555555555447;67.59463202727022;6.823529411764706;909.9031604197719;1800
