Ident;X;Y;Transfers;InjectedTransfers;PodsHandled;PodHandlingTimeAvg;PodHandlingTimeVar;PodHandlingTimeMin;PodHandlingTimeMax;PileOn;IdleTime;UpTime
InputStation0;0.50;12.50;0;0;0;0;0;0;0;0;1800;1800
OutputStation0;35.50;3.50;225;158;34;27.31563746645857;395.0320808628175;4.04444444444448;83.50314575050743;6.617647058823529;934.9908585085631;1800
OutputStation1;35.50;9.50;266;201;33;32.91854388002753;596.9160236859566;4.04444444444448;79.38000000000022;8.06060606060606;779.4441774560471;1800
OutputStation2;0.50;6.50;250;177;31;32.570343295291984;577.6782158344582;4.26101731969834;81.6216666666669;8.064516129032258;840.4279437818277;1800
