Ident;X;Y;Transfers;InjectedTransfers;PodsHandled;PodHandlingTimeAvg;PodHandlingTimeVar;PodHandlingTimeMin;PodHandlingTimeMax;PileOn;IdleTime;UpTime
InputStation0;0.50;12.50;0;0;0;0;0;0;0;0;1800;1800
OutputStation0;35.50;3.50;290;227;28;42.56084312552332;587.8093432189751;4.048333333333403;83.71444444444455;10.357142857142858;689.7879509747496;1800
OutputStation1;35.50;9.50;282;220;31;37.246854722694586;333.1052709264248;4.082777777774709;74.35055555555618;9.096774193548388;718.9452669883939;1800
OutputStation2;0.50;6.50;252;195;28;37.125098949459094;502.72626810161927;4.102222222221826;80.76759019494875;9;831.8305699413843;1800
