Ident;X;Y;Transfers;InjectedTransfers;PodsHandled;PodHandlingTimeAvg;PodHandlingTimeVar;PodHandlingTimeMin;PodHandlingTimeMax;PileOn;IdleTime;UpTime
InputStation0;0.50;12.50;0;0;0;0;0;0;0;0;1800;1800
OutputStation0;35.50;3.50;246;178;31;32.77351324089227;462.1035235992005;4.04444444444448;82.23713562373108;7.935483870967742;860.1679147267402;1800
OutputStation1;35.50;9.50;259;189;33;31.951498098530955;374.92777716671856;4.20157287525376;76.4249062085872;7.848484848484849;808.6172440844151;1800
OutputStation2;0.50;6.50;244;178;33;30.435491711554267;440.64194114711717;4.071298693936683;81.71611111111145;7.393939393939394;868.9026911792696;1800
