Ident;X;Y;Transfers;InjectedTransfers;PodsHandled;PodHandlingTimeAvg;PodHandlingTimeVar;PodHandlingTimeMin;PodHandlingTimeMax;PileOn;IdleTime;UpTime
InputStation0;0.50;12.50;0;0;0;0;0;0;0;0;1800;1800
OutputStation0;31.50;3.50;174;143;20;89.58839429775166;3655.4218069786757;12.08888888888896;207.63333333333344;8.7;104.74171701710348;1800
OutputStation1;31.50;9.50;173;142;15;110.67525252697045;1705.0698731805744;32.50953823585769;185.41953823585777;11.533333333333333;106.23664537133315;1800
OutputStation2;0.50;6.50;173;145;17;104.88155165291212;3791.247049006235;21.713333333333367;206.98722222222477;10.176470588235293;100.8502741813017;1800
