Ident;X;Y;Transfers;InjectedTransfers;PodsHandled;PodHandlingTimeAvg;PodHandlingTimeVar;PodHandlingTimeMin;PodHandlingTimeMax;PileOn;IdleTime;UpTime
InputStation0;0.50;12.50;0;0;0;0;0;0;0;0;1800;1800
OutputStation0;35.50;3.50;239;177;32;30.795127164962306;310.2214743696087;4.163888888888884;72.49555555555548;7.46875;886.3412552529812;1800
OutputStation1;35.50;9.50;237;176;35;28.04256874881686;332.0223524492496;4.151666666666642;66.11777777777786;6.771428571428571;890.2338673101254;1800
OutputStation2;0.50;6.50;276;224;30;37.29163299577426;366.45356175239755;4.196666666666488;76.32796536060363;9.2;742.5411761308344;1800
