Ident;X;Y;Transfers;InjectedTransfers;PodsHandled;PodHandlingTimeAvg;PodHandlingTimeVar;PodHandlingTimeMin;PodHandlingTimeMax;PileOn;IdleTime;UpTime
InputStation0;0.50;12.50;0;0;0;0;0;0;0;0;1800;1800
OutputStation0;35.50;3.50;276;199;32;35.25591405214642;398.43542124371277;4.070461764142465;71.20064934696393;8.625;748.2851444252885;1800
OutputStation1;35.50;9.50;251;176;34;30.480331679859106;483.58181063670094;4.25203463940511;83.96453823585713;7.382352941176471;838.360512398086;1800
OutputStation2;0.50;6.50;272;192;32;34.48646667672052;352.8126010981357;8.533520916149428;69.02555555555558;8.5;761.2216741430085;1800
