Ident;X;Y;Transfers;InjectedTransfers;PodsHandled;PodHandlingTimeAvg;PodHandlingTimeVar;PodHandlingTimeMin;PodHandlingTimeMax;PileOn;IdleTime;UpTime
InputStation0;0.50;12.50;0;0;0;0;0;0;0;0;1800;1800
OutputStation0;35.50;3.50;245;174;33;30.453952950857353;426.23788030747824;4.137683986364209;85.06462483434848;7.424242424242424;861.885122563116;1800
OutputStation1;35.50;9.50;252;185;33;31.187427302555523;533.536659298966;4.04444444444448;80.43702744646862;7.636363636363637;833.0987735186911;1800
OutputStation2;0.50;6.50;260;195;32;32.92554653783151;503.43424745419725;4.04444444444448;77.31064934696883;8.125;804.4298124171751;1800
