Ident;X;Y;Transfers;InjectedTransfers;PodsHandled;PodHandlingTimeAvg;PodHandlingTimeVar;PodHandlingTimeMin;PodHandlingTimeMax;PileOn;IdleTime;UpTime
InputStation0;0.50;12.50;0;0;0;0;0;0;0;0;1800;1800
OutputStation0;35.50;3.50;233;160;34;27.820751633987676;337.1276667801758;4.192777777777778;65.24222222222198;6.852941176470588;908.8158944731575;1800
OutputStation1;35.50;9.50;280;215;32;35.25836534935248;391.7302624992732;4.0894516373562055;81.17555555555532;8.75;730.4362699222711;1800
OutputStation2;0.50;6.50;244;179;35;27.60288641464539;433.1242281291629;4.0627777777781375;77.62907647171443;6.9714285714285715;866.7577993565544;1800
