Ident;X;Y;Transfers;InjectedTransfers;PodsHandled;PodHandlingTimeAvg;PodHandlingTimeVar;PodHandlingTimeMin;PodHandlingTimeMax;PileOn;IdleTime;UpTime
InputStation0;0.50;12.50;0;0;0;0;0;0;0;0;1800;1800
OutputStation0;35.50;3.50;230;165;32;29.505743147238835;495.1340061079944;4.113340526254888;84.22500000000005;7.1875;918.6892712474878;1800
OutputStation1;35.50;9.50;269;199;32;34.303654176720805;434.6145774279426;4.04444444444448;83.6936941131421;8.40625;777.1122440844156;1800
OutputStation2;0.50;6.50;270;201;32;34.6222199655771;487.9584941071201;4.34777777777731;83.86528137423886;8.4375;769.5039752039497;1800
