Ident;X;Y;Transfers;InjectedTransfers;PodsHandled;PodHandlingTimeAvg;PodHandlingTimeVar;PodHandlingTimeMin;PodHandlingTimeMax;PileOn;IdleTime;UpTime
InputStation0;0.50;12.50;0;0;0;0;0;0;0;0;1800;1800
OutputStation0;35.50;3.50;257;184;30;35.26513924853534;372.01109180665145;4.357222222222163;84.07157287525399;8.566666666666666;817.1806277681874;1800
OutputStation1;35.50;9.50;264;192;30;35.80814502176828;270.99132341947904;12.204999999999927;67.3900000000001;8.8;788.3701228465393;1800
OutputStation2;0.50;6.50;232;169;34;27.501509208228835;292.1062014218501;4.04444444444448;71.35888888888883;6.823529411764706;912.6108800872894;1800
