Ident;X;Y;Transfers;InjectedTransfers;PodsHandled;PodHandlingTimeAvg;PodHandlingTimeVar;PodHandlingTimeMin;PodHandlingTimeMax;PileOn;IdleTime;UpTime
InputStation0;0.50;12.50;0;0;0;0;0;0;0;0;1800;1800
OutputStation0;35.50;3.50;266;195;31;35.37926267150508;399.6830427280096;8.08888888888896;82.93166666666684;8.580645161290322;781.6844732161348;1800
OutputStation1;35.50;9.50;251;188;34;30.51826776229949;454.00609404833085;4.044444444444423;84.30657287525332;7.382352941176471;838.7328315577453;1800
OutputStation2;0.50;6.50;250;192;32;32.18705322271681;422.04356230234504;4.0637694718789135;83.17601731969832;7.8125;839.6372256517383;1800
