Ident;X;Y;Transfers;InjectedTransfers;PodsHandled;PodHandlingTimeAvg;PodHandlingTimeVar;PodHandlingTimeMin;PodHandlingTimeMax;PileOn;IdleTime;UpTime
InputStation0;0.50;12.50;0;0;0;0;0;0;0;0;1800;1800
OutputStation0;35.50;3.50;253;192;33;31.62514320662687;391.16061514268836;4.397777777777264;73.15518758282599;7.666666666666667;830.970865701494;1800
OutputStation1;35.50;9.50;211;158;35;24.63562131634954;440.7992512206933;4.044444444444444;75.7212986939378;6.0285714285714285;993.9443434601179;1800
OutputStation2;0.50;6.50;235;167;33;29.129405526017507;312.7409714968364;4.04444444444448;75.68092352828467;7.121212121212121;898.7075323681627;1800
