Ident;X;Y;Transfers;InjectedTransfers;PodsHandled;PodHandlingTimeAvg;PodHandlingTimeVar;PodHandlingTimeMin;PodHandlingTimeMax;PileOn;IdleTime;UpTime
InputStation0;0.50;12.50;0;0;0;0;0;0;0;0;1800;1800
OutputStation0;35.50;3.50;267;202;31;34.394570298310754;392.1135833016261;8.134444444444625;76.97907647171519;8.612903225806452;775.8618761116645;1800
OutputStation1;35.50;9.50;184;129;37;20.308297650287088;341.2011622709239;4.04444444444448;84.63444444444451;4.972972972972973;1094.507157202499;1800
OutputStation2;0.50;6.50;157;98;39;16.674793539510357;105.3128366186036;4.061666666666667;53.51777777777767;4.0256410256410255;1199.261074863091;1800
