Ident;X;Y;Transfers;InjectedTransfers;PodsHandled;PodHandlingTimeAvg;PodHandlingTimeVar;PodHandlingTimeMin;PodHandlingTimeMax;PileOn;IdleTime;UpTime
InputStation0;0.50;12.50;0;0;0;0;0;0;0;0;1800;1800
OutputStation0;35.50;3.50;248;187;33;30.58179085001468;439.48003270313524;4.04444444444448;74.80611111111125;7.515151515151516;850.0418110919463;1800
OutputStation1;35.50;9.50;280;215;31;36.82656239734423;483.7694888017705;4.04444444444448;79.32304476617321;9.03225806451613;721.8058009651954;1800
OutputStation2;0.50;6.50;250;178;34;29.96170974601967;382.6641281231173;4.04444444444448;82.73444444444499;7.352941176470588;843.1925614232698;1800
