Ident;X;Y;Transfers;InjectedTransfers;PodsHandled;PodHandlingTimeAvg;PodHandlingTimeVar;PodHandlingTimeMin;PodHandlingTimeMax;PileOn;IdleTime;UpTime
InputStation0;0.50;12.50;0;0;0;0;0;0;0;0;1800;1800
OutputStation0;35.50;3.50;241;179;31;32.14747683989832;372.17888209157917;4.085461764142565;75.80398268030194;7.774193548387097;876.3644516373718;1800
OutputStation1;35.50;9.50;213;151;36;23.973593273498782;305.69951973373236;4.04444444444448;83.49176045807974;5.916666666666667;984.7300287716989;1800
OutputStation2;0.50;6.50;260;198;32;33.064786254261044;275.36975349812667;4.205000000000041;71.07796536060391;8.125;800.9578715691888;1800
