Ident;X;Y;Transfers;InjectedTransfers;PodsHandled;PodHandlingTimeAvg;PodHandlingTimeVar;PodHandlingTimeMin;PodHandlingTimeMax;PileOn;IdleTime;UpTime
InputStation0;0.50;12.50;0;0;0;0;0;0;0;0;1800;1800
OutputStation0;35.50;3.50;258;199;34;31.151625922771846;263.49363506770743;4.04444444444448;60.558239541921466;7.588235294117647;818.1005771343273;1800
OutputStation1;35.50;9.50;235;170;36;26.66791406134967;223.30697014515943;4.046111111111259;66.35323954192108;6.527777777777778;902.0200865984837;1800
OutputStation2;0.50;6.50;257;197;32;33.05252299829568;368.03330385554113;4.04444444444448;72.7882395419208;8.03125;816.0770202535518;1800
