Ident;X;Y;Transfers;InjectedTransfers;PodsHandled;PodHandlingTimeAvg;PodHandlingTimeVar;PodHandlingTimeMin;PodHandlingTimeMax;PileOn;IdleTime;UpTime
InputStation0;0.50;12.50;0;0;0;0;0;0;0;0;1800;1800
OutputStation0;35.50;3.50;260;194;31;34.333996415770756;578.0355099842844;4.106666666666683;81.08731601363593;8.387096774193548;806.5200143858488;1800
OutputStation1;35.50;9.50;242;179;33;30.205848089071853;218.61105113790305;12.444350653031051;72.42759738787527;7.333333333333333;875.8684921444695;1800
OutputStation2;0.50;6.50;245;182;31;32.534495646415486;508.0947576676343;4.162316013635291;86.09944444444488;7.903225806451613;867.0684921444549;1800
