Ident;X;Y;Transfers;InjectedTransfers;PodsHandled;PodHandlingTimeAvg;PodHandlingTimeVar;PodHandlingTimeMin;PodHandlingTimeMax;PileOn;IdleTime;UpTime
InputStation0;0.50;12.50;0;0;0;0;0;0;0;0;1800;1800
OutputStation0;35.50;3.50;275;197;32;35.07309275920168;543.3705212754952;4.116111111110968;80.79611111111116;8.59375;742.0781601363595;1800
OutputStation1;35.50;9.50;258;183;33;32.10214351349885;266.54987154230184;8.04444444444448;74.10611111111143;7.818181818181818;812.9266016469571;1800
OutputStation2;0.50;6.50;258;185;32;33.073229166666735;454.5003771132822;4.083333333333485;78.91398268030201;8.0625;813.2370490252501;1800
