Ident;X;Y;Transfers;InjectedTransfers;PodsHandled;PodHandlingTimeAvg;PodHandlingTimeVar;PodHandlingTimeMin;PodHandlingTimeMax;PileOn;IdleTime;UpTime
InputStation0;0.50;12.50;0;0;0;0;0;0;0;0;1800;1800
OutputStation0;35.50;3.50;303;223;28;43.87826711013741;758.2743214080517;4.420000000000073;83.80176045808014;10.821428571428571;642.1165369106604;1800
OutputStation1;35.50;9.50;293;212;30;39.78087037037045;555.5219585021308;8.215000000000146;84.87111111111176;9.766666666666667;678.982885955019;1800
OutputStation2;0.50;6.50;272;201;30;36.74254665594268;772.4501851160643;4.09176045808249;83.33158006817521;9.066666666666666;757.4574964035543;1800
