Ident;X;Y;Transfers;InjectedTransfers;PodsHandled;PodHandlingTimeAvg;PodHandlingTimeVar;PodHandlingTimeMin;PodHandlingTimeMax;PileOn;IdleTime;UpTime
InputStation0;0.50;12.50;0;0;0;0;0;0;0;0;1800;1800
OutputStation0;35.50;3.50;264;190;33;31.705193493709928;393.90841321170836;4.16944444444448;81.36999999999978;8;790.8890045424857;1800
OutputStation1;35.50;9.50;250;181;35;29.514373324141104;304.1087229907144;4.14555555555512;73.14000000000078;7.142857142857143;841.6107503312917;1800
OutputStation2;0.50;6.50;253;187;32;32.15029491411001;287.1852238466624;4.296847056567003;75.85286437626701;7.90625;828.304191841888;1800
