Ident;X;Y;Transfers;InjectedTransfers;PodsHandled;PodHandlingTimeAvg;PodHandlingTimeVar;PodHandlingTimeMin;PodHandlingTimeMax;PileOn;IdleTime;UpTime
InputStation0;0.50;12.50;0;0;0;0;0;0;0;0;1800;1800
OutputStation0;35.50;3.50;217;156;33;26.941046613207845;338.01155128519554;4.092777777777883;79.62685424949257;6.575757575757576;972.3215872610913;1800
OutputStation1;35.50;9.50;246;192;35;28.937198926478583;329.79288667532364;4.169444444444707;76.21731601363535;7.0285714285714285;859.2792208970088;1800
OutputStation2;0.50;6.50;247;185;31;32.67795163427776;484.8103884715231;4.168333333333294;78.71166666666667;7.967741935483871;852.5798196100973;1800
