Ident;X;Y;Transfers;InjectedTransfers;PodsHandled;PodHandlingTimeAvg;PodHandlingTimeVar;PodHandlingTimeMin;PodHandlingTimeMax;PileOn;IdleTime;UpTime
InputStation0;0.50;12.50;0;0;0;0;0;0;0;0;1800;1800
OutputStation0;35.50;3.50;232;167;34;28.068025422831536;394.07909026108194;4.044444444444423;77.17685424949423;6.823529411764706;913.4462984105072;1800
OutputStation1;35.50;9.50;246;184;33;30.58673969106222;235.02766280732143;8.278888888889242;68.14111111111197;7.454545454545454;858.0360101267826;1800
OutputStation2;0.50;6.50;240;169;34;29.0569663014556;348.5306421408586;4.04444444444448;70.65222222222212;7.0588235294117645;877.6624460530793;1800
