Ident;X;Y;Transfers;InjectedTransfers;PodsHandled;PodHandlingTimeAvg;PodHandlingTimeVar;PodHandlingTimeMin;PodHandlingTimeMax;PileOn;IdleTime;UpTime
InputStation0;0.50;12.50;0;0;0;0;0;0;0;0;1800;1800
OutputStation0;35.50;3.50;254;185;33;31.528551752617517;311.0713977929271;4.231111111110749;72.22804476616875;7.696969696969697;829.0363783828702;1800
OutputStation1;35.50;9.50;270;191;32;34.61794890746478;356.2391899677781;4.04444444444448;74.80296536060345;8.4375;767.1722366080442;1800
OutputStation2;0.50;6.50;245;174;34;29.458154229441416;425.8957688504938;4.04444444444448;77.37055555555582;7.205882352941177;861.2485715500446;1800
