Ident;X;Y;Transfers;InjectedTransfers;PodsHandled;PodHandlingTimeAvg;PodHandlingTimeVar;PodHandlingTimeMin;PodHandlingTimeMax;PileOn;IdleTime;UpTime
InputStation0;0.50;12.50;0;0;0;0;0;0;0;0;1800;1800
OutputStation0;35.50;3.50;235;171;33;28.372571381051667;272.09340846191435;4.1483333333335395;73.25481241717421;7.121212121212121;903.135454287803;1800
OutputStation1;35.50;9.50;229;159;35;26.431180373707864;213.33941600430862;4.04444444444448;71.4016666666671;6.542857142857143;920.6224026121337;1800
OutputStation2;0.50;6.50;265;214;33;32.93854103786358;435.7186560169493;4.113333333333003;81.13509379141334;8.030303030303031;787.3116597571814;1800
