Ident;X;Y;Transfers;InjectedTransfers;PodsHandled;PodHandlingTimeAvg;PodHandlingTimeVar;PodHandlingTimeMin;PodHandlingTimeMax;PileOn;IdleTime;UpTime
InputStation0;0.50;12.50;0;0;0;0;0;0;0;0;1800;1800
OutputStation0;35.50;3.50;238;173;32;30.519589195296614;525.2990210143051;4.04444444444448;81.23547614999029;7.4375;893.609869733107;1800
OutputStation1;35.50;9.50;277;209;34;33.246141666948304;331.8190730745211;4.118888888888819;78.8121284308092;8.147058823529411;743.3023023660902;1800
OutputStation2;0.50;6.50;226;164;35;25.975820242828252;256.76616611891825;4.160093791411555;61.770000000000046;6.457142857142857;934.290764717156;1800
