Ident;X;Y;Transfers;InjectedTransfers;PodsHandled;PodHandlingTimeAvg;PodHandlingTimeVar;PodHandlingTimeMin;PodHandlingTimeMax;PileOn;IdleTime;UpTime
InputStation0;0.50;12.50;0;0;0;0;0;0;0;0;1800;1800
OutputStation0;35.50;3.50;213;148;37;22.63785792265901;287.9570515621019;4.044444444444423;76.60610391818477;5.756756756756757;982.8173810333319;1800
OutputStation1;35.50;9.50;221;160;37;24.28880094489527;271.7254498508893;4.182777777777346;79.73842712474675;5.972972972972973;949.233030380316;1800
OutputStation2;0.50;6.50;222;166;34;26.99047406776567;366.6551559455832;4.04444444444448;67.62111111111142;6.529411764705882;950.8436219004949;1800
