Ident;X;Y;Transfers;InjectedTransfers;PodsHandled;PodHandlingTimeAvg;PodHandlingTimeVar;PodHandlingTimeMin;PodHandlingTimeMax;PileOn;IdleTime;UpTime
InputStation0;0.50;12.50;0;0;0;0;0;0;0;0;1800;1800
OutputStation0;35.50;3.50;250;181;31;33.09709318504905;308.4841013517957;4.0543506530316336;70.84101731969818;8.064516129032258;841.0657352328412;1800
OutputStation1;35.50;9.50;222;170;34;27.168420126708526;314.35206168667867;4.04444444444448;77.17215648990168;6.529411764705882;950.9349462799163;1800
OutputStation2;0.50;6.50;254;191;31;32.51413194507515;325.29003142480207;8.170111263480749;71.72212843080956;8.193548387096774;825.3496395035992;1800
