Ident;X;Y;Transfers;InjectedTransfers;PodsHandled;PodHandlingTimeAvg;PodHandlingTimeVar;PodHandlingTimeMin;PodHandlingTimeMax;PileOn;IdleTime;UpTime
InputStation0;0.50;12.50;0;0;0;0;0;0;0;0;1800;1800
OutputStation0;35.50;3.50;233;175;33;28.952267914814097;303.12928837237877;4.08055555555552;67.63740980504758;7.0606060606060606;908.5857428549557;1800
OutputStation1;35.50;9.50;241;192;33;29.888084304147046;331.18697262712243;4.1866666666662695;68.6059666858149;7.303030303030303;877.9558291700025;1800
OutputStation2;0.50;6.50;230;175;33;28.200455643879955;319.4811976945702;4.128888888888923;77.74425686161896;6.96969696969697;915.9942355662788;1800
