Ident;X;Y;Transfers;InjectedTransfers;PodsHandled;PodHandlingTimeAvg;PodHandlingTimeVar;PodHandlingTimeMin;PodHandlingTimeMax;PileOn;IdleTime;UpTime
InputStation0;0.50;12.50;0;0;0;0;0;0;0;0;1800;1800
OutputStation0;39.50;3.50;269;198;25;55.008214143475406;693.482777861179;15.874444444444407;99.01777777777784;10.76;511.04528137423415;1800
OutputStation1;39.50;9.50;261;204;30;44.931913420404356;813.4492693953596;5.054256861618569;105.1261111111111;8.7;549.3499712283116;1800
OutputStation2;0.50;6.50;266;199;27;50.357235318032735;655.2511315018003;15.831111111111113;104.18166666666662;9.851851851851851;523.9229075337923;1800
