Ident;X;Y;Transfers;InjectedTransfers;PodsHandled;PodHandlingTimeAvg;PodHandlingTimeVar;PodHandlingTimeMin;PodHandlingTimeMax;PileOn;IdleTime;UpTime
InputStation0;0.50;12.50;0;0;0;0;0;0;0;0;1800;1800
OutputStation0;35.50;3.50;235;166;37;25.74334885749214;250.09415345897358;4.0533333333333985;63.670093791413024;6.351351351351352;901.841988713405;1800
OutputStation1;35.50;9.50;258;198;31;34.01869175627235;302.09479512843956;4.237777777777637;72.97388888888918;8.32258064516129;812.1262408671216;1800
OutputStation2;0.50;6.50;217;146;35;25.724301792813815;249.63263665745905;8.08888888888896;62.70333333333315;6.2;968.7889422632212;1800
