Ident;X;Y;Transfers;InjectedTransfers;PodsHandled;PodHandlingTimeAvg;PodHandlingTimeVar;PodHandlingTimeMin;PodHandlingTimeMax;PileOn;IdleTime;UpTime
InputStation0;0.50;12.50;0;0;0;0;0;0;0;0;1800;1800
OutputStation0;35.50;3.50;238;177;32;30.37084460770217;389.20533820082454;4.04444444444448;75.36546176414254;7.4375;890.8832757899286;1800
OutputStation1;35.50;9.50;251;199;31;33.39752059863164;615.9988479789133;4.04444444444448;84.28166666666658;8.096774193548388;838.7883543452995;1800
OutputStation2;0.50;6.50;214;159;35;25.231887236694927;357.6359217068178;4.04444444444448;76.5825035964607;6.114285714285714;982.1577631085366;1800
