Ident;X;Y;Transfers;InjectedTransfers;PodsHandled;PodHandlingTimeAvg;PodHandlingTimeVar;PodHandlingTimeMin;PodHandlingTimeMax;PileOn;IdleTime;UpTime
InputStation0;0.50;12.50;0;0;0;0;0;0;0;0;1800;1800
OutputStation0;35.50;3.50;214;154;35;25.28027726399746;296.2220803152825;4.04444444444448;76.65009379141276;6.114285714285714;977.5311254969597;1800
OutputStation1;35.50;9.50;255;191;34;30.578542781506453;258.01961955124625;4.044444444444444;61.29203463939666;7.5;822.3553535868917;1800
OutputStation2;0.50;6.50;238;172;32;30.311018668371137;165.23544866801532;12.464444444444553;69.80500000000097;7.4375;887.2088673101086;1800
