Ident;X;Y;Transfers;InjectedTransfers;PodsHandled;PodHandlingTimeAvg;PodHandlingTimeVar;PodHandlingTimeMin;PodHandlingTimeMax;PileOn;IdleTime;UpTime
InputStation0;0.50;12.50;0;0;0;0;0;0;0;0;1800;1800
OutputStation0;35.50;3.50;230;170;36;26.41243306097107;333.3118665091249;4.04444444444448;75.4707431383813;6.388888888888889;919.6617385959097;1800
OutputStation1;35.50;9.50;227;165;35;26.065077918397193;293.65378730403256;4.04444444444448;65.91287156919043;6.485714285714286;929.1562984105124;1800
OutputStation2;0.50;6.50;195;137;37;21.745471896094596;203.7262719912115;4.04444444444448;65.60972581868265;5.27027027027027;1052.2130591520056;1800
