Ident;X;Y;Transfers;InjectedTransfers;PodsHandled;PodHandlingTimeAvg;PodHandlingTimeVar;PodHandlingTimeMin;PodHandlingTimeMax;PileOn;IdleTime;UpTime
InputStation0;0.50;12.50;0;0;0;0;0;0;0;0;1800;1800
OutputStation0;35.50;3.50;243;176;35;28.810753454473595;270.7234895468952;4.129906208587954;59.472222222223536;6.942857142857143;867.527648021749;1800
OutputStation1;35.50;9.50;288;218;30;39.267593072121336;291.5379650453872;12.98833333333323;75.84435065303177;9.6;697.0458947565937;1800
OutputStation2;0.50;6.50;231;168;33;28.503016310177795;259.7953757213641;4.165555555555784;66.57814575050247;7;917.8226552146843;1800
