Ident;X;Y;Transfers;InjectedTransfers;PodsHandled;PodHandlingTimeAvg;PodHandlingTimeVar;PodHandlingTimeMin;PodHandlingTimeMax;PileOn;IdleTime;UpTime
InputStation0;0.50;12.50;0;0;0;0;0;0;0;0;1800;1800
OutputStation0;35.50;3.50;251;189;33;31.28248611613104;412.9416974777528;4.044444444444423;76.9845382358576;7.606060606060606;838.4118614424233;1800
OutputStation1;35.50;9.50;221;155;32;28.196041666666577;465.2622717311036;4.082683986364827;82.58888888888919;6.90625;951.9219696196598;1800
OutputStation2;0.50;6.50;257;188;31;34.018620535744105;243.36275047907944;4.141666666666197;62.77055555555535;8.290322580645162;818.4139754873781;1800
