Ident;X;Y;Transfers;InjectedTransfers;PodsHandled;PodHandlingTimeAvg;PodHandlingTimeVar;PodHandlingTimeMin;PodHandlingTimeMax;PileOn;IdleTime;UpTime
InputStation0;0.50;12.50;0;0;0;0;0;0;0;0;1800;1800
OutputStation0;35.50;3.50;227;161;35;26.512273343072486;409.91320082352684;4.044444444444444;77.65277058485117;6.485714285714286;932.3056280516435;1800
OutputStation1;35.50;9.50;268;203;32;34.48711264314979;344.6136986986631;8.210836929797779;77.48111111111143;8.375;773.7502738979001;1800
OutputStation2;0.50;6.50;246;184;34;28.971364916312297;349.122963628545;4.04444444444448;66.02898268030182;7.235294117647059;861.4609885479679;1800
