Ident;X;Y;Transfers;InjectedTransfers;PodsHandled;PodHandlingTimeAvg;PodHandlingTimeVar;PodHandlingTimeMin;PodHandlingTimeMax;PileOn;IdleTime;UpTime
InputStation0;0.50;12.50;0;0;0;0;0;0;0;0;1800;1800
OutputStation0;35.50;3.50;215;148;35;24.637530705603655;285.58405338168734;4.04444444444448;71.06120490252397;6.142857142857143;983.2532636494832;1800
OutputStation1;35.50;9.50;240;175;31;32.125454442305404;399.4108428454794;8.08888888888896;77.06480522425068;7.741935483870968;878.1388454479272;1800
OutputStation2;0.50;6.50;235;166;32;29.78841054514401;424.1473774825089;4.04444444444448;83.6250937914142;7.34375;902.6635568807646;1800
