Ident;X;Y;Transfers;InjectedTransfers;PodsHandled;PodHandlingTimeAvg;PodHandlingTimeVar;PodHandlingTimeMin;PodHandlingTimeMax;PileOn;IdleTime;UpTime
InputStation0;0.50;12.50;0;0;0;0;0;0;0;0;1800;1800
OutputStation0;35.50;3.50;237;157;32;29.486274346968443;351.8082259125534;4.08055555555552;69.00444444444437;7.40625;892.6940335975745;1800
OutputStation1;35.50;9.50;247;181;34;29.876683437985218;391.4138885826454;8.264877153476164;79.84571436669455;7.264705882352941;855.4725760925405;1800
OutputStation2;0.50;6.50;257;186;34;31.174921685558058;277.34999056398055;4.170000000000073;71.61000000000058;7.5588235294117645;817.8849902562354;1800
