Ident;X;Y;Transfers;InjectedTransfers;PodsHandled;PodHandlingTimeAvg;PodHandlingTimeVar;PodHandlingTimeMin;PodHandlingTimeMax;PileOn;IdleTime;UpTime
InputStation0;0.50;12.50;0;0;0;0;0;0;0;0;1800;1800
OutputStation0;35.50;3.50;261;198;31;34.668326122125855;334.1665281360528;4.152777777777374;73.39194084798356;8.419354838709678;797.7347039565085;1800
OutputStation1;35.50;9.50;246;175;34;29.654541214320943;168.29653523403348;4.04444444444448;64.23333333333335;7.235294117647059;860.5355477957784;1800
OutputStation2;0.50;6.50;275;217;31;36.58090140317478;559.9373502724396;4.092503596462848;80.10251798230502;8.870967741935484;751.3501018345996;1800
