Ident;X;Y;Transfers;InjectedTransfers;PodsHandled;PodHandlingTimeAvg;PodHandlingTimeVar;PodHandlingTimeMin;PodHandlingTimeMax;PileOn;IdleTime;UpTime
InputStation0;0.50;12.50;0;0;0;0;0;0;0;0;1800;1800
OutputStation0;35.50;3.50;260;196;30;35.74842953183467;561.6839233236741;4.04444444444448;82.79231601363529;8.666666666666666;802.2487300778172;1800
OutputStation1;35.50;9.50;273;213;31;35.646917794753925;476.8185337970401;4.044444444444444;77.5038888888896;8.806451612903226;755.4410823393587;1800
OutputStation2;0.50;6.50;256;184;30;35.21670033755905;510.2394022822619;4.04444444444448;84.01286437626209;8.533333333333333;819.3966522808128;1800
