Ident;X;Y;Transfers;InjectedTransfers;PodsHandled;PodHandlingTimeAvg;PodHandlingTimeVar;PodHandlingTimeMin;PodHandlingTimeMax;PileOn;IdleTime;UpTime
InputStation0;0.50;12.50;0;0;0;0;0;0;0;0;1800;1800
OutputStation0;35.50;3.50;212;156;37;23.595638040936542;256.738936119148;4.04444444444448;70.75046176414253;5.72972972972973;987.4855339767743;1800
OutputStation1;35.50;9.50;256;201;31;33.43838989027406;414.8479083171331;4.056298693937379;74.88287156919034;8.258064516129032;817.9757071737752;1800
OutputStation2;0.50;6.50;298;233;28;43.40945088694104;467.61654186357606;4.078333333332694;81.50666666666666;10.642857142857142;657.5226696004995;1800
