Ident;X;Y;Transfers;InjectedTransfers;PodsHandled;PodHandlingTimeAvg;PodHandlingTimeVar;PodHandlingTimeMin;PodHandlingTimeMax;PileOn;IdleTime;UpTime
InputStation0;0.50;12.50;0;0;0;0;0;0;0;0;1800;1800
OutputStation0;35.50;3.50;247;185;35;28.74821686271277;372.6386182320471;4.04444444444448;76.55452385001416;7.057142857142857;852.2761185874946;1800
OutputStation1;35.50;9.50;230;167;33;28.409693473631073;428.4347594786643;4.044444444444444;77.42222222222244;6.96969696969697;920.3525973878751;1800
OutputStation2;0.50;6.50;210;156;35;24.01437786160229;290.0185930700833;4.04444444444448;78.7793506530329;6;992.7355483626231;1800
