Ident;X;Y;Transfers;InjectedTransfers;PodsHandled;PodHandlingTimeAvg;PodHandlingTimeVar;PodHandlingTimeMin;PodHandlingTimeMax;PileOn;IdleTime;UpTime
InputStation0;0.50;12.50;0;0;0;0;0;0;0;0;1800;1800
OutputStation0;35.50;3.50;261;194;31;34.78267374048552;467.0746094460167;4.08334052626401;77.82453823585739;8.419354838709678;798.6840548929513;1800
OutputStation1;35.50;9.50;235;173;32;30.157251307260026;424.6548849582655;4.04444444444448;78.29944444444459;7.34375;900.2474964035298;1800
OutputStation2;0.50;6.50;219;150;35;25.48954710526724;218.94888162704;4.04444444444448;65.43055555555564;6.257142857142857;961.6740692787894;1800
