Ident;X;Y;Transfers;InjectedTransfers;PodsHandled;PodHandlingTimeAvg;PodHandlingTimeVar;PodHandlingTimeMin;PodHandlingTimeMax;PileOn;IdleTime;UpTime
InputStation0;0.50;12.50;0;0;0;0;0;0;0;0;1800;1800
OutputStation0;35.50;3.50;229;175;33;28.43083081812039;502.8108609101627;4.04444444444448;83.49388888888973;6.9393939393939394;922.2754905358285;1800
OutputStation1;35.50;9.50;259;199;35;30.68974294096725;392.2028646537246;4.2916666666667425;79.86868692021812;7.4;811.5146826611372;1800
OutputStation2;0.50;6.50;231;159;34;27.812553478967008;284.8461043755361;4.1533333333329665;79.5306493469684;6.794117647058823;915.4121646788359;1800
