Ident;X;Y;Transfers;InjectedTransfers;PodsHandled;PodHandlingTimeAvg;PodHandlingTimeVar;PodHandlingTimeMin;PodHandlingTimeMax;PileOn;IdleTime;UpTime
InputStation0;0.50;12.50;0;0;0;0;0;0;0;0;1800;1800
OutputStation0;35.50;3.50;258;199;32;32.56488185276156;618.447996384905;4.0589826803020514;83.41815294342973;8.0625;813.0902957600846;1800
OutputStation1;35.50;9.50;274;210;32;34.75378494700137;340.49907956783954;4.2849999999998545;82.82379509747594;8.5625;751.4374169979816;1800
OutputStation2;0.50;6.50;230;176;34;27.886092435783983;488.87974003013215;4.159444444444716;81.0731457505085;6.764705882352941;918.0881601363473;1800
