Ident;X;Y;Transfers;InjectedTransfers;PodsHandled;PodHandlingTimeAvg;PodHandlingTimeVar;PodHandlingTimeMin;PodHandlingTimeMax;PileOn;IdleTime;UpTime
InputStation0;0.50;12.50;0;0;0;0;0;0;0;0;1800;1800
OutputStation0;35.50;3.50;235;174;33;29.419525777364953;444.2626779001934;4.04444444444448;83.44259019495155;7.121212121212121;897.3931313646508;1800
OutputStation1;35.50;9.50;278;210;34;33.7967320261439;382.64537926124854;4.242683986364682;83.74444444444498;8.176470588235293;738.523196356394;1800
OutputStation2;0.50;6.50;242;177;30;32.916679411952735;372.8572806171386;8.50388888888881;75.80999999999983;8.066666666666666;872.8323232065584;1800
