Ident;X;Y;Transfers;InjectedTransfers;PodsHandled;PodHandlingTimeAvg;PodHandlingTimeVar;PodHandlingTimeMin;PodHandlingTimeMax;PileOn;IdleTime;UpTime
InputStation0;0.50;12.50;0;0;0;0;0;0;0;0;1800;1800
OutputStation0;35.50;3.50;247;184;33;30.86556933044091;373.7740532768773;4.04444444444448;85.11296536060354;7.484848484848484;855.2897042399084;1800
OutputStation1;35.50;9.50;237;167;35;27.78567470593058;275.80034589228325;4.04444444444448;72.09658006817511;6.771428571428571;894.0791918418976;1800
OutputStation2;0.50;6.50;244;189;33;30.586007476813492;340.69295862534227;4.08055555555552;65.02398268030288;7.393939393939394;869.0578499904304;1800
