Ident;X;Y;Transfers;InjectedTransfers;PodsHandled;PodHandlingTimeAvg;PodHandlingTimeVar;PodHandlingTimeMin;PodHandlingTimeMax;PileOn;IdleTime;UpTime
InputStation0;0.50;12.50;0;0;0;0;0;0;0;0;1800;1800
OutputStation0;35.50;3.50;249;183;31;32.872099799722946;420.9793446657933;4.04444444444448;79.80499999999995;8.03225806451613;843.2082829828622;1800
OutputStation1;35.50;9.50;245;173;36;27.985686628493376;304.3807593143891;4.04444444444448;66.58999999999996;6.805555555555555;864.5851225631137;1800
OutputStation2;0.50;6.50;271;198;30;37.161070707929554;435.70778191546464;12.166298693937733;83.71953823585773;9.033333333333333;759.4951947757404;1800
