Ident;X;Y;Transfers;InjectedTransfers;PodsHandled;PodHandlingTimeAvg;PodHandlingTimeVar;PodHandlingTimeMin;PodHandlingTimeMax;PileOn;IdleTime;UpTime
InputStation0;0.50;12.50;0;0;0;0;0;0;0;0;1800;1800
OutputStation0;39.50;3.50;194;130;34;29.283469780986096;573.5310473642508;5.04444444444448;104.95111111111095;5.705882352941177;869.3586650580676;1800
OutputStation1;39.50;9.50;214;156;35;30.68393939320317;638.7943282904714;5.04444444444448;104.67620490252398;6.114285714285714;778.1890477000247;1800
OutputStation2;0.50;6.50;221;162;36;30.945976226163875;378.2913025292336;5.04444444444448;88.01823954192054;6.138888888888889;743.3391918418889;1800
