Ident;X;Y;Transfers;InjectedTransfers;PodsHandled;PodHandlingTimeAvg;PodHandlingTimeVar;PodHandlingTimeMin;PodHandlingTimeMax;PileOn;IdleTime;UpTime
InputStation0;0.50;12.50;0;0;0;0;0;0;0;0;1800;1800
OutputStation0;35.50;3.50;240;162;35;28.27460873962483;240.04490767642088;4.04444444444448;67.06666666666729;6.857142857142857;881.0271572025226;1800
OutputStation1;35.50;9.50;288;224;30;39.3607106757571;546.2422011637768;4.04444444444448;81.8848196100987;9.6;693.5367820368646;1800
OutputStation2;0.50;6.50;247;189;34;30.040141330124843;385.48637251697346;4.139444444444052;84.49554836263428;7.264705882352941;856.2072222221925;1800
