Ident;X;Y;Transfers;InjectedTransfers;PodsHandled;PodHandlingTimeAvg;PodHandlingTimeVar;PodHandlingTimeMin;PodHandlingTimeMax;PileOn;IdleTime;UpTime
InputStation0;0.50;12.50;0;0;0;0;0;0;0;0;1800;1800
OutputStation0;35.50;3.50;238;177;33;29.865078490756154;347.34059129519636;4.153982680301624;74.83888888888907;7.212121212121212;889.673614707571;1800
OutputStation1;35.50;9.50;252;186;34;30.703600076827314;353.32111015877734;4.04444444444448;80.03045457122062;7.411764705882353;837.5887732352869;1800
OutputStation2;0.50;6.50;220;158;34;26.587766955050476;285.6210762769835;4.04444444444448;72.86703463939602;6.470588235294118;958.1942206135858;1800
