Ident;X;Y;Transfers;InjectedTransfers;PodsHandled;PodHandlingTimeAvg;PodHandlingTimeVar;PodHandlingTimeMin;PodHandlingTimeMax;PileOn;IdleTime;UpTime
InputStation0;0.50;12.50;0;0;0;0;0;0;0;0;1800;1800
OutputStation0;35.50;3.50;219;154;36;24.85520923244908;295.0871220724449;4.048982680301833;62.03425686161887;6.083333333333333;962.8234271247409;1800
OutputStation1;35.50;9.50;245;184;34;29.756247135650515;362.0422433000589;4.04444444444448;80.33731601363502;7.205882352941177;859.7937013060775;1800
OutputStation2;0.50;6.50;226;163;34;27.473355190344602;329.35327164862497;4.059444444444125;72.41537516565245;6.647058823529412;933.4841699797421;1800
