Ident;X;Y;Transfers;InjectedTransfers;PodsHandled;PodHandlingTimeAvg;PodHandlingTimeVar;PodHandlingTimeMin;PodHandlingTimeMax;PileOn;IdleTime;UpTime
InputStation0;0.50;12.50;0;0;0;0;0;0;0;0;1800;1800
OutputStation0;35.50;3.50;202;151;34;24.11437059769792;390.52589427504347;4.04444444444448;82.34445163736524;5.9411764705882355;1026.831212095459;1800
OutputStation1;35.50;9.50;263;204;33;32.82822598500207;475.48220623919303;4.192222222221972;81.35555555555584;7.96969696969697;794.1151516181889;1800
OutputStation2;0.50;6.50;222;155;35;25.728750980231066;343.45933350639206;4.144177456055786;76.38166666666655;6.3428571428571425;952.477258186841;1800
