Ident;X;Y;Transfers;InjectedTransfers;PodsHandled;PodHandlingTimeAvg;PodHandlingTimeVar;PodHandlingTimeMin;PodHandlingTimeMax;PileOn;IdleTime;UpTime
InputStation0;0.50;12.50;0;0;0;0;0;0;0;0;1800;1800
OutputStation0;35.50;3.50;262;201;31;35.08481473747156;332.5463703251011;4.044444444444423;75.88898268030289;8.451612903225806;799.5856493469662;1800
OutputStation1;35.50;9.50;255;193;33;31.49058616545782;456.79680795665547;4.04444444444448;82.21388888888907;7.7272727272727275;817.8526839863749;1800
OutputStation2;0.50;6.50;254;193;33;31.73824653405259;430.5398579739635;4.24666666666667;65.94953823585752;7.696969696969697;835.3754761500049;1800
