Ident;X;Y;Transfers;InjectedTransfers;PodsHandled;PodHandlingTimeAvg;PodHandlingTimeVar;PodHandlingTimeMin;PodHandlingTimeMax;PileOn;IdleTime;UpTime
InputStation0;0.50;12.50;0;0;0;0;0;0;0;0;1800;1800
OutputStation0;35.50;3.50;259;189;30;35.2320281374238;548.2293078835637;4.04444444444448;81.40537516565155;8.633333333333333;804.535382358571;1800
OutputStation1;35.50;9.50;248;173;34;29.568583948514505;330.8577107393261;4.04444444444448;83.75601731969823;7.294117647058823;851.1260173196881;1800
OutputStation2;0.50;6.50;254;184;31;33.04455173929639;496.1057724312303;8.304444444444698;81.57555555555484;8.193548387096774;822.8809307211941;1800
