Ident;X;Y;Transfers;InjectedTransfers;PodsHandled;PodHandlingTimeAvg;PodHandlingTimeVar;PodHandlingTimeMin;PodHandlingTimeMax;PileOn;IdleTime;UpTime
InputStation0;0.50;12.50;0;0;0;0;0;0;0;0;1800;1800
OutputStation0;35.50;3.50;228;161;38;24.428216184981512;190.39818266154887;4.067222222222213;58.9000937914129;6;926.0295385192618;1800
OutputStation1;35.50;9.50;240;174;33;29.728108575818894;145.05376526752605;4.239999999999782;54.34509379141264;7.2727272727272725;879.6774388601441;1800
OutputStation2;0.50;6.50;244;176;33;30.248162576935492;316.8327208571934;4.04444444444448;76.54103170554822;7.393939393939394;866.008225156068;1800
