Ident;X;Y;Transfers;InjectedTransfers;PodsHandled;PodHandlingTimeAvg;PodHandlingTimeVar;PodHandlingTimeMin;PodHandlingTimeMax;PileOn;IdleTime;UpTime
InputStation0;0.50;12.50;0;0;0;0;0;0;0;0;1800;1800
OutputStation0;35.50;3.50;208;140;37;22.9919195814222;232.63421027455624;4.04444444444448;68.13509379141294;5.621621621621622;1003.3106496303931;1800
OutputStation1;35.50;9.50;251;191;33;30.987920984404617;298.20332442675783;8.177409805048228;84.17129150101596;7.606060606060606;839.956269638841;1800
OutputStation2;0.50;6.50;249;188;33;31.03945056470728;247.88575476058568;4.08055555555552;66.82500719292142;7.545454545454546;846.3864788004053;1800
