Ident;X;Y;Transfers;InjectedTransfers;PodsHandled;PodHandlingTimeAvg;PodHandlingTimeVar;PodHandlingTimeMin;PodHandlingTimeMax;PileOn;IdleTime;UpTime
InputStation0;0.50;12.50;0;0;0;0;0;0;0;0;1800;1800
OutputStation0;35.50;3.50;267;196;33;33.43526324000664;655.2717213822721;4.04444444444448;83.66611111111206;8.090909090909092;776.4933045616392;1800
OutputStation1;35.50;9.50;250;185;33;31.333551534650013;320.72721676504705;4.160555555555447;67.64018758282566;7.575757575757576;839.9911761308285;1800
OutputStation2;0.50;6.50;248;174;35;29.31631230632018;295.8375548572667;4.177777777777237;67.57055555555576;7.085714285714285;845.3190546095465;1800
