Ident;X;Y;Transfers;InjectedTransfers;PodsHandled;PodHandlingTimeAvg;PodHandlingTimeVar;PodHandlingTimeMin;PodHandlingTimeMax;PileOn;IdleTime;UpTime
InputStation0;0.50;12.50;0;0;0;0;0;0;0;0;1800;1800
OutputStation0;35.50;3.50;230;163;32;29.598856648090536;434.6107442310496;4.08055555555552;82.14860751465021;7.1875;921.2766738596049;1800
OutputStation1;35.50;9.50;254;186;34;30.781718444845552;317.28849047638454;4.04444444444448;67.7680591520168;7.470588235294118;826.2772078363712;1800
OutputStation2;0.50;6.50;267;197;31;35.41311827956961;478.8763258476831;4.097777777777992;78.76694084798237;8.612903225806452;774.68331894748;1800
