Ident;X;Y;Transfers;InjectedTransfers;PodsHandled;PodHandlingTimeAvg;PodHandlingTimeVar;PodHandlingTimeMin;PodHandlingTimeMax;PileOn;IdleTime;UpTime
InputStation0;0.50;12.50;0;0;0;0;0;0;0;0;1800;1800
OutputStation0;35.50;3.50;241;178;33;29.921670380700263;458.55003278319276;4.04444444444448;84.22185424949294;7.303030303030303;878.9422078363752;1800
OutputStation1;35.50;9.50;261;187;33;32.40414447427289;322.21891371574714;8.12166666666667;73.99481241717437;7.909090909090909;802.0610538046636;1800
OutputStation2;0.50;6.50;226;158;33;28.234629629629563;266.1773590259903;4.04444444444448;66.64833333333331;6.848484848484849;933.5278209353038;1800
