Ident;X;Y;Transfers;InjectedTransfers;PodsHandled;PodHandlingTimeAvg;PodHandlingTimeVar;PodHandlingTimeMin;PodHandlingTimeMax;PileOn;IdleTime;UpTime
InputStation0;0.50;12.50;0;0;0;0;0;0;0;0;1800;1800
OutputStation0;39.50;3.50;235;174;30;39.75101827875446;772.6121648179013;5.20157287525376;104.16166666666663;7.833333333333333;675.8202957600795;1800
OutputStation1;39.50;9.50;256;198;31;42.192628589572976;626.4001212755553;5.154999999999745;95.35852091615948;8.258064516129032;572.1136290934005;1800
OutputStation2;0.50;6.50;216;163;33;33.46365888298126;722.9008788754081;5.107222222221935;100.33398268030135;6.545454545454546;762.6028859550286;1800
