Ident;X;Y;Transfers;InjectedTransfers;PodsHandled;PodHandlingTimeAvg;PodHandlingTimeVar;PodHandlingTimeMin;PodHandlingTimeMax;PileOn;IdleTime;UpTime
InputStation0;0.50;12.50;0;0;0;0;0;0;0;0;1800;1800
OutputStation0;35.50;3.50;232;168;32;29.76949404635388;362.83117602220653;4.04444444444448;71.07352091615917;7.25;911.5746464131212;1800
OutputStation1;35.50;9.50;267;207;31;34.80156216531432;390.63923320404325;12.204999999999927;78.6085209161588;8.612903225806452;777.368578742957;1800
OutputStation2;0.50;6.50;249;185;33;30.81149000797343;294.32005876328594;4.185649346967921;66.47064934696937;7.545454545454546;845.532943781825;1800
