Ident;X;Y;Transfers;InjectedTransfers;PodsHandled;PodHandlingTimeAvg;PodHandlingTimeVar;PodHandlingTimeMin;PodHandlingTimeMax;PileOn;IdleTime;UpTime
InputStation0;0.50;12.50;0;0;0;0;0;0;0;0;1800;1800
OutputStation0;35.50;3.50;259;190;32;33.061371302998595;365.2603380746571;4.180000000000746;76.43990620858744;8.09375;804.921753265144;1800
OutputStation1;35.50;9.50;283;206;31;37.11277893792627;523.7850500587098;4.275555555555229;81.40342712474609;9.129032258064516;714.334624834366;1800
OutputStation2;0.50;6.50;285;218;30;39.07521692851804;415.86155190055405;4.08888888888896;84.14657287525404;9.5;709.2268899307073;1800
