Ident;X;Y;Transfers;InjectedTransfers;PodsHandled;PodHandlingTimeAvg;PodHandlingTimeVar;PodHandlingTimeMin;PodHandlingTimeMax;PileOn;IdleTime;UpTime
InputStation0;0.50;12.50;0;0;0;0;0;0;0;0;1800;1800
OutputStation0;35.50;3.50;268;193;32;33.84161165235158;407.94464244881823;8.284444444444262;80.44009379141278;8.375;770.8952813742292;1800
OutputStation1;35.50;9.50;254;193;32;32.72924490405602;451.66076518558833;4.141666666666424;83.54444444444528;7.9375;828.1069480409051;1800
OutputStation2;0.50;6.50;220;164;35;25.70339414564217;255.85754973866636;4.04444444444448;58.99583692979394;6.285714285714286;958.0724820176895;1800
