Ident;X;Y;Transfers;InjectedTransfers;PodsHandled;PodHandlingTimeAvg;PodHandlingTimeVar;PodHandlingTimeMin;PodHandlingTimeMax;PileOn;IdleTime;UpTime
InputStation0;0.50;12.50;0;0;0;0;0;0;0;0;1800;1800
OutputStation0;35.50;3.50;237;170;31;31.520573940762247;580.5676348700993;4.257683986364555;83.32832614041251;7.645161290322581;889.0188241525793;1800
OutputStation1;35.50;9.50;250;188;33;31.367354060192973;477.02748868770857;4.04444444444448;85.66166666666709;7.575757575757576;841.4749424566014;1800
OutputStation2;0.50;6.50;237;166;34;27.97306107269767;237.48410906449317;4.04444444444448;58.61056274847897;6.970588235294118;891.982179064702;1800
