Ident;X;Y;Transfers;InjectedTransfers;PodsHandled;PodHandlingTimeAvg;PodHandlingTimeVar;PodHandlingTimeMin;PodHandlingTimeMax;PileOn;IdleTime;UpTime
InputStation0;0.50;12.50;0;0;0;0;0;0;0;0;1800;1800
OutputStation0;35.50;3.50;262;199;31;34.796664346369454;562.6103211595762;4.08055555555552;83.73404050710667;8.451612903225806;795.8441409245725;1800
OutputStation1;35.50;9.50;252;191;30;34.1983089722327;526.9718354861853;4.106017319697457;78.6944444444448;8.4;838.9820389062564;1800
OutputStation2;0.50;6.50;243;178;32;30.986315809392533;240.62438426061703;4.31144728019035;70.78907647171741;7.59375;867.8429631789141;1800
