Ident;X;Y;Transfers;InjectedTransfers;PodsHandled;PodHandlingTimeAvg;PodHandlingTimeVar;PodHandlingTimeMin;PodHandlingTimeMax;PileOn;IdleTime;UpTime
InputStation0;0.50;12.50;0;0;0;0;0;0;0;0;1800;1800
OutputStation0;35.50;3.50;224;159;34;26.967279517543112;311.75789363375924;4.169906208587463;82.04787156919048;6.588235294117647;941.5605121145917;1800
OutputStation1;35.50;9.50;237;172;32;30.566620670075586;399.206879353676;4.127777777777737;80.66722222222234;7.40625;888.9055627484644;1800
OutputStation2;0.50;6.50;225;164;34;26.134234996271452;238.02415173358133;4.07722222222219;70.91222222222245;6.617647058823529;938.2480807307986;1800
