Ident;X;Y;Transfers;InjectedTransfers;PodsHandled;PodHandlingTimeAvg;PodHandlingTimeVar;PodHandlingTimeMin;PodHandlingTimeMax;PileOn;IdleTime;UpTime
InputStation0;0.50;12.50;0;0;0;0;0;0;0;0;1800;1800
OutputStation0;35.50;3.50;263;197;30;35.49880880181813;489.8538602099263;4.04444444444448;79.35787156919105;8.766666666666667;793.6366160327809;1800
OutputStation1;35.50;9.50;272;207;32;34.92136837201736;411.3648251368708;4.08055555555552;75.53444444444472;8.5;759.1167388793187;1800
OutputStation2;0.50;6.50;242;183;30;33.04017628557216;446.47747962519276;4.04444444444448;83.17176045807923;8.066666666666666;876.5435931288066;1800
