Ident;X;Y;Transfers;InjectedTransfers;PodsHandled;PodHandlingTimeAvg;PodHandlingTimeVar;PodHandlingTimeMin;PodHandlingTimeMax;PileOn;IdleTime;UpTime
InputStation0;0.50;12.50;0;0;0;0;0;0;0;0;1800;1800
OutputStation0;35.50;3.50;216;155;35;24.852423006407236;281.32879484674567;4.08055555555552;63.45555555555552;6.171428571428572;972.729184365523;1800
OutputStation1;35.50;9.50;242;175;34;29.000053267410607;248.8778407242381;4.04444444444448;66.15768398636499;7.117647058823529;875.8397980313466;1800
OutputStation2;0.50;6.50;241;177;33;30.03906489368014;470.8433385100035;4.04444444444448;77.42666666666764;7.303030303030303;878.7770777969291;1800
