Ident;X;Y;Transfers;InjectedTransfers;PodsHandled;PodHandlingTimeAvg;PodHandlingTimeVar;PodHandlingTimeMin;PodHandlingTimeMax;PileOn;IdleTime;UpTime
InputStation0;0.50;12.50;0;0;0;0;0;0;0;0;1800;1800
OutputStation0;35.50;3.50;264;214;32;32.841683578219886;482.53897063824223;4.044444444444423;77.5747186257588;8.25;788.2788816959812;1800
OutputStation1;35.50;9.50;226;172;35;26.77683879559868;289.7973670949362;4.04444444444448;60.16472581868379;6.457142857142857;937.2623232065426;1800
OutputStation2;0.50;6.50;253;195;31;33.616642926490535;410.4384895356227;4.04444444444448;61.83944444444444;8.161290322580646;829.4962555364084;1800
