Ident;X;Y;Transfers;InjectedTransfers;PodsHandled;PodHandlingTimeAvg;PodHandlingTimeVar;PodHandlingTimeMin;PodHandlingTimeMax;PileOn;IdleTime;UpTime
InputStation0;0.50;12.50;0;0;0;0;0;0;0;0;1800;1800
OutputStation0;35.50;3.50;236;163;34;28.365628556076015;295.2295265460181;4.04444444444448;66.30222222222221;6.9411764705882355;899.6134346011215;1800
OutputStation1;35.50;9.50;264;195;32;34.07492514314936;470.7461139103104;4.04444444444448;84.54166666666657;8.25;789.0731460339089;1800
OutputStation2;0.50;6.50;230;171;34;28.02144003239803;234.25206075128744;4.325021578765927;63.37222222222226;6.764705882352941;921.5485715500206;1800
