Ident;X;Y;Transfers;InjectedTransfers;PodsHandled;PodHandlingTimeAvg;PodHandlingTimeVar;PodHandlingTimeMin;PodHandlingTimeMax;PileOn;IdleTime;UpTime
InputStation0;0.50;12.50;0;0;0;0;0;0;0;0;1800;1800
OutputStation0;35.50;3.50;244;188;31;32.44434901968078;502.44200008681446;4.04444444444448;76.38611111111186;7.870967741935484;866.0621209544909;1800
OutputStation1;35.50;9.50;284;215;31;37.83600381625932;400.0996398842124;4.211666666666588;71.48731601363579;9.161290322580646;713.7800287716894;1800
OutputStation2;0.50;6.50;250;190;31;32.38206744701808;519.9441252438023;4.07722222222219;78.79666666666753;8.064516129032258;840.2618833046016;1800
