Ident;X;Y;Transfers;InjectedTransfers;PodsHandled;PodHandlingTimeAvg;PodHandlingTimeVar;PodHandlingTimeMin;PodHandlingTimeMax;PileOn;IdleTime;UpTime
InputStation0;0.50;12.50;0;0;0;0;0;0;0;0;1800;1800
OutputStation0;35.50;3.50;240;170;32;30.24131358248103;465.9433525325315;4.044444444444423;78.19666666666654;7.5;880.3728427975141;1800
OutputStation1;35.50;9.50;258;202;32;33.225627706202715;293.13615286520326;4.410555555555447;76.86453823585725;8.0625;812.7781457504931;1800
OutputStation2;0.50;6.50;244;176;33;30.236784511784524;362.3491833549254;4.148888888888678;69.84203463939645;7.393939393939394;865.2673088207152;1800
