Ident;X;Y;Transfers;InjectedTransfers;PodsHandled;PodHandlingTimeAvg;PodHandlingTimeVar;PodHandlingTimeMin;PodHandlingTimeMax;PileOn;IdleTime;UpTime
InputStation0;0.50;12.50;0;0;0;0;0;0;0;0;1800;1800
OutputStation0;35.50;3.50;235;169;36;26.77428010179542;319.2107401319259;4.04444444444448;67.18139248534953;6.527777777777778;900.8388166762384;1800
OutputStation1;35.50;9.50;257;191;35;30.291293342525588;400.0469356119763;4.089256861618651;78.34185424949351;7.3428571428571425;817.1163058868677;1800
OutputStation2;0.50;6.50;249;179;31;33.266352930580204;506.9555321331311;4.064538235857441;84.42379509747627;8.03225806451613;846.6641486843658;1800
