Ident;X;Y;Transfers;InjectedTransfers;PodsHandled;PodHandlingTimeAvg;PodHandlingTimeVar;PodHandlingTimeMin;PodHandlingTimeMax;PileOn;IdleTime;UpTime
InputStation0;0.50;12.50;0;0;0;0;0;0;0;0;1800;1800
OutputStation0;35.50;3.50;258;185;34;30.53405249913824;372.371299603648;4.2505555555546835;73.69277777777779;7.588235294117647;813.4897258186866;1800
OutputStation1;35.50;9.50;264;191;33;32.72299357286522;373.0242103462166;8.04444444444448;84.1290692787909;8;792.1443578459533;1800
OutputStation2;0.50;6.50;245;178;33;30.432556298362165;398.21755456166755;4.04444444444448;84.60842712474596;7.424242424242424;862.1861905166633;1800
