Ident;X;Y;Transfers;InjectedTransfers;PodsHandled;PodHandlingTimeAvg;PodHandlingTimeVar;PodHandlingTimeMin;PodHandlingTimeMax;PileOn;IdleTime;UpTime
InputStation0;0.50;12.50;0;0;0;0;0;0;0;0;1800;1800
OutputStation0;35.50;3.50;290;213;30;39.02303391065656;416.44337235204074;4.0639826803014785;79.94712843080958;9.666666666666666;691.5873807499402;1800
OutputStation1;35.50;9.50;230;157;33;28.64085858585858;273.31017433527836;4.04444444444448;79.80083692979474;6.96969696969697;919.9545094641572;1800
OutputStation2;0.50;6.50;256;188;34;30.844825355466792;469.6752578097018;4.04444444444448;81.59574313838175;7.529411764705882;824.6779725535297;1800
