Ident;X;Y;Transfers;InjectedTransfers;PodsHandled;PodHandlingTimeAvg;PodHandlingTimeVar;PodHandlingTimeMin;PodHandlingTimeMax;PileOn;IdleTime;UpTime
InputStation0;0.50;12.50;0;0;0;0;0;0;0;0;1800;1800
OutputStation0;35.50;3.50;267;193;31;35.3998051968239;562.5239644849374;4.04444444444448;79.65388888888879;8.612903225806452;774.7617319698272;1800
OutputStation1;35.50;9.50;242;180;35;28.369130691441875;397.8638740538778;4.04444444444448;71.13694804090542;6.914285714285715;872.1208441227035;1800
OutputStation2;0.50;6.50;234;174;33;29.277821944598237;542.1261011554552;4.04444444444448;82.8027777777778;7.090909090909091;901.4406565398872;1800
