Ident;X;Y;Transfers;InjectedTransfers;PodsHandled;PodHandlingTimeAvg;PodHandlingTimeVar;PodHandlingTimeMin;PodHandlingTimeMax;PileOn;IdleTime;UpTime
InputStation0;0.50;12.50;0;0;0;0;0;0;0;0;1800;1800
OutputStation0;35.50;3.50;254;189;31;33.16163733949103;326.1623945151991;4.04444444444448;70.58555555555549;8.193548387096774;824.7292568616028;1800
OutputStation1;35.50;9.50;226;158;35;26.289721708442066;371.7206447552058;4.04444444444448;79.45388888888965;6.457142857142857;932.7813490443823;1800
OutputStation2;0.50;6.50;274;210;32;33.96136047818768;278.2029213358662;4.071666666666488;70.45398268030272;8.5625;748.0389539086152;1800
