Ident;X;Y;Transfers;InjectedTransfers;PodsHandled;PodHandlingTimeAvg;PodHandlingTimeVar;PodHandlingTimeMin;PodHandlingTimeMax;PileOn;IdleTime;UpTime
InputStation0;0.50;12.50;0;0;0;0;0;0;0;0;1800;1800
OutputStation0;35.50;3.50;278;219;32;35.86616657498362;320.6239067156892;4.084350653030924;73.56018758282562;8.6875;732.9601518736455;1800
OutputStation1;35.50;9.50;240;182;34;29.170199260115574;321.30046043081427;4.04444444444448;76.0634271247464;7.0588235294117645;879.1962187775072;1800
OutputStation2;0.50;6.50;273;217;31;35.53872201156698;498.7389696674379;4.264444444444052;78.28999999999996;8.806451612903226;750.697503879896;1800
