Ident;X;Y;Transfers;InjectedTransfers;PodsHandled;PodHandlingTimeAvg;PodHandlingTimeVar;PodHandlingTimeMin;PodHandlingTimeMax;PileOn;IdleTime;UpTime
InputStation0;0.50;12.50;0;0;0;0;0;0;0;0;1800;1800
OutputStation0;35.50;3.50;284;214;31;37.753521621391364;324.26731060293787;8.206284308089835;83.09852091615886;9.161290322580646;715.743701306056;1800
OutputStation1;35.50;9.50;243;180;34;29.033205161393482;310.28274869064785;4.04444444444448;62.242777777777974;7.147058823529412;866.5782104868134;1800
OutputStation2;0.50;6.50;214;150;34;24.839136745499065;229.7376210568547;4.04444444444448;58.15342712474637;6.294117647058823;977.3000143858442;1800
