Ident;X;Y;Transfers;InjectedTransfers;PodsHandled;PodHandlingTimeAvg;PodHandlingTimeVar;PodHandlingTimeMin;PodHandlingTimeMax;PileOn;IdleTime;UpTime
InputStation0;0.50;12.50;0;0;0;0;0;0;0;0;1800;1800
OutputStation0;35.50;3.50;255;188;32;32.62882530640783;420.2718965560359;4.04444444444448;78.7017532651563;7.96875;825.9074676318089;1800
OutputStation1;35.50;9.50;232;163;37;25.992002066803092;340.03413930350746;4.04444444444448;76.28064934696829;6.27027027027027;916.0241414914377;1800
OutputStation2;0.50;6.50;259;187;32;32.86699066581448;366.22258402302236;4.241111111110968;84.59815294343059;8.09375;806.3805339767749;1800
