Ident;X;Y;Transfers;InjectedTransfers;PodsHandled;PodHandlingTimeAvg;PodHandlingTimeVar;PodHandlingTimeMin;PodHandlingTimeMax;PileOn;IdleTime;UpTime
InputStation0;0.50;12.50;0;0;0;0;0;0;0;0;1800;1800
OutputStation0;35.50;3.50;253;193;31;33.521797933724656;573.8124078102976;4.04444444444448;84.25777777777785;8.161290322580646;829.5632973686943;1800
OutputStation1;35.50;9.50;269;190;31;35.628279337862516;396.7606924007332;8.303888888889105;85.28000000000043;8.67741935483871;774.5935137232511;1800
OutputStation2;0.50;6.50;242;178;32;31.20392609253496;386.28529628238573;4.072128430809244;76.7055555555562;7.5625;879.2835068136649;1800
