Ident;X;Y;Transfers;InjectedTransfers;PodsHandled;PodHandlingTimeAvg;PodHandlingTimeVar;PodHandlingTimeMin;PodHandlingTimeMax;PileOn;IdleTime;UpTime
InputStation0;0.50;12.50;0;0;0;0;0;0;0;0;1800;1800
OutputStation0;31.50;3.50;173;137;27;66.98002057613168;1949.44570737315;12.107222222222617;165.94768398636484;6.407407407407407;105.12388169595326;1800
OutputStation1;31.50;9.50;173;126;30;59.444166906430766;901.587788373148;21.51611111111106;125.98676045807923;5.766666666666667;105.30870849898794;1800
OutputStation2;0.50;6.50;175;137;23;79.02607848801094;1804.0774338580418;12.944999999999936;174.49222222222375;7.608695652173913;90.24976925962633;1800
