Ident;X;Y;Transfers;InjectedTransfers;PodsHandled;PodHandlingTimeAvg;PodHandlingTimeVar;PodHandlingTimeMin;PodHandlingTimeMax;PileOn;IdleTime;UpTime
InputStation0;0.50;12.50;0;0;0;0;0;0;0;0;1800;1800
OutputStation0;35.50;3.50;274;216;30;36.22991413969661;394.37172010601586;4.1864862767652085;80.78166666666732;9.133333333333333;753.0200071929166;1800
OutputStation1;35.50;9.50;224;162;36;25.392754329924443;298.1705269172679;4.142777777777383;76.54444444444448;6.222222222222222;943.6749134014966;1800
OutputStation2;0.50;6.50;252;189;32;32.45466720790717;245.03287745974131;4.2916666666667425;66.13935065303099;7.875;838.7174026121187;1800
