Ident;X;Y;Transfers;InjectedTransfers;PodsHandled;PodHandlingTimeAvg;PodHandlingTimeVar;PodHandlingTimeMin;PodHandlingTimeMax;PileOn;IdleTime;UpTime
InputStation0;0.50;12.50;0;0;0;0;0;0;0;0;1800;1800
OutputStation0;35.50;3.50;239;171;32;30.204115032891032;298.3665069828549;4.420000000000073;78.62731601363498;7.46875;887.4357287525338;1800
OutputStation1;35.50;9.50;205;147;38;22.257902141427284;280.37492891957567;4.179999999999893;67.52490620858703;5.394736842105263;1020.103109785906;1800
OutputStation2;0.50;6.50;225;161;35;25.21705792704225;261.11120671571547;4.044444444444423;58.130555555556384;6.428571428571429;939.0005555555466;1800
