Ident;X;Y;Transfers;InjectedTransfers;PodsHandled;PodHandlingTimeAvg;PodHandlingTimeVar;PodHandlingTimeMin;PodHandlingTimeMax;PileOn;IdleTime;UpTime
InputStation0;0.50;12.50;0;0;0;0;0;0;0;0;1800;1800
OutputStation0;35.50;3.50;261;185;31;34.681221663522436;358.0361902325761;4.04444444444448;83.87962483434876;8.419354838709678;801.293744747023;1800
OutputStation1;35.50;9.50;259;189;34;31.27387000200519;328.4482490243755;8.202871569189938;71.82277777777836;7.617647058823529;808.3479725535212;1800
OutputStation2;0.50;6.50;232;172;34;28.196146549420618;489.54398786481323;4.08055555555552;83.40444444444461;6.823529411764706;908.4958369297836;1800
