Ident;X;Y;Transfers;InjectedTransfers;PodsHandled;PodHandlingTimeAvg;PodHandlingTimeVar;PodHandlingTimeMin;PodHandlingTimeMax;PileOn;IdleTime;UpTime
InputStation0;0.50;12.50;0;0;0;0;0;0;0;0;1800;1800
OutputStation0;35.50;3.50;272;205;30;37.44745093696963;729.8372879402789;4.205000000000041;84.47574313838123;9.066666666666666;755.4451803898987;1800
OutputStation1;35.50;9.50;225;167;36;25.392332652427214;243.94403241485557;4.091111111111104;66.56166666666647;6.25;939.6660820560057;1800
OutputStation2;0.50;6.50;235;169;34;28.119934852079357;452.44182905785755;4.125;81.22157287525238;6.911764705882353;901.0817964227022;1800
