Ident;X;Y;Transfers;InjectedTransfers;PodsHandled;PodHandlingTimeAvg;PodHandlingTimeVar;PodHandlingTimeMin;PodHandlingTimeMax;PileOn;IdleTime;UpTime
InputStation0;0.50;12.50;0;0;0;0;0;0;0;0;1800;1800
OutputStation0;35.50;3.50;271;206;31;36.015991482111495;594.7722378408047;4.288888888888778;84.46731601363513;8.741935483870968;757.6834777586308;1800
OutputStation1;35.50;9.50;247;172;33;30.454935284129192;305.7869750382866;8.08888888888896;75.86425686161863;7.484848484848484;851.3397258186826;1800
OutputStation2;0.50;6.50;223;152;33;27.817309239470315;373.1354883301696;4.08055555555552;75.29009379141272;6.757575757575758;944.4984777586263;1800
