Ident;X;Y;Transfers;InjectedTransfers;PodsHandled;PodHandlingTimeAvg;PodHandlingTimeVar;PodHandlingTimeMin;PodHandlingTimeMax;PileOn;IdleTime;UpTime
InputStation0;0.50;12.50;0;0;0;0;0;0;0;0;1800;1800
OutputStation0;35.50;3.50;263;194;32;33.607352542944014;567.6866797823874;4.04444444444448;75.24073594545916;8.21875;794.5440839480215;1800
OutputStation1;35.50;9.50;255;189;33;30.85262276656044;399.74754658762913;4.04444444444448;70.02751078938212;7.7272727272727275;822.5829288291818;1800
OutputStation2;0.50;6.50;238;171;33;28.905903188613525;442.75808654273277;4.071666666666488;79.97751078938302;7.212121212121212;889.9899640354533;1800
