Ident;X;Y;Transfers;InjectedTransfers;PodsHandled;PodHandlingTimeAvg;PodHandlingTimeVar;PodHandlingTimeMin;PodHandlingTimeMax;PileOn;IdleTime;UpTime
InputStation0;0.50;12.50;0;0;0;0;0;0;0;0;1800;1800
OutputStation0;35.50;3.50;273;198;32;35.23503156646144;396.7765855152714;4.136111111110495;73.48176045807998;8.53125;752.481724493432;1800
OutputStation1;35.50;9.50;283;215;32;35.90084573159659;295.7878210450898;4.04444444444448;72.5333333333333;8.84375;719.468910467664;1800
OutputStation2;0.50;6.50;247;177;32;31.615370445296975;475.56419807587974;4.04444444444448;79.49222222222204;7.71875;855.2491846490068;1800
