Ident;X;Y;Transfers;InjectedTransfers;PodsHandled;PodHandlingTimeAvg;PodHandlingTimeVar;PodHandlingTimeMin;PodHandlingTimeMax;PileOn;IdleTime;UpTime
InputStation0;0.50;12.50;0;0;0;0;0;0;0;0;1800;1800
OutputStation0;35.50;3.50;235;175;30;31.83128114392242;388.33289821186224;4.194444444444343;77.98842712474539;7.833333333333333;901.3943650388779;1800
OutputStation1;35.50;9.50;254;202;34;30.993951701351826;299.64368126759246;4.04444444444448;74.4851803899021;7.470588235294118;826.1615656823283;1800
OutputStation2;0.50;6.50;217;165;35;25.415991960736076;318.24549674034324;4.04444444444448;69.96555555555585;6.2;969.6933333333454;1800
