Ident;X;Y;Transfers;InjectedTransfers;PodsHandled;PodHandlingTimeAvg;PodHandlingTimeVar;PodHandlingTimeMin;PodHandlingTimeMax;PileOn;IdleTime;UpTime
InputStation0;0.50;12.50;0;0;0;0;0;0;0;0;1800;1800
OutputStation0;35.50;3.50;245;184;33;30.656865709781044;367.5914464826523;4.04444444444448;74.83833333333337;7.424242424242424;859.4614270213399;1800
OutputStation1;35.50;9.50;239;174;34;29.020479373351197;235.1850849896345;4.04444444444448;71.57000000000005;7.029411764705882;882.8235236566358;1800
OutputStation2;0.50;6.50;218;159;36;25.016298378326393;342.6490282947834;4.04444444444448;67.75611111111289;6.055555555555555;962.9452471216586;1800
