Ident;X;Y;Transfers;InjectedTransfers;PodsHandled;PodHandlingTimeAvg;PodHandlingTimeVar;PodHandlingTimeMin;PodHandlingTimeMax;PileOn;IdleTime;UpTime
InputStation0;0.50;12.50;0;0;0;0;0;0;0;0;1800;1800
OutputStation0;35.50;3.50;234;166;34;28.175860919043213;252.81057010512512;4.04444444444448;67.12277777777763;6.882352941176471;902.343210770241;1800
OutputStation1;35.50;9.50;264;199;32;33.65372948312841;371.05789235632335;8.102222222222508;81.16111111111144;8.25;786.9785715500162;1800
OutputStation2;0.50;6.50;255;192;32;31.66286458333347;335.0025688254443;4.160461764142724;83.7911111111116;7.96875;821.6722949552255;1800
