Ident;X;Y;Transfers;InjectedTransfers;PodsHandled;PodHandlingTimeAvg;PodHandlingTimeVar;PodHandlingTimeMin;PodHandlingTimeMax;PileOn;IdleTime;UpTime
InputStation0;0.50;12.50;0;0;0;0;0;0;0;0;1800;1800
OutputStation0;35.50;3.50;255;184;31;33.62323465100996;582.7163290193082;4.0887950974761225;82.21222222222264;8.225806451612904;824.835375165636;1800
OutputStation1;35.50;9.50;268;198;32;34.352913735684915;484.5632420165816;4.04444444444448;74.91611111111109;8.375;777.6770130606335;1800
OutputStation2;0.50;6.50;247;184;33;30.839629847597312;468.59967979442155;4.04444444444448;80.05277777777803;7.484848484848484;853.0528931479688;1800
