Ident;X;Y;Transfers;InjectedTransfers;PodsHandled;PodHandlingTimeAvg;PodHandlingTimeVar;PodHandlingTimeMin;PodHandlingTimeMax;PileOn;IdleTime;UpTime
InputStation0;0.50;12.50;0;0;0;0;0;0;0;0;1800;1800
OutputStation0;35.50;3.50;239;170;35;27.750680065440157;250.37307493233558;4.256111111111096;62.85333333333318;6.828571428571428;884.3535643571065;1800
OutputStation1;35.50;9.50;218;154;37;24.43308061298119;271.4287646803054;4.04444444444448;67.2442568616184;5.891891891891892;966.6030591520159;1800
OutputStation2;0.50;6.50;241;179;33;29.776301980624293;441.135120568381;4.053888888888878;75.50212843080863;7.303030303030303;877.8132035773051;1800
