Ident;X;Y;Transfers;InjectedTransfers;PodsHandled;PodHandlingTimeAvg;PodHandlingTimeVar;PodHandlingTimeMin;PodHandlingTimeMax;PileOn;IdleTime;UpTime
InputStation0;0.50;12.50;0;0;0;0;0;0;0;0;1800;1800
OutputStation0;35.50;3.50;281;211;29;39.79511568662446;557.2244382423748;4.0457431383840685;78.04444444444539;9.689655172413794;722.8507140832664;1800
OutputStation1;35.50;9.50;224;163;37;24.960552243039253;305.16824576567325;4.04444444444448;69.26833333333366;6.054054054054054;939.851154268646;1800
OutputStation2;0.50;6.50;251;178;35;29.028909710389865;265.28926076870465;4.04444444444448;74.34990620858707;7.171428571428572;844.2598558581445;1800
