Ident;X;Y;Transfers;InjectedTransfers;PodsHandled;PodHandlingTimeAvg;PodHandlingTimeVar;PodHandlingTimeMin;PodHandlingTimeMax;PileOn;IdleTime;UpTime
InputStation0;0.50;12.50;0;0;0;0;0;0;0;0;1800;1800
OutputStation0;35.50;3.50;234;172;35;27.635663370375386;278.22440342677174;4.04444444444448;70.3744444444445;6.685714285714286;902.4940333141286;1800
OutputStation1;35.50;9.50;244;183;33;29.407952030241777;329.2222326798217;4.044444444444423;75.42444444444618;7.393939393939394;868.2366594736936;1800
OutputStation2;0.50;6.50;254;186;32;32.902738317487525;357.58609293916686;4.221760458079871;71.66111111111127;7.9375;823.0508441227408;1800
