Ident;X;Y;Transfers;InjectedTransfers;PodsHandled;PodHandlingTimeAvg;PodHandlingTimeVar;PodHandlingTimeMin;PodHandlingTimeMax;PileOn;IdleTime;UpTime
InputStation0;0.50;12.50;0;0;0;0;0;0;0;0;1800;1800
OutputStation0;35.50;3.50;236;174;32;29.554464961316025;337.97143413754014;4.1994444444444525;70.5961111111103;7.375;890.4496176414194;1800
OutputStation1;35.50;9.50;253;195;31;33.04560559737746;463.2154716519164;4.066111111110786;79.18498561415709;8.161290322580646;829.2083549121255;1800
OutputStation2;0.50;6.50;220;151;34;26.56141350447097;351.5065889236001;4.04444444444448;73.45824673484202;6.470588235294118;957.0426552146417;1800
