Ident;X;Y;Transfers;InjectedTransfers;PodsHandled;PodHandlingTimeAvg;PodHandlingTimeVar;PodHandlingTimeMin;PodHandlingTimeMax;PileOn;IdleTime;UpTime
InputStation0;0.50;12.50;0;0;0;0;0;0;0;0;1800;1800
OutputStation0;35.50;3.50;217;157;34;26.28304439031637;437.7293216183762;4.044444444444423;81.65055555555682;6.382352941176471;967.7958910006598;1800
OutputStation1;35.50;9.50;257;196;32;32.76754703484659;536.150736384483;4.04444444444448;78.15611111111127;8.03125;810.5176480217456;1800
OutputStation2;0.50;6.50;264;184;32;33.992953731172896;346.3409479836724;4.04444444444448;82.16147908384005;8.25;785.6441884732762;1800
