Ident;X;Y;Transfers;InjectedTransfers;PodsHandled;PodHandlingTimeAvg;PodHandlingTimeVar;PodHandlingTimeMin;PodHandlingTimeMax;PileOn;IdleTime;UpTime
InputStation0;0.50;12.50;0;0;0;0;0;0;0;0;1800;1800
OutputStation0;35.50;3.50;240;177;33;29.744275440373958;367.6003672018071;4.07166666666626;75.5654617641427;7.2727272727272725;876.5763490443942;1800
OutputStation1;35.50;9.50;249;181;36;28.50078563054061;343.15474959683274;4.044444444444423;84.47444444444432;6.916666666666667;846.724451637365;1800
OutputStation2;0.50;6.50;230;169;34;28.114293992380293;481.60971520670347;4.04444444444448;79.50287156919046;6.764705882352941;917.4462843080954;1800
