Ident;X;Y;Transfers;InjectedTransfers;PodsHandled;PodHandlingTimeAvg;PodHandlingTimeVar;PodHandlingTimeMin;PodHandlingTimeMax;PileOn;IdleTime;UpTime
InputStation0;0.50;12.50;0;0;0;0;0;0;0;0;1800;1800
OutputStation0;35.50;3.50;283;205;30;38.435086819359995;593.0711772713191;4.04444444444448;83.38555555555513;9.433333333333334;717.2364359262959;1800
OutputStation1;35.50;9.50;255;191;34;30.80261183207034;337.2344818589398;8.125;84.02194084798157;7.5;823.7482470182664;1800
OutputStation2;0.50;6.50;258;186;31;34.32002653367573;392.84371188515127;4.04444444444448;75.6094444444442;8.32258064516129;809.7458872802479;1800
