Ident;X;Y;Transfers;InjectedTransfers;PodsHandled;PodHandlingTimeAvg;PodHandlingTimeVar;PodHandlingTimeMin;PodHandlingTimeMax;PileOn;IdleTime;UpTime
InputStation0;0.50;12.50;0;0;0;0;0;0;0;0;1800;1800
OutputStation0;35.50;3.50;235;163;34;28.367393685071093;397.1110377447006;4.04444444444448;85.42074313838259;6.911764705882353;898.9361833237474;1800
OutputStation1;35.50;9.50;220;154;35;25.673420532164773;222.1117165826758;4.04444444444448;66.0155555555566;6.285714285714286;956.0448339959415;1800
OutputStation2;0.50;6.50;249;192;32;31.442271374573846;452.2472650644683;4.04444444444448;71.94944444444457;7.78125;848.9915225248046;1800
