Ident;X;Y;Transfers;InjectedTransfers;PodsHandled;PodHandlingTimeAvg;PodHandlingTimeVar;PodHandlingTimeMin;PodHandlingTimeMax;PileOn;IdleTime;UpTime
InputStation0;0.50;12.50;0;0;0;0;0;0;0;0;1800;1800
OutputStation0;35.50;3.50;292;216;27;44.00116615839838;534.7054149755261;16.583239541920307;79.3345382358574;10.814814814814815;681.9578209352902;1800
OutputStation1;35.50;9.50;272;208;33;34.13287616368232;509.6214025306455;4.04444444444448;80.88009379141283;8.242424242424242;756.3689395227493;1800
OutputStation2;0.50;6.50;229;159;33;28.59100179248569;484.2501398789456;4.185555555555538;79.21443725152278;6.9393939393939394;921.679776452568;1800
