Ident;X;Y;Transfers;InjectedTransfers;PodsHandled;PodHandlingTimeAvg;PodHandlingTimeVar;PodHandlingTimeMin;PodHandlingTimeMax;PileOn;IdleTime;UpTime
InputStation0;0.50;12.50;0;0;0;0;0;0;0;0;1800;1800
OutputStation0;35.50;3.50;258;189;32;33.03289908077684;540.7225556742036;4.072222222222081;81.11213562373086;8.0625;811.7207865793316;1800
OutputStation1;35.50;9.50;248;183;34;29.688089081520378;340.5026303998157;4.04444444444448;76.1405555555566;7.294117647058823;849.3770993757016;1800
OutputStation2;0.50;6.50;250;184;30;34.50250649252474;529.9502482907889;4.117222222221926;84.12407647171517;8.333333333333334;843.9376549312337;1800
