Ident;X;Y;Transfers;InjectedTransfers;PodsHandled;PodHandlingTimeAvg;PodHandlingTimeVar;PodHandlingTimeMin;PodHandlingTimeMax;PileOn;IdleTime;UpTime
InputStation0;0.50;12.50;0;0;0;0;0;0;0;0;1800;1800
OutputStation0;35.50;3.50;274;204;32;35.408671987389496;436.2073808186879;4.127777777777737;79.62444444444463;8.5625;751.5456781186806;1800
OutputStation1;35.50;9.50;253;194;35;29.52373263297277;410.5269215450702;4.198888888888632;76.08222222222264;7.228571428571429;830.007150009581;1800
OutputStation2;0.50;6.50;273;200;30;37.51633285380532;446.49883432318376;12.205923528285211;76.9628715691922;9.1;752.0355989965414;1800
