Ident;X;Y;Transfers;InjectedTransfers;PodsHandled;PodHandlingTimeAvg;PodHandlingTimeVar;PodHandlingTimeMin;PodHandlingTimeMax;PileOn;IdleTime;UpTime
InputStation0;0.50;12.50;0;0;0;0;0;0;0;0;1800;1800
OutputStation0;35.50;3.50;197;137;36;22.346403921380826;353.9165462307369;4.0525901949520176;81.21500000000049;5.472222222222222;1043.53468985406;1800
OutputStation1;35.50;9.50;247;188;33;30.953241067691803;369.0701477597514;4.147871569190613;79.17611111111182;7.484848484848484;855.9632539277519;1800
OutputStation2;0.50;6.50;262;189;35;30.64276211027404;246.28842925706942;8.078427124746185;74.69564934696882;7.485714285714286;798.4253751656494;1800
