Ident;X;Y;Transfers;InjectedTransfers;PodsHandled;PodHandlingTimeAvg;PodHandlingTimeVar;PodHandlingTimeMin;PodHandlingTimeMax;PileOn;IdleTime;UpTime
InputStation0;0.50;12.50;0;0;0;0;0;0;0;0;1800;1800
OutputStation0;35.50;3.50;230;159;34;27.336820658712952;286.1787601739091;4.04444444444448;75.33967298109837;6.764705882352941;918.4044638344848;1800
OutputStation1;35.50;9.50;244;186;34;29.543017285084208;321.2117509823399;4.04444444444448;75.22750359646125;7.176470588235294;862.5810348043724;1800
OutputStation2;0.50;6.50;249;185;32;31.536961952144285;474.40731133338204;4.04444444444448;68.92277777777787;7.78125;846.9805043099361;1800
