Ident;X;Y;Transfers;InjectedTransfers;PodsHandled;PodHandlingTimeAvg;PodHandlingTimeVar;PodHandlingTimeMin;PodHandlingTimeMax;PileOn;IdleTime;UpTime
InputStation0;0.50;12.50;0;0;0;0;0;0;0;0;1800;1800
OutputStation0;35.50;3.50;243;171;34;29.05785650699657;440.2392851624243;4.063239541920893;84.39879509747605;7.147058823529412;868.2926624075949;1800
OutputStation1;35.50;9.50;288;236;29;41.02644026382759;727.3301164861078;4.04444444444448;84.17787156919059;9.931034482758621;692.8209235282668;1800
OutputStation2;0.50;6.50;262;195;34;31.837439734551825;401.4705062243661;4.04444444444448;77.17963202726995;7.705882352941177;797.0737375540784;1800
