Ident;X;Y;Transfers;InjectedTransfers;PodsHandled;PodHandlingTimeAvg;PodHandlingTimeVar;PodHandlingTimeMin;PodHandlingTimeMax;PileOn;IdleTime;UpTime
InputStation0;0.50;12.50;0;0;0;0;0;0;0;0;1800;1800
OutputStation0;35.50;3.50;251;188;33;31.454157595256135;417.74764529684217;4.047683986364973;83.11342712474625;7.606060606060606;838.7214284499466;1800
OutputStation1;35.50;9.50;231;162;33;28.589679916712697;224.401941328091;4.11888888888916;58.9845382358576;7;916.8403607797827;1800
OutputStation2;0.50;6.50;258;192;35;29.461258916739233;332.6898222621836;4.170555555555666;81.0313780995067;7.371428571428571;813.5941340150767;1800
