Ident;X;Y;Transfers;InjectedTransfers;PodsHandled;PodHandlingTimeAvg;PodHandlingTimeVar;PodHandlingTimeMin;PodHandlingTimeMax;PileOn;IdleTime;UpTime
InputStation0;0.50;12.50;0;0;0;0;0;0;0;0;1800;1800
OutputStation0;35.50;3.50;247;184;31;32.28679602931854;445.13137531803903;4.044444444444423;77.81888888888943;7.967741935483871;853.5649999999891;1800
OutputStation1;35.50;9.50;275;212;31;36.51518479846885;544.4995750536706;4.14222222222179;78.82574313838138;8.870967741935484;745.0234055459914;1800
OutputStation2;0.50;6.50;243;186;32;31.354247835037988;452.0109772025703;4.04444444444448;75.36500000000024;7.59375;871.219978421225;1800
