Ident;X;Y;Transfers;InjectedTransfers;PodsHandled;PodHandlingTimeAvg;PodHandlingTimeVar;PodHandlingTimeMin;PodHandlingTimeMax;PileOn;IdleTime;UpTime
InputStation0;0.50;12.50;0;0;0;0;0;0;0;0;1800;1800
OutputStation0;35.50;3.50;247;183;32;31.80065679124031;461.65119470670214;4.04444444444448;81.35435065302977;7.71875;855.6165081389345;1800
OutputStation1;35.50;9.50;231;166;31;30.8140408705935;446.5814255441551;4.04444444444448;84.03453823585733;7.451612903225806;918.7366016469391;1800
OutputStation2;0.50;6.50;248;191;32;31.817155259201904;586.2499179262152;4.08055555555552;82.01509379141362;7.75;849.8272944348622;1800
