Ident;X;Y;Transfers;InjectedTransfers;PodsHandled;PodHandlingTimeAvg;PodHandlingTimeVar;PodHandlingTimeMin;PodHandlingTimeMax;PileOn;IdleTime;UpTime
InputStation0;0.50;12.50;0;0;0;0;0;0;0;0;1800;1800
OutputStation0;35.50;3.50;231;164;32;29.88182517331207;377.784485477439;4.1749999999999545;80.6280447661731;7.21875;913.4559967421001;1800
OutputStation1;35.50;9.50;242;185;36;27.01105098901611;274.8843434406616;4.119444444444525;63.2139898732234;6.722222222222222;874.0475758091137;1800
OutputStation2;0.50;6.50;236;167;33;29.57104813459212;301.39131261675703;8.160555555555447;84.0585137232377;7.151515151515151;895.4181386962384;1800
