Ident;X;Y;Transfers;InjectedTransfers;PodsHandled;PodHandlingTimeAvg;PodHandlingTimeVar;PodHandlingTimeMin;PodHandlingTimeMax;PileOn;IdleTime;UpTime
InputStation0;0.50;12.50;0;0;0;0;0;0;0;0;1800;1800
OutputStation0;35.50;3.50;247;182;31;32.42072033546733;476.1531532918094;4.04444444444448;85.65823954192024;7.967741935483871;853.6992928262293;1800
OutputStation1;35.50;9.50;242;174;36;27.667680573961434;269.0322004681385;4.04444444444448;80.33842712474615;6.722222222222222;875.9089251368961;1800
OutputStation2;0.50;6.50;270;206;31;35.97635898163902;390.37249299308115;4.074444444444225;79.340743138383;8.709677419354838;767.1362264812767;1800
