Ident;X;Y;Transfers;InjectedTransfers;PodsHandled;PodHandlingTimeAvg;PodHandlingTimeVar;PodHandlingTimeMin;PodHandlingTimeMax;PileOn;IdleTime;UpTime
InputStation0;0.50;12.50;0;0;0;0;0;0;0;0;1800;1800
OutputStation0;35.50;3.50;264;197;32;33.92890918098194;678.1612001663601;4.04444444444448;82.0622222222223;8.25;788.978138557609;1800
OutputStation1;35.50;9.50;277;203;29;39.315849380250796;657.8661148245521;4.357683986365146;85.50805195909561;9.551724137931034;742.3058225439638;1800
OutputStation2;0.50;6.50;295;225;28;43.2230352005059;544.446417879102;12.697222222222194;87.34277777777781;10.535714285714286;675.805144425281;1800
