Ident;X;Y;Transfers;InjectedTransfers;PodsHandled;PodHandlingTimeAvg;PodHandlingTimeVar;PodHandlingTimeMin;PodHandlingTimeMax;PileOn;IdleTime;UpTime
InputStation0;0.50;12.50;0;0;0;0;0;0;0;0;1800;1800
OutputStation0;35.50;3.50;245;183;33;30.376677817355322;523.4022249795566;4.04444444444448;78.98500000000058;7.424242424242424;859.808051959086;1800
OutputStation1;35.50;9.50;265;203;32;33.662731781186665;279.2930975655195;4.04444444444448;69.15620490252401;8.28125;784.4623954192163;1800
OutputStation2;0.50;6.50;251;194;33;30.955569548408327;492.193677097957;4.04444444444448;81.56722222222254;7.606060606060606;835.5317748439322;1800
