Ident;X;Y;Transfers;InjectedTransfers;PodsHandled;PodHandlingTimeAvg;PodHandlingTimeVar;PodHandlingTimeMin;PodHandlingTimeMax;PileOn;IdleTime;UpTime
InputStation0;0.50;12.50;0;0;0;0;0;0;0;0;1800;1800
OutputStation0;35.50;3.50;247;174;31;32.33874854524271;390.1414783157003;12.122871569190693;81.67907647171438;7.967741935483871;856.917308820698;1800
OutputStation1;35.50;9.50;248;188;35;29.32089692815299;311.79598746635463;4.04444444444448;76.0120346393976;7.085714285714285;852.6777055651482;1800
OutputStation2;0.50;6.50;247;181;30;33.74876839863656;529.6794996429975;8.464444444444553;81.9283333333334;8.233333333333333;852.4215584894231;1800
