Ident;X;Y;Transfers;InjectedTransfers;PodsHandled;PodHandlingTimeAvg;PodHandlingTimeVar;PodHandlingTimeMin;PodHandlingTimeMax;PileOn;IdleTime;UpTime
InputStation0;0.50;12.50;0;0;0;0;0;0;0;0;1800;1800
OutputStation0;35.50;3.50;231;174;34;27.6546734141711;516.9375795818404;4.04444444444448;79.56999280707839;6.794117647058823;915.7946826611459;1800
OutputStation1;35.50;9.50;278;220;32;35.595335273516845;493.0558503583965;4.08055555555552;77.25277777777796;8.6875;733.1118686353278;1800
OutputStation2;0.50;6.50;245;185;36;28.01075857835295;175.56754306276557;4.226753265153093;70.72166666666669;6.805555555555555;865.1995238499818;1800
