Ident;X;Y;Transfers;InjectedTransfers;PodsHandled;PodHandlingTimeAvg;PodHandlingTimeVar;PodHandlingTimeMin;PodHandlingTimeMax;PileOn;IdleTime;UpTime
InputStation0;0.50;12.50;0;0;0;0;0;0;0;0;1800;1800
OutputStation0;35.50;3.50;272;199;31;36.088354213548094;579.5978196115495;4.204999999999927;79.4577777777775;8.774193548387096;756.9789847405907;1800
OutputStation1;35.50;9.50;295;226;29;41.921363139411596;595.382548118127;4.04444444444448;83.6115656823315;10.172413793103448;669.2602854948744;1800
OutputStation2;0.50;6.50;231;170;34;26.066318012269825;370.2421369603934;4.04444444444448;76.70833333333326;6.794117647058823;916.3219264621334;1800
