Ident;X;Y;Transfers;InjectedTransfers;PodsHandled;PodHandlingTimeAvg;PodHandlingTimeVar;PodHandlingTimeMin;PodHandlingTimeMax;PileOn;IdleTime;UpTime
InputStation0;0.50;12.50;0;0;0;0;0;0;0;0;1800;1800
OutputStation0;35.50;3.50;258;198;34;30.339665350014823;302.4753413559992;4.04444444444448;66.55611111111114;7.588235294117647;815.8680663449213;1800
OutputStation1;35.50;9.50;235;178;34;28.44647865239196;360.7116019712877;4.04444444444448;73.3278715691913;6.911764705882353;894.2436003217455;1800
OutputStation2;0.50;6.50;239;183;34;28.782085986125903;401.2370386904176;4.047590194951908;80.75611111111095;7.029411764705882;884.8212049025237;1800
