Ident;X;Y;Transfers;InjectedTransfers;PodsHandled;PodHandlingTimeAvg;PodHandlingTimeVar;PodHandlingTimeMin;PodHandlingTimeMax;PileOn;IdleTime;UpTime
InputStation0;0.50;12.50;0;0;0;0;0;0;0;0;1800;1800
OutputStation0;35.50;3.50;228;163;34;27.669578133526063;459.81503523623746;4.04444444444448;86.27129869393752;6.705882352941177;928.6411833237454;1800
OutputStation1;35.50;9.50;234;166;35;27.601555350043498;329.65903352979825;4.04444444444448;68.28731601363575;6.685714285714286;901.9034849515433;1800
OutputStation2;0.50;6.50;251;185;32;31.459858854465974;475.0899894285449;4.13611111111112;83.77038235857333;7.84375;841.4936941131255;1800
