Ident;X;Y;Transfers;InjectedTransfers;PodsHandled;PodHandlingTimeAvg;PodHandlingTimeVar;PodHandlingTimeMin;PodHandlingTimeMax;PileOn;IdleTime;UpTime
InputStation0;0.50;12.50;0;0;0;0;0;0;0;0;1800;1800
OutputStation0;35.50;3.50;260;205;30;35.58697258186839;223.8827003633412;4.04444444444448;67.3023088207135;8.666666666666666;802.7393866176328;1800
OutputStation1;35.50;9.50;237;182;34;28.403913504471184;324.6151571274179;4.08055555555552;74.6257431383824;6.970588235294118;891.7557143666959;1800
OutputStation2;0.50;6.50;244;195;33;29.93844178008985;372.0095307314477;4.099444444444373;84.91435065303108;7.393939393939394;869.5713855758648;1800
