Ident;X;Y;Transfers;InjectedTransfers;PodsHandled;PodHandlingTimeAvg;PodHandlingTimeVar;PodHandlingTimeMin;PodHandlingTimeMax;PileOn;IdleTime;UpTime
InputStation0;0.50;12.50;0;0;0;0;0;0;0;0;1800;1800
OutputStation0;35.50;3.50;250;190;34;28.7620777104131;315.2837022232442;4.04444444444448;79.08805915201663;7.352941176470588;840.0778281282151;1800
OutputStation1;35.50;9.50;226;164;35;25.999074005569874;306.72482892272143;4.04444444444448;72.71240980504768;6.457142857142857;937.8820921827638;1800
OutputStation2;0.50;6.50;221;158;34;26.65085921825474;296.4033013374;4.117683986364909;73.03965360603888;6.5;948.29038179171;1800
