Ident;X;Y;Transfers;InjectedTransfers;PodsHandled;PodHandlingTimeAvg;PodHandlingTimeVar;PodHandlingTimeMin;PodHandlingTimeMax;PileOn;IdleTime;UpTime
InputStation0;0.50;12.50;0;0;0;0;0;0;0;0;1800;1800
OutputStation0;35.50;3.50;248;182;32;31.5313192196657;482.77853644158205;4.076666666666597;79.87333333333368;7.75;851.5808153510235;1800
OutputStation1;35.50;9.50;223;153;35;25.91402102701312;246.31520773021344;4.185093791412555;81.69064934696797;6.371428571428571;946.6144660232084;1800
OutputStation2;0.50;6.50;289;224;29;41.05084938025083;471.2171887469544;8.08888888888896;79.69554836263342;9.96551724137931;694.7607793864136;1800
