Ident;X;Y;Transfers;InjectedTransfers;PodsHandled;PodHandlingTimeAvg;PodHandlingTimeVar;PodHandlingTimeMin;PodHandlingTimeMax;PileOn;IdleTime;UpTime
InputStation0;0.50;12.50;0;0;0;0;0;0;0;0;1800;1800
OutputStation0;35.50;3.50;217;149;33;27.148563775175678;333.0638788390781;4.04444444444448;68.54388888888894;6.575757575757576;970.0375179822832;1800
OutputStation1;35.50;9.50;244;184;34;28.98300398893333;426.2814960834287;4.04444444444448;74.33240980504809;7.176470588235294;861.2851588111394;1800
OutputStation2;0.50;6.50;279;201;32;35.99722808418586;483.37321998865673;8.276666666666415;82.99166666666724;8.71875;730.4142062277458;1800
