Ident;X;Y;Transfers;InjectedTransfers;PodsHandled;PodHandlingTimeAvg;PodHandlingTimeVar;PodHandlingTimeMin;PodHandlingTimeMax;PileOn;IdleTime;UpTime
InputStation0;0.50;12.50;0;0;0;0;0;0;0;0;1800;1800
OutputStation0;35.50;3.50;279;215;29;38.30854480539824;500.700909127007;4.261580068177182;81.50629869393686;9.620689655172415;732.0850362480447;1800
OutputStation1;35.50;9.50;265;200;33;33.14742227212975;341.0370110094004;4.2038960818126725;72.64833333333354;8.030303030303031;785.5149928070759;1800
OutputStation2;0.50;6.50;265;199;30;35.89557118745777;433.52271801350315;4.174350653031524;80.3771212378847;8.833333333333334;786.2466594737485;1800
