Ident;X;Y;Transfers;InjectedTransfers;PodsHandled;PodHandlingTimeAvg;PodHandlingTimeVar;PodHandlingTimeMin;PodHandlingTimeMax;PileOn;IdleTime;UpTime
InputStation0;0.50;12.50;0;0;0;0;0;0;0;0;1800;1800
OutputStation0;35.50;3.50;239;173;32;30.272737418371143;439.9471892104987;4.04444444444448;79.19852091615917;7.46875;883.4413852924256;1800
OutputStation1;35.50;9.50;244;188;34;29.268966340432833;363.34727713284457;4.130555555555702;76.63299413229902;7.176470588235294;864.2090983338665;1800
OutputStation2;0.50;6.50;190;129;37;21.119048587781464;235.25486823399225;4.04444444444448;69.71453823585762;5.135135135135135;1074.1734699988854;1800
