Ident;X;Y;Transfers;InjectedTransfers;PodsHandled;PodHandlingTimeAvg;PodHandlingTimeVar;PodHandlingTimeMin;PodHandlingTimeMax;PileOn;IdleTime;UpTime
InputStation0;0.50;12.50;0;0;0;0;0;0;0;0;1800;1800
OutputStation0;35.50;3.50;204;139;34;24.854921059224424;338.8413395598302;4.04444444444448;71.66694084797973;6;1020.3317388793164;1800
OutputStation1;35.50;9.50;265;202;35;31.321214182958236;278.2613858059682;4.125;73.83564934696903;7.571428571428571;786.4142928262347;1800
OutputStation2;0.50;6.50;256;192;34;30.879098548618533;458.6604729713697;4.044444444444423;80.23371569190672;7.529411764705882;820.7890692787983;1800
