Ident;X;Y;Transfers;InjectedTransfers;PodsHandled;PodHandlingTimeAvg;PodHandlingTimeVar;PodHandlingTimeMin;PodHandlingTimeMax;PileOn;IdleTime;UpTime
InputStation0;0.50;12.50;0;0;0;0;0;0;0;0;1800;1800
OutputStation0;35.50;3.50;273;194;32;34.98131380726005;354.3353458470159;8.525555555555457;81.85787156919042;8.53125;752.488980336577;1800
OutputStation1;35.50;9.50;248;181;34;29.823064889051153;368.1228444881985;4.04444444444448;79.42935065303323;7.294117647058823;851.5054816308475;1800
OutputStation2;0.50;6.50;254;195;29;35.67877509202136;659.923545936541;4.04444444444448;80.09129869393769;8.758620689655173;825.7932680302096;1800
