Ident;X;Y;Transfers;InjectedTransfers;PodsHandled;PodHandlingTimeAvg;PodHandlingTimeVar;PodHandlingTimeMin;PodHandlingTimeMax;PileOn;IdleTime;UpTime
InputStation0;0.50;12.50;0;0;0;0;0;0;0;0;1800;1800
OutputStation0;35.50;3.50;195;141;37;21.00226453796101;219.71211919780714;4.04444444444448;71.95185424949238;5.27027027027027;1056.0056349611066;1800
OutputStation1;35.50;9.50;249;191;33;31.194699593893798;474.536956892749;4.04444444444448;80.57463202727126;7.545454545454546;841.7786509556323;1800
OutputStation2;0.50;6.50;255;189;33;31.352036383135122;413.2479075748994;4.098701306063106;75.34129869393814;7.7272727272727275;821.8085209161511;1800
