Ident;X;Y;Transfers;InjectedTransfers;PodsHandled;PodHandlingTimeAvg;PodHandlingTimeVar;PodHandlingTimeMin;PodHandlingTimeMax;PileOn;IdleTime;UpTime
InputStation0;0.50;12.50;0;0;0;0;0;0;0;0;1800;1800
OutputStation0;35.50;3.50;253;194;30;34.550997113383815;359.9825864734087;4.04444444444448;85.77666666666676;8.433333333333334;832.9520346393912;1800
OutputStation1;35.50;9.50;257;192;32;32.516119904055955;262.3067298741434;4.309350653031743;71.03842712474648;8.03125;815.3340405070942;1800
OutputStation2;0.50;6.50;236;170;35;27.494817357561388;387.7256850198643;4.04444444444448;67.52417026312878;6.742857142857143;894.2469408479783;1800
