Ident;X;Y;Transfers;InjectedTransfers;PodsHandled;PodHandlingTimeAvg;PodHandlingTimeVar;PodHandlingTimeMin;PodHandlingTimeMax;PileOn;IdleTime;UpTime
InputStation0;0.50;12.50;0;0;0;0;0;0;0;0;1800;1800
OutputStation0;35.50;3.50;248;189;35;28.83856112057705;403.2201775675853;4.04444444444448;69.47888888888872;7.085714285714285;850.6997617832901;1800
OutputStation1;35.50;9.50;280;221;31;37.1194805187681;302.31625968054277;8.36277777777741;70.6000937914132;9.03225806451613;731.6029581676789;1800
OutputStation2;0.50;6.50;256;198;32;32.81684365831728;329.3429827863249;4.04444444444448;69.0804617641429;8;817.4449640354162;1800
