Ident;X;Y;Transfers;InjectedTransfers;PodsHandled;PodHandlingTimeAvg;PodHandlingTimeVar;PodHandlingTimeMin;PodHandlingTimeMax;PileOn;IdleTime;UpTime
InputStation0;0.50;12.50;0;0;0;0;0;0;0;0;1800;1800
OutputStation0;35.50;3.50;203;143;35;23.560800868009455;258.8269477474248;4.044444444444444;63.410555555555675;5.8;1023.6509307211963;1800
OutputStation1;35.50;9.50;245;176;35;28.9014364051803;242.2465707718819;4.044444444444366;69.28500000000031;7;858.6812339576439;1800
OutputStation2;0.50;6.50;254;192;35;29.983280560288453;209.90723103681637;4.188614707574743;58.23111111111098;7.257142857142857;826.1404761499978;1800
