Ident;X;Y;Transfers;InjectedTransfers;PodsHandled;PodHandlingTimeAvg;PodHandlingTimeVar;PodHandlingTimeMin;PodHandlingTimeMax;PileOn;IdleTime;UpTime
InputStation0;0.50;12.50;0;0;0;0;0;0;0;0;1800;1800
OutputStation0;35.50;3.50;232;167;36;26.387952941301585;304.41646361688765;4.04444444444448;74.81444444444492;6.444444444444445;911.514516657088;1800
OutputStation1;35.50;9.50;245;188;32;31.21444715064733;358.10626219904134;4.061572875253773;72.40277777777771;7.65625;860.470360779808;1800
OutputStation2;0.50;6.50;254;192;31;33.675313272027026;273.89364792120756;4.047034639397225;67.40147908384006;8.193548387096774;826.8406855949949;1800
