Ident;X;Y;Transfers;InjectedTransfers;PodsHandled;PodHandlingTimeAvg;PodHandlingTimeVar;PodHandlingTimeMin;PodHandlingTimeMax;PileOn;IdleTime;UpTime
InputStation0;0.50;12.50;0;0;0;0;0;0;0;0;1800;1800
OutputStation0;35.50;3.50;215;150;36;24.322478957660334;275.23591324029866;4.04444444444448;79.15647908383926;5.972222222222222;974.0126839863573;1800
OutputStation1;35.50;9.50;243;178;34;29.486421357071;250.01979746650275;4.04444444444448;71.29398268030175;7.147058823529412;868.6076624075793;1800
OutputStation2;0.50;6.50;241;187;31;32.13905971985972;460.7341154512194;4.052965360606095;78.32166666666657;7.774193548387097;875.8274676318513;1800
