Ident;X;Y;Transfers;InjectedTransfers;PodsHandled;PodHandlingTimeAvg;PodHandlingTimeVar;PodHandlingTimeMin;PodHandlingTimeMax;PileOn;IdleTime;UpTime
InputStation0;0.50;12.50;0;0;0;0;0;0;0;0;1800;1800
OutputStation0;35.50;3.50;246;178;30;33.7782190958418;374.3873693680026;4.398795097476068;81.31166666666809;8.2;856.5439464322707;1800
OutputStation1;35.50;9.50;259;190;33;32.286817745883575;389.33426299621175;4.044444444444423;74.83398268030135;7.848484848484849;806.3237300777406;1800
OutputStation2;0.50;6.50;246;182;33;30.234764745699295;551.0492125456049;4.3789898732275105;80.8029509747596;7.454545454545454;860.4218473399849;1800
