Ident;X;Y;Transfers;InjectedTransfers;PodsHandled;PodHandlingTimeAvg;PodHandlingTimeVar;PodHandlingTimeMin;PodHandlingTimeMax;PileOn;IdleTime;UpTime
InputStation0;0.50;12.50;0;0;0;0;0;0;0;0;1800;1800
OutputStation0;35.50;3.50;256;178;32;32.98267676687147;400.2842009061734;8.08888888888896;82.3240764717159;8;820.1800578268013;1800
OutputStation1;35.50;9.50;279;219;30;37.49586459713811;463.57111571669236;4.04444444444448;79.47333333333358;9.3;732.5354545712204;1800
OutputStation2;0.50;6.50;235;165;34;28.301359813947858;233.0972949374314;8.53611111111104;75.01074313838171;6.911764705882353;901.6848124171845;1800
