Ident;X;Y;Transfers;InjectedTransfers;PodsHandled;PodHandlingTimeAvg;PodHandlingTimeVar;PodHandlingTimeMin;PodHandlingTimeMax;PileOn;IdleTime;UpTime
InputStation0;0.50;12.50;0;0;0;0;0;0;0;0;1800;1800
OutputStation0;35.50;3.50;258;197;32;33.011204003409;460.04482160257027;4.04444444444448;83.6039826803019;8.0625;812.0283258570246;1800
OutputStation1;35.50;9.50;256;192;34;31.157606314928497;386.3109136619242;4.04444444444448;80.0244444444443;7.529411764705882;818.4269983913704;1800
OutputStation2;0.50;6.50;239;179;32;30.872429881218974;509.82872211225515;4.249444444444521;80.3450000000006;7.46875;888.5843869010592;1800
