Ident;X;Y;Transfers;InjectedTransfers;PodsHandled;PodHandlingTimeAvg;PodHandlingTimeVar;PodHandlingTimeMin;PodHandlingTimeMax;PileOn;IdleTime;UpTime
InputStation0;0.50;12.50;0;0;0;0;0;0;0;0;1800;1800
OutputStation0;35.50;3.50;219;158;34;26.092985102049568;318.20616961890266;4.0626839863653;75.31777777777756;6.4411764705882355;960.4194588302764;1800
OutputStation1;35.50;9.50;257;191;33;31.910184313315817;398.9797874775761;4.04444444444448;79.65759019495204;7.787878787878788;810.8564790838217;1800
OutputStation2;0.50;6.50;221;162;36;25.05215989441687;382.29002399887577;4.04444444444448;84.85731601363636;6.138888888888889;951.7507287525196;1800
