Ident;X;Y;Transfers;InjectedTransfers;PodsHandled;PodHandlingTimeAvg;PodHandlingTimeVar;PodHandlingTimeMin;PodHandlingTimeMax;PileOn;IdleTime;UpTime
InputStation0;0.50;12.50;0;0;0;0;0;0;0;0;1800;1800
OutputStation0;35.50;3.50;229;164;33;27.928642265931536;206.66428800153636;4.049999999999272;59.08009379141288;6.9393939393939394;923.3008006817578;1800
OutputStation1;35.50;9.50;232;169;34;27.999861851558986;238.21525473440477;4.053333333333512;58.170093791413024;6.823529411764706;910.0617754107399;1800
OutputStation2;0.50;6.50;270;210;29;37.97008011057114;451.4061404837914;4.28611111111104;79.91944444444448;9.310344827586206;769.5222315253229;1800
