Ident;X;Y;Transfers;InjectedTransfers;PodsHandled;PodHandlingTimeAvg;PodHandlingTimeVar;PodHandlingTimeMin;PodHandlingTimeMax;PileOn;IdleTime;UpTime
InputStation0;0.50;12.50;0;0;0;0;0;0;0;0;1800;1800
OutputStation0;35.50;3.50;229;168;37;25.4290140788152;333.00314993301623;4.04444444444448;80.23379509747622;6.1891891891891895;921.4318251944135;1800
OutputStation1;35.50;9.50;263;203;32;33.93520359526425;485.5368784173436;4.166666666666515;84.71944444444455;8.21875;796.4050575433757;1800
OutputStation2;0.50;6.50;264;192;31;34.87066541187742;344.9494412055402;8.195555555555302;83.92490620858757;8.516129032258064;787.8504980121708;1800
