Ident;X;Y;Transfers;InjectedTransfers;PodsHandled;PodHandlingTimeAvg;PodHandlingTimeVar;PodHandlingTimeMin;PodHandlingTimeMax;PileOn;IdleTime;UpTime
InputStation0;0.50;12.50;0;0;0;0;0;0;0;0;1800;1800
OutputStation0;35.50;3.50;227;158;36;25.761751842914972;344.5881440035076;4.04444444444448;69.72342712474628;6.305555555555555;933.9088673101153;1800
OutputStation1;35.50;9.50;290;217;31;38.41897942274321;420.8565150643295;4.276760458079195;71.04009379141417;9.35483870967742;686.1158441227191;1800
OutputStation2;0.50;6.50;247;186;32;31.911050234832928;459.3680505618916;4.152316013635186;80.53935065303108;7.71875;855.1768614424291;1800
