Ident;X;Y;Transfers;InjectedTransfers;PodsHandled;PodHandlingTimeAvg;PodHandlingTimeVar;PodHandlingTimeMin;PodHandlingTimeMax;PileOn;IdleTime;UpTime
InputStation0;0.50;12.50;0;0;0;0;0;0;0;0;1800;1800
OutputStation0;35.50;3.50;240;178;36;27.401604938271703;326.99940554905794;4.04444444444448;61.51444444444434;6.666666666666667;884.3359019495285;1800
OutputStation1;35.50;9.50;256;186;34;30.727304133125116;384.6575440602409;4.04444444444448;83.09611111111099;7.529411764705882;818.5481385575619;1800
OutputStation2;0.50;6.50;217;150;34;26.047181478327417;345.7537680168555;4.04444444444448;79.07852091616041;6.382352941176471;968.0287013060671;1800
