Ident;X;Y;Transfers;InjectedTransfers;PodsHandled;PodHandlingTimeAvg;PodHandlingTimeVar;PodHandlingTimeMin;PodHandlingTimeMax;PileOn;IdleTime;UpTime
InputStation0;0.50;12.50;0;0;0;0;0;0;0;0;1800;1800
OutputStation0;35.50;3.50;232;164;32;29.87923362968744;326.0579065190909;4.044444444444451;71.17953823585913;7.25;911.0168904975162;1800
OutputStation1;35.50;9.50;274;204;33;34.15595631786083;364.44631246401474;4.04444444444448;81.32139248534952;8.303030303030303;750.7422800490174;1800
OutputStation2;0.50;6.50;251;182;32;31.88593186281553;411.204053280677;4.112777777777751;78.34990620858503;7.84375;839.8360676701615;1800
