Ident;X;Y;Transfers;InjectedTransfers;PodsHandled;PodHandlingTimeAvg;PodHandlingTimeVar;PodHandlingTimeMin;PodHandlingTimeMax;PileOn;IdleTime;UpTime
InputStation0;0.50;12.50;0;0;0;0;0;0;0;0;1800;1800
OutputStation0;35.50;3.50;204;145;36;23.337819063243433;363.13909250878;4.04444444444448;76.6666666666672;5.666666666666667;1020.0603679727333;1800
OutputStation1;35.50;9.50;245;188;33;30.911552099647626;508.9649338545755;4.044444444444423;85.76231601363588;7.424242424242424;863.0244804090617;1800
OutputStation2;0.50;6.50;182;127;36;20.741396505036665;284.7997292536674;4.04444444444448;84.55944444444447;5.055555555555555;1102.9220634110893;1800
