Ident;X;Y;Transfers;InjectedTransfers;PodsHandled;PodHandlingTimeAvg;PodHandlingTimeVar;PodHandlingTimeMin;PodHandlingTimeMax;PileOn;IdleTime;UpTime
InputStation0;0.50;12.50;0;0;0;0;0;0;0;0;1800;1800
OutputStation0;35.50;3.50;235;169;33;29.357797672926175;487.873162027395;4.195555555555643;81.34352091616347;7.121212121212121;899.7247620667019;1800
OutputStation1;35.50;9.50;262;190;34;31.810051566622043;397.8426696229458;4.04444444444448;76.8753679727298;7.705882352941177;795.542034639408;1800
OutputStation2;0.50;6.50;288;215;31;38.3561171621701;474.90826926347904;4.204999999999927;81.36379509747576;9.290322580645162;699.3534199317783;1800
