Ident;X;Y;Transfers;InjectedTransfers;PodsHandled;PodHandlingTimeAvg;PodHandlingTimeVar;PodHandlingTimeMin;PodHandlingTimeMax;PileOn;IdleTime;UpTime
InputStation0;0.50;12.50;0;0;0;0;0;0;0;0;1800;1800
OutputStation0;35.50;3.50;215;150;34;25.20110856409671;414.41843962006044;4.04444444444448;76.53176045808095;6.323529411764706;975.4261254969591;1800
OutputStation1;35.50;9.50;225;164;33;27.92897022180909;316.30784394193876;4.237777777777751;71.91370130606327;6.818181818181818;935.555259795477;1800
OutputStation2;0.50;6.50;241;178;32;29.118003247443518;327.99435461476537;4.04444444444448;76.198888888889;7.53125;876.467323489944;1800
