Ident;X;Y;Transfers;InjectedTransfers;PodsHandled;PodHandlingTimeAvg;PodHandlingTimeVar;PodHandlingTimeMin;PodHandlingTimeMax;PileOn;IdleTime;UpTime
InputStation0;0.50;12.50;0;0;0;0;0;0;0;0;1800;1800
OutputStation0;35.50;3.50;220;164;34;26.85885408524913;437.34338645860305;4.04444444444448;76.55111111111228;6.470588235294118;959.4331601363616;1800
OutputStation1;35.50;9.50;235;175;34;28.092423606238924;251.39534791145206;4.185093791413237;69.44287156919064;6.911764705882353;898.0312771151587;1800
OutputStation2;0.50;6.50;231;169;34;27.931786774450003;356.18712552013096;4.157222222222117;73.00500000000034;6.794117647058823;914.6531814316854;1800
