Ident;X;Y;Transfers;InjectedTransfers;PodsHandled;PodHandlingTimeAvg;PodHandlingTimeVar;PodHandlingTimeMin;PodHandlingTimeMax;PileOn;IdleTime;UpTime
InputStation0;0.50;12.50;0;0;0;0;0;0;0;0;1800;1800
OutputStation0;35.50;3.50;277;219;30;37.850400914882464;528.35113181552;4.04444444444448;79.03657287525346;9.233333333333333;735.2416013915131;1800
OutputStation1;35.50;9.50;268;207;31;35.433954290387945;628.6719050292498;4.083982680301915;83.22055555555562;8.64516129032258;770.7677271718835;1800
OutputStation2;0.50;6.50;279;207;28;41.00946067000841;545.5025306220177;4.04444444444448;79.0306493469684;9.964285714285714;728.7865296897093;1800
