Ident;X;Y;Transfers;InjectedTransfers;PodsHandled;PodHandlingTimeAvg;PodHandlingTimeVar;PodHandlingTimeMin;PodHandlingTimeMax;PileOn;IdleTime;UpTime
InputStation0;0.50;12.50;0;0;0;0;0;0;0;0;1800;1800
OutputStation0;35.50;3.50;294;218;29;41.70432676379264;490.96084223154656;12.598802290398226;81.56907647171442;10.137931034482758;673.0028281282437;1800
OutputStation1;35.50;9.50;280;212;29;39.61288326577846;845.6567048536515;4.070555555555302;83.82555555555555;9.655172413793103;729.7282683136199;1800
OutputStation2;0.50;6.50;309;229;29;43.72592277441669;712.2636169086636;4.066479083841159;85.24888888888893;10.655172413793103;614.8523306829231;1800
