Ident;X;Y;Transfers;InjectedTransfers;PodsHandled;PodHandlingTimeAvg;PodHandlingTimeVar;PodHandlingTimeMin;PodHandlingTimeMax;PileOn;IdleTime;UpTime
InputStation0;0.50;12.50;0;0;0;0;0;0;0;0;1800;1800
OutputStation0;35.50;3.50;261;179;31;34.452655355278736;406.8162461436713;12.108333333333313;82.95055555555518;8.419354838709678;800.7827633919262;1800
OutputStation1;35.50;9.50;284;222;30;38.977444444444444;546.7575140415345;4.04444444444448;84.96398268030225;9.466666666666667;712.7673882262333;1800
OutputStation2;0.50;6.50;250;184;31;33.298637760801434;485.25409560151815;4.103888888888605;70.98564934696827;8.064516129032258;839.8641414914241;1800
