Ident;X;Y;Transfers;InjectedTransfers;PodsHandled;PodHandlingTimeAvg;PodHandlingTimeVar;PodHandlingTimeMin;PodHandlingTimeMax;PileOn;IdleTime;UpTime
InputStation0;0.50;12.50;0;0;0;0;0;0;0;0;1800;1800
OutputStation0;35.50;3.50;232;174;34;27.744766147801656;423.61418682320874;4.04444444444448;79.30287156919053;6.823529411764706;910.136096441844;1800
OutputStation1;35.50;9.50;198;144;35;23.4771403829006;296.6489416697756;4.044444444444444;71.40111111111139;5.6571428571428575;1041.4055195909245;1800
OutputStation2;0.50;6.50;233;171;32;29.73962955470315;337.16879587295665;8.316204902523396;76.14240980504803;7.28125;906.753550651369;1800
