Ident;X;Y;Transfers;InjectedTransfers;PodsHandled;PodHandlingTimeAvg;PodHandlingTimeVar;PodHandlingTimeMin;PodHandlingTimeMax;PileOn;IdleTime;UpTime
InputStation0;0.50;12.50;0;0;0;0;0;0;0;0;1800;1800
OutputStation0;35.50;3.50;214;155;35;25.353825396825606;357.2758149782777;4.04444444444448;70.68286437626926;6.114285714285714;978.8560029338713;1800
OutputStation1;35.50;9.50;243;185;34;29.302995501663705;274.5355094222602;4.04444444444448;61.7311977096025;7.147058823529412;867.9894228656592;1800
OutputStation2;0.50;6.50;233;167;32;29.859499683538285;410.0152501627922;4.04444444444448;68.26231601363543;7.28125;909.9080231873883;1800
