Ident;X;Y;Transfers;InjectedTransfers;PodsHandled;PodHandlingTimeAvg;PodHandlingTimeVar;PodHandlingTimeMin;PodHandlingTimeMax;PileOn;IdleTime;UpTime
InputStation0;0.50;12.50;0;0;0;0;0;0;0;0;1800;1800
OutputStation0;35.50;3.50;278;205;31;36.94626960793424;535.2264179241199;4.147597387877113;81.6455555555558;8.96774193548387;737.2300865984863;1800
OutputStation1;35.50;9.50;262;193;33;32.259054178925794;311.68616814268825;4.248520916159578;66.24620490252369;7.9393939393939394;799.0315512964847;1800
OutputStation2;0.50;6.50;260;193;31;34.081416002639045;373.40301511833525;8.172871569191102;75.7411111111112;8.387096774193548;802.8927490060701;1800
