Ident;X;Y;Transfers;InjectedTransfers;PodsHandled;PodHandlingTimeAvg;PodHandlingTimeVar;PodHandlingTimeMin;PodHandlingTimeMax;PileOn;IdleTime;UpTime
InputStation0;0.50;12.50;0;0;0;0;0;0;0;0;1800;1800
OutputStation0;35.50;3.50;235;168;34;28.192112082604076;306.8801513265964;4.241111111111117;68.5706493469684;6.911764705882353;901.0663850089989;1800
OutputStation1;35.50;9.50;254;190;33;31.32953452182408;406.17772331269026;4.090000000000373;75.05610391818914;7.696969696969697;825.3477271439119;1800
OutputStation2;0.50;6.50;236;170;32;30.036893943419642;453.6608849990654;4.044444444444423;73.3311111111118;7.375;897.1018182848908;1800
