Ident;X;Y;Transfers;InjectedTransfers;PodsHandled;PodHandlingTimeAvg;PodHandlingTimeVar;PodHandlingTimeMin;PodHandlingTimeMax;PileOn;IdleTime;UpTime
InputStation0;0.50;12.50;0;0;0;0;0;0;0;0;1800;1800
OutputStation0;35.50;3.50;252;186;31;33.24607969566773;505.7754138404722;4.123326140411905;84.21176045808056;8.129032258064516;830.614617357999;1800
OutputStation1;35.50;9.50;221;160;36;23.89424944527397;345.1711428478907;4.04444444444448;83.72509379141388;6.138888888888889;955.702410088455;1800
OutputStation2;0.50;6.50;281;211;31;36.78587278123129;486.03353966313273;8.334444444444443;80.75055555555696;9.064516129032258;724.7928784787;1800
