Ident;X;Y;Transfers;InjectedTransfers;PodsHandled;PodHandlingTimeAvg;PodHandlingTimeVar;PodHandlingTimeMin;PodHandlingTimeMax;PileOn;IdleTime;UpTime
InputStation0;0.50;12.50;0;0;0;0;0;0;0;0;1800;1800
OutputStation0;35.50;3.50;241;176;31;32.15181282934201;497.4025915893177;8.08888888888896;84.4150937914128;7.774193548387097;880.8696464131248;1800
OutputStation1;35.50;9.50;216;159;36;24.474500962205422;230.65160860798719;4.044444444444366;81.3106493469686;6;976.4205267838587;1800
OutputStation2;0.50;6.50;286;215;30;38.9771202504884;314.1240159740477;8.645093791412364;76.39120490252395;9.533333333333333;705.4476117737095;1800
