Ident;X;Y;Transfers;InjectedTransfers;PodsHandled;PodHandlingTimeAvg;PodHandlingTimeVar;PodHandlingTimeMin;PodHandlingTimeMax;PileOn;IdleTime;UpTime
InputStation0;0.50;12.50;0;0;0;0;0;0;0;0;1800;1800
OutputStation0;35.50;3.50;225;163;35;25.928963099971106;418.76596906930104;4.04444444444448;79.92064934696845;6.428571428571429;938.4313996782894;1800
OutputStation1;35.50;9.50;259;205;31;34.63175976199088;473.9929484474408;4.07454542878736;80.12009379141267;8.35483870967742;802.9635496878745;1800
OutputStation2;0.50;6.50;267;199;31;34.97081808967105;483.3546897621126;4.044444444444451;77.36555555555674;8.612903225806452;777.3657575242254;1800
