Ident;X;Y;Transfers;InjectedTransfers;PodsHandled;PodHandlingTimeAvg;PodHandlingTimeVar;PodHandlingTimeMin;PodHandlingTimeMax;PileOn;IdleTime;UpTime
InputStation0;0.50;12.50;0;0;0;0;0;0;0;0;1800;1800
OutputStation0;35.50;3.50;215;153;34;26.2669660898992;281.77127645579407;4.04444444444448;67.318888888889;6.323529411764706;976.9388166762421;1800
OutputStation1;35.50;9.50;247;187;33;30.95452577736464;426.13481060008576;4.04444444444448;78.37129150101543;7.484848484848484;853.6441271055867;1800
OutputStation2;0.50;6.50;226;161;33;28.127297216912226;296.8822684054965;4.273333333333085;76.69111111111192;6.848484848484849;934.9607287525372;1800
