Ident;X;Y;Transfers;InjectedTransfers;PodsHandled;PodHandlingTimeAvg;PodHandlingTimeVar;PodHandlingTimeMin;PodHandlingTimeMax;PileOn;IdleTime;UpTime
InputStation0;0.50;12.50;0;0;0;0;0;0;0;0;1800;1800
OutputStation0;35.50;3.50;232;168;32;29.048816963020485;322.57045086004024;4.044444444444423;80.1432395419206;7.25;909.5486869202117;1800
OutputStation1;35.50;9.50;226;157;35;26.656931148427216;223.27279237990322;4.04444444444448;61.94009379141335;6.457142857142857;939.7528209353037;1800
OutputStation2;0.50;6.50;214;155;36;24.567201979096296;225.15315775333372;4.0665728752535415;60.9533333333336;5.944444444444445;984.2504111302809;1800
