Ident;X;Y;Transfers;InjectedTransfers;PodsHandled;PodHandlingTimeAvg;PodHandlingTimeVar;PodHandlingTimeMin;PodHandlingTimeMax;PileOn;IdleTime;UpTime
InputStation0;0.50;12.50;0;0;0;0;0;0;0;0;1800;1800
OutputStation0;35.50;3.50;221;160;34;26.5275381968804;375.0443530636404;4.119999999999209;75.8200000000001;6.5;954.3879293959944;1800
OutputStation1;35.50;9.50;255;199;32;32.63863997137001;385.6540317901532;4.109906208584334;79.4328715691911;7.96875;820.879790838397;1800
OutputStation2;0.50;6.50;226;165;35;25.940331064602837;263.3418936615924;4.04444444444448;67.13342712474645;6.457142857142857;937.8071931671126;1800
