Ident;X;Y;Transfers;InjectedTransfers;PodsHandled;PodHandlingTimeAvg;PodHandlingTimeVar;PodHandlingTimeMin;PodHandlingTimeMax;PileOn;IdleTime;UpTime
InputStation0;0.50;12.50;0;0;0;0;0;0;0;0;1800;1800
OutputStation0;35.50;3.50;263;190;31;35.24649327422639;377.5687223398941;8.08888888888896;84.15833333333444;8.483870967741936;792.2297620667003;1800
OutputStation1;35.50;9.50;266;193;33;33.1064198257424;325.0952560306291;4.357222222221935;69.73666666666634;8.06060606060606;781.5495885863176;1800
OutputStation2;0.50;6.50;273;215;30;37.41995671020239;499.72626160375285;8.216572875253803;80.52333333333308;9.1;752.9058513156484;1800
