Ident;X;Y;Transfers;InjectedTransfers;PodsHandled;PodHandlingTimeAvg;PodHandlingTimeVar;PodHandlingTimeMin;PodHandlingTimeMax;PileOn;IdleTime;UpTime
InputStation0;0.50;12.50;0;0;0;0;0;0;0;0;1800;1800
OutputStation0;35.50;3.50;174;142;23;75.22961697898623;1972.778086300892;11.91111111111104;144.79509379141382;7.565217391304348;97.776811091956;1800
OutputStation1;35.50;9.50;173;136;23;72.6929189401622;1684.1738345663339;22.15601731969764;174.3422222222223;7.521739130434782;110.00671701710387;1800
OutputStation2;0.50;6.50;173;137;21;81.71197038569085;2342.3861530070562;22.56166666666627;184.0850937914131;8.238095238095237;103.9176264429924;1800
