Ident;X;Y;Transfers;InjectedTransfers;PodsHandled;PodHandlingTimeAvg;PodHandlingTimeVar;PodHandlingTimeMin;PodHandlingTimeMax;PileOn;IdleTime;UpTime
InputStation0;0.50;12.50;0;0;0;0;0;0;0;0;1800;1800
OutputStation0;35.50;3.50;280;207;31;37.0827479773997;517.5785901192618;4.04444444444448;77.21777777777784;9.03225806451613;730.4776624076065;1800
OutputStation1;35.50;9.50;228;156;38;24.40346054375251;288.43503715908616;4.068333333333271;75.07352091615877;6;928.4455054885407;1800
OutputStation2;0.50;6.50;206;154;36;22.584154039688265;360.61149065234855;4.087777777777774;72.90888888888895;5.722222222222222;1009.5434708491399;1800
