Ident;X;Y;Transfers;InjectedTransfers;PodsHandled;PodHandlingTimeAvg;PodHandlingTimeVar;PodHandlingTimeMin;PodHandlingTimeMax;PileOn;IdleTime;UpTime
InputStation0;0.50;12.50;0;0;0;0;0;0;0;0;1800;1800
OutputStation0;35.50;3.50;228;159;36;25.789825036279602;281.86584666071775;4.04444444444448;65.79990620858723;6.333333333333333;928.3607500478779;1800
OutputStation1;35.50;9.50;293;245;29;41.233394286816335;566.6794438820914;4.044444444444444;82.53731601363666;10.10344827586207;674.2991196292298;1800
OutputStation2;0.50;6.50;240;178;35;28.087476601500246;368.76351811813925;4.04444444444448;62.886204902524014;6.857142857142857;881.8744876019808;1800
