Ident;X;Y;Transfers;InjectedTransfers;PodsHandled;PodHandlingTimeAvg;PodHandlingTimeVar;PodHandlingTimeMin;PodHandlingTimeMax;PileOn;IdleTime;UpTime
InputStation0;0.50;12.50;0;0;0;0;0;0;0;0;1800;1800
OutputStation0;35.50;3.50;266;198;29;37.86362690999669;425.63045419984616;8.178333333333512;81.59944444444523;9.172413793103448;784.9782395419422;1800
OutputStation1;35.50;9.50;257;196;33;31.91306113090014;455.65808197423786;4.231111111110749;79.949999999998;7.787878787878788;811.3339970661426;1800
OutputStation2;0.50;6.50;212;146;33;26.60418055053584;391.11654936113536;4.169444444444309;71.16111111111104;6.424242424242424;989.3831169788261;1800
