Ident;X;Y;Transfers;InjectedTransfers;PodsHandled;PodHandlingTimeAvg;PodHandlingTimeVar;PodHandlingTimeMin;PodHandlingTimeMax;PileOn;IdleTime;UpTime
InputStation0;0.50;12.50;0;0;0;0;0;0;0;0;1800;1800
OutputStation0;35.50;3.50;232;166;33;29.05314246382029;466.65516808641803;4.08888888888896;84.03731601363506;7.03030303030303;910.3079561073743;1800
OutputStation1;35.50;9.50;252;184;34;30.209324759774066;373.1919696438096;4.044444444444423;64.0527777777786;7.411764705882353;838.2619480409032;1800
OutputStation2;0.50;6.50;247;187;31;32.87789112368878;397.5618317264264;4.04444444444448;79.22176045808033;7.967741935483871;853.340640093734;1800
