Ident;X;Y;Transfers;InjectedTransfers;PodsHandled;PodHandlingTimeAvg;PodHandlingTimeVar;PodHandlingTimeMin;PodHandlingTimeMax;PileOn;IdleTime;UpTime
InputStation0;0.50;12.50;0;0;0;0;0;0;0;0;1800;1800
OutputStation0;35.50;3.50;210;152;37;23.157600326903967;231.1187605006796;4.044444444444423;62.487496403537875;5.675675675675675;994.8211761307982;1800
OutputStation1;35.50;9.50;229;164;35;26.899209234473116;297.91095518537514;4.0838888888888505;70.68444444444526;6.542857142857143;925.2207934888548;1800
OutputStation2;0.50;6.50;261;194;32;33.49690544256738;464.8424520564435;4.044444444444423;70.52676045807942;8.15625;801.9076767934567;1800
