Ident;X;Y;Transfers;InjectedTransfers;PodsHandled;PodHandlingTimeAvg;PodHandlingTimeVar;PodHandlingTimeMin;PodHandlingTimeMax;PileOn;IdleTime;UpTime
InputStation0;0.50;12.50;0;0;0;0;0;0;0;0;1800;1800
OutputStation0;35.50;3.50;218;159;34;26.643914985366802;343.05925113982875;4.04444444444448;72.21888888888884;6.411764705882353;965.5113493277935;1800
OutputStation1;35.50;9.50;238;177;36;27.346173838523196;339.3299503516626;4.176666666666847;74.52001438584375;6.611111111111111;884.4333905932871;1800
OutputStation2;0.50;6.50;222;161;33;27.56264856400377;279.10944671346925;4.14222222222179;66.27731601363504;6.7272727272727275;947.1330663449331;1800
