Ident;X;Y;Transfers;InjectedTransfers;PodsHandled;PodHandlingTimeAvg;PodHandlingTimeVar;PodHandlingTimeMin;PodHandlingTimeMax;PileOn;IdleTime;UpTime
InputStation0;0.50;12.50;0;0;0;0;0;0;0;0;1800;1800
OutputStation0;35.50;3.50;263;188;32;33.98949562866263;519.834634946716;4.100555555555552;83.21430721206798;8.21875;792.6940117354512;1800
OutputStation1;35.50;9.50;242;162;33;30.11808516742695;453.00538062370055;4.149999999999636;80.89824673484179;7.333333333333333;872.9478781952416;1800
OutputStation2;0.50;6.50;277;207;28;40.13812666978516;668.5756286327597;8.08888888888896;83.5533333333342;9.892857142857142;739.1666519973949;1800
