Ident;X;Y;Transfers;InjectedTransfers;PodsHandled;PodHandlingTimeAvg;PodHandlingTimeVar;PodHandlingTimeMin;PodHandlingTimeMax;PileOn;IdleTime;UpTime
InputStation0;0.50;12.50;0;0;0;0;0;0;0;0;1800;1800
OutputStation0;35.50;3.50;245;173;34;29.79000297012755;431.75665110103887;4.04444444444448;82.032222222222;7.205882352941177;860.1292856333148;1800
OutputStation1;35.50;9.50;251;194;31;33.02006865905833;524.277690457938;4.04444444444448;83.45925686161846;8.096774193548388;841.20813136467;1800
OutputStation2;0.50;6.50;225;167;33;28.195086799280745;445.98545776022183;4.04444444444448;75.47388888888861;6.818181818181818;940.2403535868682;1800
