Ident;X;Y;Transfers;InjectedTransfers;PodsHandled;PodHandlingTimeAvg;PodHandlingTimeVar;PodHandlingTimeMin;PodHandlingTimeMax;PileOn;IdleTime;UpTime
InputStation0;0.50;12.50;0;0;0;0;0;0;0;0;1800;1800
OutputStation0;35.50;3.50;292;208;28;42.76408589509356;476.88944808009836;8.109999999999673;83.32795816768203;10.428571428571429;682.4264582176877;1800
OutputStation1;35.50;9.50;286;207;27;42.542403667246695;652.1854585016756;8.464444444444553;83.6067604580795;10.592592592592593;699.5086605697277;1800
OutputStation2;0.50;6.50;299;221;28;43.540431324440895;838.6690005795987;4.05666666666707;84.32295816768209;10.678571428571429;650.5617019186875;1800
