Ident;X;Y;Transfers;InjectedTransfers;PodsHandled;PodHandlingTimeAvg;PodHandlingTimeVar;PodHandlingTimeMin;PodHandlingTimeMax;PileOn;IdleTime;UpTime
InputStation0;0.50;12.50;0;0;0;0;0;0;0;0;1800;1800
OutputStation0;35.50;3.50;261;188;30;35.739734727744;368.02364410809355;12.387222222222704;79.60388888888838;8.7;802.8502523191337;1800
OutputStation1;35.50;9.50;221;156;35;26.06991527541138;426.88667558513487;4.069906208588918;81.16222222222217;6.314285714285714;951.296767650991;1800
OutputStation2;0.50;6.50;276;213;31;36.34235697886933;408.9081348082091;4.13601731969834;80.01796536060363;8.903225806451612;735.2115297177171;1800
