Ident;X;Y;Transfers;InjectedTransfers;PodsHandled;PodHandlingTimeAvg;PodHandlingTimeVar;PodHandlingTimeMin;PodHandlingTimeMax;PileOn;IdleTime;UpTime
InputStation0;0.50;12.50;0;0;0;0;0;0;0;0;1800;1800
OutputStation0;35.50;3.50;258;187;31;33.30551715179192;424.2865102816889;4.04444444444448;78.94111111111147;8.32258064516129;813.2797039564934;1800
OutputStation1;35.50;9.50;272;196;31;36.092218964662926;428.65886606249484;4.04444444444448;79.60611111111166;8.774193548387096;754.0357865793131;1800
OutputStation2;0.50;6.50;269;214;30;36.67050312638092;242.95394815452192;4.255555555556384;67.22518758282604;8.966666666666667;768.1075398445187;1800
