Ident;X;Y;Transfers;InjectedTransfers;PodsHandled;PodHandlingTimeAvg;PodHandlingTimeVar;PodHandlingTimeMin;PodHandlingTimeMax;PileOn;IdleTime;UpTime
InputStation0;0.50;12.50;0;0;0;0;0;0;0;0;1800;1800
OutputStation0;35.50;3.50;265;189;30;36.06697546848483;571.5574703122961;4.04444444444448;83.41879509747605;8.833333333333334;784.9000143858398;1800
OutputStation1;35.50;9.50;295;227;30;40.1269754684849;620.517186389764;4.116111111110968;83.28722222222211;9.833333333333334;672.5722150292964;1800
OutputStation2;0.50;6.50;247;177;32;31.865489042092843;360.4663466835913;8.563427124746795;79.75323954192095;7.71875;855.6635065303237;1800
