Ident;X;Y;Transfers;InjectedTransfers;PodsHandled;PodHandlingTimeAvg;PodHandlingTimeVar;PodHandlingTimeMin;PodHandlingTimeMax;PileOn;IdleTime;UpTime
InputStation0;0.50;12.50;0;0;0;0;0;0;0;0;1800;1800
OutputStation0;35.50;3.50;264;191;31;35.11606688831816;408.0715979234959;8.364999999999782;84.61231601363488;8.516129032258064;787.1679365888951;1800
OutputStation1;35.50;9.50;249;189;34;30.20737012727194;438.8529947727221;4.14222222222179;83.68037516565369;7.323529411764706;843.2846464131244;1800
OutputStation2;0.50;6.50;233;171;32;30.112662111963292;417.85868217048846;4.04444444444448;85.36129869393687;7.28125;903.9988238691658;1800
