Ident;X;Y;Transfers;InjectedTransfers;PodsHandled;PodHandlingTimeAvg;PodHandlingTimeVar;PodHandlingTimeMin;PodHandlingTimeMax;PileOn;IdleTime;UpTime
InputStation0;0.50;12.50;0;0;0;0;0;0;0;0;1800;1800
OutputStation0;35.50;3.50;280;207;31;37.33839594133277;374.22559341989466;4.04444444444448;80.03963202727009;9.03225806451613;730.1150218621722;1800
OutputStation1;35.50;9.50;259;195;34;31.25155271069479;317.41834487914576;4.288888888888323;68.22611111111155;7.617647058823529;807.521623225709;1800
OutputStation2;0.50;6.50;263;196;31;34.48502374017614;476.17838696454214;4.264906208586581;83.61130588685876;8.483870967741936;791.5615723084255;1800
