Ident;X;Y;Transfers;InjectedTransfers;PodsHandled;PodHandlingTimeAvg;PodHandlingTimeVar;PodHandlingTimeMin;PodHandlingTimeMax;PileOn;IdleTime;UpTime
InputStation0;0.50;12.50;0;0;0;0;0;0;0;0;1800;1800
OutputStation0;35.50;3.50;213;158;37;23.767211888206795;294.9558091209186;4.04444444444448;74.43692646213856;5.756756756756757;979.757878506676;1800
OutputStation1;35.50;9.50;219;160;37;24.42136656076967;348.0599333335958;4.04444444444448;73.06174607223545;5.918918918918919;963.6536216730528;1800
OutputStation2;0.50;6.50;211;148;35;24.865997525757567;244.01039633753024;4.04444444444448;75.1847258186832;6.0285714285714285;988.4725696099217;1800
