Ident;X;Y;Transfers;InjectedTransfers;PodsHandled;PodHandlingTimeAvg;PodHandlingTimeVar;PodHandlingTimeMin;PodHandlingTimeMax;PileOn;IdleTime;UpTime
InputStation0;0.50;12.50;0;0;0;0;0;0;0;0;1800;1800
OutputStation0;35.50;3.50;195;131;38;21.006936269153503;226.00699030572576;4.04444444444448;63.90564934696886;5.131578947368421;1053.6482393101996;1800
OutputStation1;35.50;9.50;187;129;39;19.613340751640994;290.047219904716;4.044444444444444;68.13777777777796;4.794871794871795;1084.094222905785;1800
OutputStation2;0.50;6.50;198;140;36;22.46430734735;250.9401355250507;4.04444444444448;67.30722222222204;5.5;1042.7717604580687;1800
