Ident;X;Y;Transfers;InjectedTransfers;PodsHandled;PodHandlingTimeAvg;PodHandlingTimeVar;PodHandlingTimeMin;PodHandlingTimeMax;PileOn;IdleTime;UpTime
InputStation0;0.50;12.50;0;0;0;0;0;0;0;0;1800;1800
OutputStation0;35.50;3.50;255;185;33;31.6491160526325;506.0289330433356;4.04444444444448;80.34333333333257;7.7272727272727275;826.2031529434264;1800
OutputStation1;35.50;9.50;246;183;35;28.885730158730187;174.30584502856544;4.396204902525369;55.631010126772026;7.0285714285714285;860.0171140449613;1800
OutputStation2;0.50;6.50;230;170;33;28.509730639730506;585.8613342316978;4.04444444444448;84.31499999999983;6.96969696969697;916.0821068520313;1800
