Ident;X;Y;Transfers;InjectedTransfers;PodsHandled;PodHandlingTimeAvg;PodHandlingTimeVar;PodHandlingTimeMin;PodHandlingTimeMax;PileOn;IdleTime;UpTime
InputStation0;0.50;12.50;0;0;0;0;0;0;0;0;1800;1800
OutputStation0;35.50;3.50;255;180;30;34.658228954511365;477.5151873871399;4.278795097475722;80.22685424949225;8.5;823.3420562181566;1800
OutputStation1;35.50;9.50;291;216;29;38.634205352891385;526.8687136019008;8.16046176414261;84.78009379141315;10.03448275862069;686.1766522808928;1800
OutputStation2;0.50;6.50;249;170;33;30.63017097436517;274.6479490455323;4.097683986365155;77.75666666666712;7.545454545454546;845.5776983721572;1800
