Ident;X;Y;Transfers;InjectedTransfers;PodsHandled;PodHandlingTimeAvg;PodHandlingTimeVar;PodHandlingTimeMin;PodHandlingTimeMax;PileOn;IdleTime;UpTime
InputStation0;0.50;12.50;0;0;0;0;0;0;0;0;1800;1800
OutputStation0;35.50;3.50;249;184;34;30.43574908697247;223.44563562584992;12.512128430809184;66.98500000000104;7.323529411764706;852.2447114328397;1800
OutputStation1;35.50;9.50;260;192;34;30.814751931833193;309.9069691695672;4.04444444444448;72.88564934696888;7.647058823529412;799.8515150484471;1800
OutputStation2;0.50;6.50;227;162;36;26.055670996591264;274.88311030384;4.04444444444448;70.86342712474641;6.305555555555555;932.2424241908891;1800
