Ident;X;Y;Transfers;InjectedTransfers;PodsHandled;PodHandlingTimeAvg;PodHandlingTimeVar;PodHandlingTimeMin;PodHandlingTimeMax;PileOn;IdleTime;UpTime
InputStation0;0.50;12.50;0;0;0;0;0;0;0;0;1800;1800
OutputStation0;35.50;3.50;218;157;35;25.367814677806678;221.81896088471004;4.1982395419204295;61.26259738787377;6.228571428571429;959.6529869393696;1800
OutputStation1;35.50;9.50;228;171;37;25.395773564878166;295.6084485294721;4.04444444444448;77.8945382358578;6.162162162162162;926.9802448427859;1800
OutputStation2;0.50;6.50;221;161;36;24.968832371127796;319.397337052298;4.071666666666488;71.7512915010143;6.138888888888889;952.3721931671166;1800
