Ident;X;Y;Transfers;InjectedTransfers;PodsHandled;PodHandlingTimeAvg;PodHandlingTimeVar;PodHandlingTimeMin;PodHandlingTimeMax;PileOn;IdleTime;UpTime
InputStation0;0.50;12.50;0;0;0;0;0;0;0;0;1800;1800
OutputStation0;35.50;3.50;238;169;33;29.888676371900228;444.6243606369716;4.04444444444448;79.9616666666667;7.212121212121212;883.7190764717286;1800
OutputStation1;35.50;9.50;230;175;36;25.59188852609388;258.456866219395;4.115468957069879;63.50185424949245;6.388888888888889;923.4109019495179;1800
OutputStation2;0.50;6.50;233;170;35;27.611960214704315;408.90414380171694;4.04444444444448;76.1161111111112;6.6571428571428575;908.8876405453958;1800
