Ident;X;Y;Transfers;InjectedTransfers;PodsHandled;PodHandlingTimeAvg;PodHandlingTimeVar;PodHandlingTimeMin;PodHandlingTimeMax;PileOn;IdleTime;UpTime
InputStation0;0.50;12.50;0;0;0;0;0;0;0;0;1800;1800
OutputStation0;35.50;3.50;173;148;13;129.02423076923074;4222.168232968715;12.277777777778283;206.13525979547148;13.307692307692308;106.69721417903968;1800
OutputStation1;35.50;9.50;174;147;13;134.25992176643982;3308.1366096190527;32.76342712474684;205.6563061702741;13.384615384615385;97.2031753724261;1800
OutputStation2;0.50;6.50;173;147;15;119.01705241972807;3246.4398121776103;22.04659445402308;206.4711111111112;11.533333333333333;101.43274096292502;1800
