Ident;X;Y;Transfers;InjectedTransfers;PodsHandled;PodHandlingTimeAvg;PodHandlingTimeVar;PodHandlingTimeMin;PodHandlingTimeMax;PileOn;IdleTime;UpTime
InputStation0;0.50;12.50;0;0;0;0;0;0;0;0;1800;1800
OutputStation0;35.50;3.50;234;164;33;28.940800208218256;510.0117359396267;4.08463922019223;84.21388888888885;7.090909090909091;904.7318827378235;1800
OutputStation1;35.50;9.50;214;155;36;24.48945987654322;259.1307523701085;4.04444444444448;67.47342712474631;5.944444444444445;984.5719117928709;1800
OutputStation2;0.50;6.50;262;190;32;33.37583671387267;450.56217887691537;8.166666666666742;80.99564934696856;8.1875;798.9694084798155;1800
