Ident;X;Y;Transfers;InjectedTransfers;PodsHandled;PodHandlingTimeAvg;PodHandlingTimeVar;PodHandlingTimeMin;PodHandlingTimeMax;PileOn;IdleTime;UpTime
InputStation0;0.50;12.50;0;0;0;0;0;0;0;0;1800;1800
OutputStation0;35.50;3.50;260;190;30;34.62677753801367;576.1017558494405;4.04444444444448;79.09611111111118;8.666666666666666;803.6338888888935;1800
OutputStation1;35.50;9.50;286;222;32;36.60820842501624;336.0906222966632;4.338513723237156;79.80166666666764;8.9375;703.4387013060689;1800
OutputStation2;0.50;6.50;222;160;32;26.76598687713042;318.19260939260516;4.04444444444448;67.61676045807954;6.9375;952.5648052242484;1800
