Ident;X;Y;Transfers;InjectedTransfers;PodsHandled;PodHandlingTimeAvg;PodHandlingTimeVar;PodHandlingTimeMin;PodHandlingTimeMax;PileOn;IdleTime;UpTime
InputStation0;0.50;12.50;0;0;0;0;0;0;0;0;1800;1800
OutputStation0;35.50;3.50;243;180;32;31.012873151499623;296.9025793077848;4.04444444444448;65.75444444444133;7.59375;868.8341630702089;1800
OutputStation1;35.50;9.50;217;157;36;24.5950976034233;256.2075573093759;4.070555555555302;65.27722222222337;6.027777777777778;967.2801660040503;1800
OutputStation2;0.50;6.50;206;150;34;25.0441777009506;379.1210663777831;4.04444444444448;63.616111111111195;6.0588235294117645;1007.7579653606;1800
