Ident;X;Y;Transfers;InjectedTransfers;PodsHandled;PodHandlingTimeAvg;PodHandlingTimeVar;PodHandlingTimeMin;PodHandlingTimeMax;PileOn;IdleTime;UpTime
InputStation0;0.50;12.50;0;0;0;0;0;0;0;0;1800;1800
OutputStation0;35.50;3.50;218;147;33;26.876405832889564;255.72723771489885;4.044444444444935;58.99945163737152;6.606060606060606;964.2856421540234;1800
OutputStation1;35.50;9.50;251;183;35;29.499373529653518;379.37877467043586;4.221666666666124;68.96231601363479;7.171428571428572;842.6418614424445;1800
OutputStation2;0.50;6.50;249;177;33;30.858083650244996;400.3234530642756;4.053888888889105;77.77611111111264;7.545454545454546;847.8398339959435;1800
