Ident;X;Y;Transfers;InjectedTransfers;PodsHandled;PodHandlingTimeAvg;PodHandlingTimeVar;PodHandlingTimeMin;PodHandlingTimeMax;PileOn;IdleTime;UpTime
InputStation0;0.50;12.50;0;0;0;0;0;0;0;0;1800;1800
OutputStation0;35.50;3.50;214;152;36;24.661962481860247;401.6833734872909;4.04444444444448;85.17064215404707;5.944444444444445;982.2392784403856;1800
OutputStation1;35.50;9.50;275;221;31;34.39386794221266;334.72019818608896;4.04444444444448;81.76619770960247;8.870967741935484;749.3607650005705;1800
OutputStation2;0.50;6.50;256;191;32;32.451038510906166;225.12085839264816;4.123333333333221;58.26833333333332;8;823.5906133823396;1800
