Ident;X;Y;Transfers;InjectedTransfers;PodsHandled;PodHandlingTimeAvg;PodHandlingTimeVar;PodHandlingTimeMin;PodHandlingTimeMax;PileOn;IdleTime;UpTime
InputStation0;0.50;12.50;0;0;0;0;0;0;0;0;1800;1800
OutputStation0;35.50;3.50;260;186;32;32.839997518577114;536.9127706271797;4.04444444444448;83.56166666666763;8.125;801.5465584893917;1800
OutputStation1;35.50;9.50;252;190;33;31.469306922145734;480.7790194232262;4.04444444444448;75.88833333333321;7.636363636363637;834.0490117353929;1800
OutputStation2;0.50;6.50;260;195;29;36.316587548223765;562.6248110932692;4.04444444444448;81.92000000000053;8.96551724137931;799.6693794247892;1800
