Ident;X;Y;Transfers;InjectedTransfers;PodsHandled;PodHandlingTimeAvg;PodHandlingTimeVar;PodHandlingTimeMin;PodHandlingTimeMax;PileOn;IdleTime;UpTime
InputStation0;0.50;12.50;0;0;0;0;0;0;0;0;1800;1800
OutputStation0;35.50;3.50;225;164;34;27.082854171538695;368.4753167764579;4.044444444444444;72.33833333333428;6.617647058823529;941.8210823394365;1800
OutputStation1;35.50;9.50;247;191;36;28.278636764674495;306.3949328877531;4.168701306061848;71.44222222222226;6.861111111111111;855.6637591329009;1800
OutputStation2;0.50;6.50;245;183;33;30.136753683914936;201.60629929302218;8.162683986364982;66.42323954192022;7.424242424242424;861.1325830020253;1800
