Ident;X;Y;Transfers;InjectedTransfers;PodsHandled;PodHandlingTimeAvg;PodHandlingTimeVar;PodHandlingTimeMin;PodHandlingTimeMax;PileOn;IdleTime;UpTime
InputStation0;0.50;12.50;0;0;0;0;0;0;0;0;1800;1800
OutputStation0;35.50;3.50;341;265;25;55.21282279765609;450.79151850771103;4.335555555555629;84.13176045808132;13.64;490.4180951166397;1800
OutputStation1;35.50;9.50;292;217;30;39.61963900877104;656.1980391564423;4.04444444444448;83.96000000000006;9.733333333333333;685.5041702631406;1800
OutputStation2;0.50;6.50;230;165;32;29.77843186281562;727.6445890850896;4.04444444444448;84.6744444444438;7.1875;921.8106493469645;1800
