Ident;X;Y;Transfers;InjectedTransfers;PodsHandled;PodHandlingTimeAvg;PodHandlingTimeVar;PodHandlingTimeMin;PodHandlingTimeMax;PileOn;IdleTime;UpTime
InputStation0;0.50;12.50;0;0;0;0;0;0;0;0;1800;1800
OutputStation0;35.50;3.50;217;152;34;26.230722135932456;347.3377470232368;4.116666666666561;77.34453823585795;6.382352941176471;965.2918686353448;1800
OutputStation1;35.50;9.50;246;186;33;30.65904630633591;502.82156413637637;4.044444444444423;81.50055555555548;7.454545454545454;856.6958369297815;1800
OutputStation2;0.50;6.50;268;208;28;39.04231112260123;476.95966824691743;12.249444444444407;81.91240261212664;9.571428571428571;774.4477633919375;1800
