Ident;X;Y;Transfers;InjectedTransfers;PodsHandled;PodHandlingTimeAvg;PodHandlingTimeVar;PodHandlingTimeMin;PodHandlingTimeMax;PileOn;IdleTime;UpTime
InputStation0;0.50;12.50;0;0;0;0;0;0;0;0;1800;1800
OutputStation0;35.50;3.50;225;154;36;25.558204865712746;263.731757318905;4.04444444444448;64.57277777777773;6.25;937.2311833237579;1800
OutputStation1;35.50;9.50;245;171;35;28.767402390418127;376.8940596413742;4.04444444444448;74.2289826803019;7;860.2860026503954;1800
OutputStation2;0.50;6.50;222;166;34;26.612623289467642;371.63592317186453;4.04444444444448;75.61629869393687;6.529411764705882;946.4275320847255;1800
