Ident;X;Y;Transfers;InjectedTransfers;PodsHandled;PodHandlingTimeAvg;PodHandlingTimeVar;PodHandlingTimeMin;PodHandlingTimeMax;PileOn;IdleTime;UpTime
InputStation0;0.50;12.50;0;0;0;0;0;0;0;0;1800;1800
OutputStation0;35.50;3.50;270;202;30;36.98898508739058;518.6642235466265;4.04444444444448;85.80333333333351;9;768.2395888696751;1800
OutputStation1;35.50;9.50;255;191;35;29.64681735756125;389.9692482438813;4.04444444444448;77.53953823585698;7.285714285714286;820.474538519234;1800
OutputStation2;0.50;6.50;244;181;32;31.27385439144549;538.9251937951354;4.04444444444448;69.44509379141272;7.625;868.8893362671988;1800
