Ident;X;Y;Transfers;InjectedTransfers;PodsHandled;PodHandlingTimeAvg;PodHandlingTimeVar;PodHandlingTimeMin;PodHandlingTimeMax;PileOn;IdleTime;UpTime
InputStation0;0.50;12.50;0;0;0;0;0;0;0;0;1800;1800
OutputStation0;35.50;3.50;241;173;32;30.438336264315133;443.91034616251176;4.04444444444448;84.05333333333328;7.53125;876.2373234899534;1800
OutputStation1;35.50;9.50;280;214;30;38.1846392485352;360.04402296267494;12.08888888888896;83.49953823585747;9.333333333333334;729.1340258378665;1800
OutputStation2;0.50;6.50;289;219;31;37.76234813431057;326.7373031207008;4.334350653031606;84.02509379141247;9.32258064516129;692.5133549120744;1800
