Ident;X;Y;Transfers;InjectedTransfers;PodsHandled;PodHandlingTimeAvg;PodHandlingTimeVar;PodHandlingTimeMin;PodHandlingTimeMax;PileOn;IdleTime;UpTime
InputStation0;0.50;12.50;0;0;0;0;0;0;0;0;1800;1800
OutputStation0;35.50;3.50;234;164;33;29.15091455726991;477.2704355478209;4.198888888888973;81.3344444444445;7.090909090909091;901.9966597571593;1800
OutputStation1;35.50;9.50;256;195;33;32.05207376720207;414.49942361901356;4.04444444444448;81.33323954192065;7.757575757575758;822.4217344268479;1800
OutputStation2;0.50;6.50;246;185;33;30.77556386408047;332.3664478897732;8.08888888888896;81.97222941514326;7.454545454545454;860.9571281473857;1800
