Ident;X;Y;Transfers;InjectedTransfers;PodsHandled;PodHandlingTimeAvg;PodHandlingTimeVar;PodHandlingTimeMin;PodHandlingTimeMax;PileOn;IdleTime;UpTime
InputStation0;0.50;12.50;0;0;0;0;0;0;0;0;1800;1800
OutputStation0;35.50;3.50;236;162;33;29.448938958004792;493.9576235410727;4.160555555555561;80.91296536060361;7.151515151515151;893.5178068328955;1800
OutputStation1;35.50;9.50;261;190;31;34.80663360963262;493.8333602476607;4.217128430809453;84.54936503887473;8.419354838709678;799.5499205664507;1800
OutputStation2;0.50;6.50;258;185;30;35.65798869329911;496.13943395326305;8.464444444444553;80.1295382358573;8.6;811.8510748910815;1800
