Ident;X;Y;Transfers;InjectedTransfers;PodsHandled;PodHandlingTimeAvg;PodHandlingTimeVar;PodHandlingTimeMin;PodHandlingTimeMax;PileOn;IdleTime;UpTime
InputStation0;0.50;12.50;0;0;0;0;0;0;0;0;1800;1800
OutputStation0;35.50;3.50;260;180;32;32.880868280334326;620.6328554667081;4.04444444444448;82.8100000000004;8.125;805.5746898540676;1800
OutputStation1;35.50;9.50;287;212;32;37.124366207054955;511.9494937894162;8.08888888888896;85.08157287525398;8.96875;701.6533549120973;1800
OutputStation2;0.50;6.50;224;162;33;27.830115220921158;482.5881662311243;4.04444444444448;77.46953823585716;6.787878787878788;939.49929282623;1800
