Ident;X;Y;Transfers;InjectedTransfers;PodsHandled;PodHandlingTimeAvg;PodHandlingTimeVar;PodHandlingTimeMin;PodHandlingTimeMax;PileOn;IdleTime;UpTime
InputStation0;0.50;12.50;0;0;0;0;0;0;0;0;1800;1800
OutputStation0;35.50;3.50;252;186;33;31.173549564355564;431.38408683268415;4.08323954192042;71.10231601363535;7.636363636363637;835.9247327281955;1800
OutputStation1;35.50;9.50;243;185;34;29.5721918779417;346.9280731408313;4.04444444444448;85.48953823585703;7.147058823529412;868.5264718909226;1800
OutputStation2;0.50;6.50;221;159;36;24.845437908810023;137.9031206605082;4.070555555555643;54.89398268030169;6.138888888888889;955.8296176414287;1800
