Ident;X;Y;Transfers;InjectedTransfers;PodsHandled;PodHandlingTimeAvg;PodHandlingTimeVar;PodHandlingTimeMin;PodHandlingTimeMax;PileOn;IdleTime;UpTime
InputStation0;0.50;12.50;0;0;0;0;0;0;0;0;1800;1800
OutputStation0;35.50;3.50;263;195;31;34.89662523737379;622.1031841429536;4.394999999999527;84.64380229040034;8.483870967741936;791.2342134207078;1800
OutputStation1;35.50;9.50;249;183;32;31.9585831499681;295.3265341128774;4.071666666666488;62.40731601363501;7.78125;844.415873177805;1800
OutputStation2;0.50;6.50;259;198;32;32.61729437286932;371.7646044964817;4.11879509747564;71.06509379141312;8.09375;808.5247114328471;1800
