Ident;X;Y;Transfers;InjectedTransfers;PodsHandled;PodHandlingTimeAvg;PodHandlingTimeVar;PodHandlingTimeMin;PodHandlingTimeMax;PileOn;IdleTime;UpTime
InputStation0;0.50;12.50;0;0;0;0;0;0;0;0;1800;1800
OutputStation0;35.50;3.50;272;204;30;37.34641606725614;472.0795115370621;4.1264718909123985;77.54898268030212;9.066666666666666;756.4495670075501;1800
OutputStation1;35.50;9.50;291;226;29;40.69957356387973;517.0361160016408;8.48111111111075;84.2305555555555;10.03448275862069;684.6669264621595;1800
OutputStation2;0.50;6.50;242;176;31;32.04863007639238;637.8632998575719;4.04444444444448;85.12917026312789;7.806451612903226;871.3198843464347;1800
