Ident;X;Y;Transfers;InjectedTransfers;PodsHandled;PodHandlingTimeAvg;PodHandlingTimeVar;PodHandlingTimeMin;PodHandlingTimeMax;PileOn;IdleTime;UpTime
InputStation0;0.50;12.50;0;0;0;0;0;0;0;0;1800;1800
OutputStation0;35.50;3.50;244;181;33;30.502699069054422;366.68853277652875;4.379906208587272;83.03888888889014;7.393939393939394;866.8673810333399;1800
OutputStation1;35.50;9.50;283;220;31;37.64928012859254;371.42974736928693;4.205000000000041;75.95777777777721;9.129032258064516;713.9189754873961;1800
OutputStation2;0.50;6.50;246;177;33;30.146257377869347;555.6845941233154;4.04444444444448;79.1565728752536;7.454545454545454;856.5682176797629;1800
