Ident;X;Y;Transfers;InjectedTransfers;PodsHandled;PodHandlingTimeAvg;PodHandlingTimeVar;PodHandlingTimeMin;PodHandlingTimeMax;PileOn;IdleTime;UpTime
InputStation0;0.50;12.50;0;0;0;0;0;0;0;0;1800;1800
OutputStation0;35.50;3.50;224;165;34;26.871244165523276;443.2613444857883;4.04444444444448;79.3672222222225;6.588235294117647;941.7105483626369;1800
OutputStation1;35.50;9.50;245;178;36;27.8289225582069;237.23492458866093;4.08888888888896;66.58000000000011;6.805555555555555;863.600836646387;1800
OutputStation2;0.50;6.50;264;207;31;35.16769678457176;427.98503088174215;4.114999999999782;73.38981241717408;8.516129032258064;787.0953461105603;1800
