Ident;X;Y;Transfers;InjectedTransfers;PodsHandled;PodHandlingTimeAvg;PodHandlingTimeVar;PodHandlingTimeMin;PodHandlingTimeMax;PileOn;IdleTime;UpTime
InputStation0;0.50;12.50;0;0;0;0;0;0;0;0;1800;1800
OutputStation0;35.50;3.50;221;161;36;25.206262826781902;352.8421996715863;4.04444444444448;68.77436503887554;6.138888888888889;952.5687588494493;1800
OutputStation1;35.50;9.50;239;183;34;29.10174560744219;361.24869905726337;4.044444444444451;71.58777777777811;7.029411764705882;889.3148702439745;1800
OutputStation2;0.50;6.50;219;149;34;26.113821193953964;251.92339624943656;4.04444444444448;69.81000000000009;6.4411764705882355;958.0764212570406;1800
