Ident;X;Y;Transfers;InjectedTransfers;PodsHandled;PodHandlingTimeAvg;PodHandlingTimeVar;PodHandlingTimeMin;PodHandlingTimeMax;PileOn;IdleTime;UpTime
InputStation0;0.50;12.50;0;0;0;0;0;0;0;0;1800;1800
OutputStation0;35.50;3.50;234;170;33;29.06255651632979;420.20480205962724;4.1678715691907655;73.69380229039773;7.090909090909091;903.5822722892317;1800
OutputStation1;35.50;9.50;242;182;34;28.896573509923126;254.60789342426548;4.12777777777778;70.19055555555576;7.117647058823529;874.016479083834;1800
OutputStation2;0.50;6.50;247;178;34;29.87426576366509;429.2971921699005;4.04444444444448;81.08981961009596;7.264705882352941;854.2610170362735;1800
