Ident;X;Y;Transfers;InjectedTransfers;PodsHandled;PodHandlingTimeAvg;PodHandlingTimeVar;PodHandlingTimeMin;PodHandlingTimeMax;PileOn;IdleTime;UpTime
InputStation0;0.50;12.50;0;0;0;0;0;0;0;0;1800;1800
OutputStation0;35.50;3.50;254;186;32;32.319508476483634;415.4026880797304;4.1749999999995;80.90166666666721;7.9375;820.9114793207567;1800
OutputStation1;35.50;9.50;274;213;32;33.9507625313594;421.05878794132224;4.1877777777777965;76.35685424949241;8.5625;748.952467868774;1800
OutputStation2;0.50;6.50;271;207;29;38.049150867781236;508.8627724613146;4.04444444444448;79.83574313838199;9.344827586206897;756.937373840428;1800
