Ident;X;Y;Transfers;InjectedTransfers;PodsHandled;PodHandlingTimeAvg;PodHandlingTimeVar;PodHandlingTimeMin;PodHandlingTimeMax;PileOn;IdleTime;UpTime
InputStation0;0.50;12.50;0;0;0;0;0;0;0;0;1800;1800
OutputStation0;35.50;3.50;237;161;33;29.446399930593895;305.57801075020046;4.295000000000073;71.46009379141344;7.181818181818182;894.1302454096158;1800
OutputStation1;35.50;9.50;258;197;32;32.802763572427075;399.5491914146923;4.04444444444448;79.74731601363482;8.0625;806.0043794247381;1800
OutputStation2;0.50;6.50;253;195;31;32.92702788310543;282.2318475747592;4.065000000000055;62.226666666666716;8.161290322580646;834.5640333141721;1800
