Ident;X;Y;Transfers;InjectedTransfers;PodsHandled;PodHandlingTimeAvg;PodHandlingTimeVar;PodHandlingTimeMin;PodHandlingTimeMax;PileOn;IdleTime;UpTime
InputStation0;0.50;12.50;0;0;0;0;0;0;0;0;1800;1800
OutputStation0;35.50;3.50;236;172;35;27.672846423838408;354.226381973105;4.04444444444448;82.96555555555585;6.742857142857143;898.145130039431;1800
OutputStation1;35.50;9.50;248;182;33;31.11507892669106;336.6831819338905;4.059444444444807;83.7687950974763;7.515151515151516;854.1071428166497;1800
OutputStation2;0.50;6.50;238;180;31;31.751768142489414;263.5835333677584;4.04444444444448;66.0671284308089;7.67741935483871;889.3330735378714;1800
