Ident;X;Y;Transfers;InjectedTransfers;PodsHandled;PodHandlingTimeAvg;PodHandlingTimeVar;PodHandlingTimeMin;PodHandlingTimeMax;PileOn;IdleTime;UpTime
InputStation0;0.50;12.50;0;0;0;0;0;0;0;0;1800;1800
OutputStation0;35.50;3.50;259;183;31;33.99692314972311;559.4113277303497;4.1805555555553156;83.112683986365;8.35483870967742;809.2006996974615;1800
OutputStation1;35.50;9.50;298;230;30;40.091731121835345;524.4035614299721;4.044444444444451;80.52471862576141;9.933333333333334;660.8851875828211;1800
OutputStation2;0.50;6.50;242;174;33;30.087274915534362;512.2186611999946;4.04444444444448;80.3928715691909;7.333333333333333;870.1339826802886;1800
