Ident;X;Y;Transfers;InjectedTransfers;PodsHandled;PodHandlingTimeAvg;PodHandlingTimeVar;PodHandlingTimeMin;PodHandlingTimeMax;PileOn;IdleTime;UpTime
InputStation0;0.50;12.50;0;0;0;0;0;0;0;0;1800;1800
OutputStation0;35.50;3.50;247;182;33;30.69710700130121;573.9823877428613;4.050000000000182;84.97759019495186;7.484848484848484;856.7348339959544;1800
OutputStation1;35.50;9.50;241;188;33;29.797135204974232;415.1773883433467;4.118239541920275;76.98990620858729;7.303030303030303;876.9058081580922;1800
OutputStation2;0.50;6.50;208;147;36;23.769374900098413;293.07500669469954;4.04444444444448;70.12490620858625;5.777777777777778;1001.92858593587;1800
