Ident;X;Y;Transfers;InjectedTransfers;PodsHandled;PodHandlingTimeAvg;PodHandlingTimeVar;PodHandlingTimeMin;PodHandlingTimeMax;PileOn;IdleTime;UpTime
InputStation0;0.50;12.50;0;0;0;0;0;0;0;0;1800;1800
OutputStation0;35.50;3.50;236;168;34;28.13059311776617;266.4187797582655;4.04444444444448;67.0853679727303;6.9411764705882355;897.5334127388926;1800
OutputStation1;35.50;9.50;257;193;36;29.224205346815474;271.21384380481123;4.056111111111136;58.83611111111111;7.138888888888889;818.7442568616098;1800
OutputStation2;0.50;6.50;238;178;35;28.102058338066414;184.56208718669222;4.258333333333439;46.5844444444449;6.8;889.9448124171552;1800
