Ident;X;Y;Transfers;InjectedTransfers;PodsHandled;PodHandlingTimeAvg;PodHandlingTimeVar;PodHandlingTimeMin;PodHandlingTimeMax;PileOn;IdleTime;UpTime
InputStation0;0.50;12.50;0;0;0;0;0;0;0;0;1800;1800
OutputStation0;35.50;3.50;271;204;32;34.5737558619635;238.46758176820782;13.171760458079689;74.81777777777779;8.46875;764.9978571833373;1800
OutputStation1;35.50;9.50;236;174;34;28.52628596720092;296.0376341449689;4.076666666666597;61.38055555555604;6.9411764705882355;895.3441124363267;1800
OutputStation2;0.50;6.50;289;222;30;39.70180326834966;445.9893179733615;4.285555555555447;79.72852091616392;9.633333333333333;692.2775395610495;1800
