Ident;X;Y;Transfers;InjectedTransfers;PodsHandled;PodHandlingTimeAvg;PodHandlingTimeVar;PodHandlingTimeMin;PodHandlingTimeMax;PileOn;IdleTime;UpTime
InputStation0;0.50;12.50;0;0;0;0;0;0;0;0;1800;1800
OutputStation0;35.50;3.50;230;153;33;28.428425598974865;349.47986042691514;4.066017319697266;81.56055555555736;6.96969696969697;923.9109345947859;1800
OutputStation1;35.50;9.50;274;212;31;35.48135874960913;708.3795342207133;4.04444444444448;84.60388888888951;8.838709677419354;746.6500164461391;1800
OutputStation2;0.50;6.50;243;182;32;31.196166928532477;498.71504977733423;4.111017319698021;82.4623160136357;7.59375;867.0284124554686;1800
