Ident;X;Y;Transfers;InjectedTransfers;PodsHandled;PodHandlingTimeAvg;PodHandlingTimeVar;PodHandlingTimeMin;PodHandlingTimeMax;PileOn;IdleTime;UpTime
InputStation0;0.50;12.50;0;0;0;0;0;0;0;0;1800;1800
OutputStation0;35.50;3.50;247;178;32;31.87356195875948;556.0952660477761;4.04444444444448;78.38666666666711;7.71875;860.5651806733194;1800
OutputStation1;35.50;9.50;255;193;33;31.873239759887248;324.60936469039916;8.089069278788656;76.39444444444452;7.7272727272727275;826.2533767743101;1800
OutputStation2;0.50;6.50;240;178;35;28.25649762851347;354.65447420363915;4.04444444444448;77.73666666666657;6.857142857142857;878.8965728752353;1800
