Ident;X;Y;Transfers;InjectedTransfers;PodsHandled;PodHandlingTimeAvg;PodHandlingTimeVar;PodHandlingTimeMin;PodHandlingTimeMax;PileOn;IdleTime;UpTime
InputStation0;0.50;12.50;0;0;0;0;0;0;0;0;1800;1800
OutputStation0;35.50;3.50;222;167;37;24.794286495181264;200.0870175386264;4.04444444444448;57.30055555555623;6;951.2635353019905;1800
OutputStation1;35.50;9.50;222;157;36;25.532736891918965;308.3088994606502;4.04444444444448;74.96722222222047;6.166666666666667;947.1277199509817;1800
OutputStation2;0.50;6.50;265;197;32;34.141180330777026;292.2886776252529;4.360461764142201;71.10666666666702;8.28125;783.1605555555545;1800
