Ident;X;Y;Transfers;InjectedTransfers;PodsHandled;PodHandlingTimeAvg;PodHandlingTimeVar;PodHandlingTimeMin;PodHandlingTimeMax;PileOn;IdleTime;UpTime
InputStation0;0.50;12.50;0;0;0;0;0;0;0;0;1800;1800
OutputStation0;35.50;3.50;220;159;34;26.527696282475205;316.9013259801516;4.125;65.19953823585752;6.470588235294118;957.6329432804425;1800
OutputStation1;35.50;9.50;255;195;32;32.320552632555966;452.5117792383196;4.107590194952067;79.62407647171585;7.96875;821.9370274744281;1800
OutputStation2;0.50;6.50;217;151;34;26.153211305413834;266.60747971150795;4.048982680301151;71.37805915201682;6.382352941176471;970.2286293488348;1800
