Ident;X;Y;Transfers;InjectedTransfers;PodsHandled;PodHandlingTimeAvg;PodHandlingTimeVar;PodHandlingTimeMin;PodHandlingTimeMax;PileOn;IdleTime;UpTime
InputStation0;0.50;12.50;0;0;0;0;0;0;0;0;1800;1800
OutputStation0;35.50;3.50;216;154;38;23.489969238475876;344.1171668505818;4.04444444444448;73.71333333333314;5.684210526315789;974.8892928262374;1800
OutputStation1;35.50;9.50;279;213;30;38.455303508113666;370.12108664998385;12.501031705543255;81.95492059443336;9.3;729.8530303803241;1800
OutputStation2;0.50;6.50;259;198;33;32.53923782975134;318.2732536983678;4.04444444444448;84.73352091615936;7.848484848484849;807.9228640928363;1800
