Ident;X;Y;Transfers;InjectedTransfers;PodsHandled;PodHandlingTimeAvg;PodHandlingTimeVar;PodHandlingTimeMin;PodHandlingTimeMax;PileOn;IdleTime;UpTime
InputStation0;0.50;12.50;0;0;0;0;0;0;0;0;1800;1800
OutputStation0;35.50;3.50;186;130;35;21.908063682979545;295.3530230915742;4.044740204533355;85.48907647171484;5.314285714285714;1088.5259957409257;1800
OutputStation1;35.50;9.50;237;177;32;30.44765647477892;357.3080274703039;4.04444444444448;77.13666666666745;7.40625;890.6427490060787;1800
OutputStation2;0.50;6.50;227;164;34;26.844904930911845;301.5069634728884;4.04444444444448;75.56028856716057;6.676470588235294;932.8769110545761;1800
