Ident;X;Y;Transfers;InjectedTransfers;PodsHandled;PodHandlingTimeAvg;PodHandlingTimeVar;PodHandlingTimeMin;PodHandlingTimeMax;PileOn;IdleTime;UpTime
InputStation0;0.50;12.50;0;0;0;0;0;0;0;0;1800;1800
OutputStation0;35.50;3.50;262;185;30;36.18015175405695;519.2970512296413;8.08888888888896;84.34666666666658;8.733333333333333;797.5791486843541;1800
OutputStation1;35.50;9.50;270;200;30;37.10936748375411;385.2878646894674;12.349906208586162;81.69028137423925;9;768.0993722318037;1800
OutputStation2;0.50;6.50;248;179;29;34.74814823082547;459.6108147831963;4.196666666666488;82.22777777777776;8.551724137931034;853.9451824719453;1800
