Ident;X;Y;Transfers;InjectedTransfers;PodsHandled;PodHandlingTimeAvg;PodHandlingTimeVar;PodHandlingTimeMin;PodHandlingTimeMax;PileOn;IdleTime;UpTime
InputStation0;0.50;12.50;0;0;0;0;0;0;0;0;1800;1800
OutputStation0;35.50;3.50;244;177;34;29.307619896226978;326.00077955487757;4.04444444444448;69.55787156919064;7.176470588235294;866.1689754873761;1800
OutputStation1;35.50;9.50;272;210;33;32.90870654586787;186.2000271236402;8.5;65.80248921061707;8.242424242424242;756.7437228848255;1800
OutputStation2;0.50;6.50;248;186;30;33.81115151429267;377.8149547127369;4.226111111111322;79.75074313838172;8.266666666666667;847.7220058677092;1800
