Ident;X;Y;Transfers;InjectedTransfers;PodsHandled;PodHandlingTimeAvg;PodHandlingTimeVar;PodHandlingTimeMin;PodHandlingTimeMax;PileOn;IdleTime;UpTime
InputStation0;0.50;12.50;0;0;0;0;0;0;0;0;1800;1800
OutputStation0;35.50;3.50;231;165;32;29.725167299590062;389.30813598942285;4.286111111111381;81.2228715691906;7.21875;918.1145166570775;1800
OutputStation1;35.50;9.50;257;188;32;32.81852746131611;466.4234519402298;4.04444444444448;79.01860751465031;8.03125;812.6682755065299;1800
OutputStation2;0.50;6.50;225;169;33;28.23077178657769;394.1415711754072;4.044444444444451;83.82212123788554;6.818181818181818;935.4967460722155;1800
