Ident;X;Y;Transfers;InjectedTransfers;PodsHandled;PodHandlingTimeAvg;PodHandlingTimeVar;PodHandlingTimeMin;PodHandlingTimeMax;PileOn;IdleTime;UpTime
InputStation0;0.50;12.50;0;0;0;0;0;0;0;0;1800;1800
OutputStation0;35.50;3.50;265;204;32;34.06517361111113;433.122883918315;4.044444444444444;79.49176045807968;8.28125;784.950130039427;1800
OutputStation1;35.50;9.50;263;211;32;33.65285556560953;339.3903773035667;4.142590194951481;77.05388888888945;8.21875;793.742698372216;1800
OutputStation2;0.50;6.50;240;176;35;28.32516944917734;391.0213938448724;4.101111111111322;84.0873160136357;6.857142857142857;882.1325830020194;1800
