Ident;X;Y;Transfers;InjectedTransfers;PodsHandled;PodHandlingTimeAvg;PodHandlingTimeVar;PodHandlingTimeMin;PodHandlingTimeMax;PileOn;IdleTime;UpTime
InputStation0;0.50;12.50;0;0;0;0;0;0;0;0;1800;1800
OutputStation0;35.50;3.50;243;171;31;32.143566772303195;482.20059651619596;4.125;79.95490620858709;7.838709677419355;869.4999134015018;1800
OutputStation1;35.50;9.50;216;157;35;25.16677736675355;423.50642394156546;4.088239541918938;81.2138888888889;6.171428571428572;971.823427124756;1800
OutputStation2;0.50;6.50;265;197;31;35.080919333464095;529.2653182080369;4.04444444444448;82.91453823585744;8.548387096774194;783.9408225439331;1800
