Ident;X;Y;Transfers;InjectedTransfers;PodsHandled;PodHandlingTimeAvg;PodHandlingTimeVar;PodHandlingTimeMin;PodHandlingTimeMax;PileOn;IdleTime;UpTime
InputStation0;0.50;12.50;0;0;0;0;0;0;0;0;1800;1800
OutputStation0;35.50;3.50;257;195;31;33.80381790039062;444.84866738171155;4.04444444444448;77.11222222222341;8.290322580645162;818.9357215596222;1800
OutputStation1;35.50;9.50;225;174;33;28.14901263630223;408.99650995736215;4.04444444444448;84.85564934696868;6.818181818181818;938.1453535868995;1800
OutputStation2;0.50;6.50;280;215;30;37.93924434664957;494.8466815942436;4.04444444444448;79.36101731969887;9.333333333333334;723.7477849706884;1800
