Ident;X;Y;Transfers;InjectedTransfers;PodsHandled;PodHandlingTimeAvg;PodHandlingTimeVar;PodHandlingTimeMin;PodHandlingTimeMax;PileOn;IdleTime;UpTime
InputStation0;0.50;12.50;0;0;0;0;0;0;0;0;1800;1800
OutputStation0;35.50;3.50;205;138;36;23.492610430205026;269.14938903241506;4.0477777777780375;71.67222222222233;5.694444444444445;1018.6290836646384;1800
OutputStation1;35.50;9.50;241;178;35;28.362489383737458;257.43849802566615;4.04444444444448;62.58722222222221;6.885714285714286;878.569134298531;1800
OutputStation2;0.50;6.50;229;158;35;26.875814883319006;307.7222093112377;4.051111111110458;71.41398268030252;6.542857142857143;925.6834271247619;1800
