Ident;X;Y;Transfers;InjectedTransfers;PodsHandled;PodHandlingTimeAvg;PodHandlingTimeVar;PodHandlingTimeMin;PodHandlingTimeMax;PileOn;IdleTime;UpTime
InputStation0;0.50;12.50;0;0;0;0;0;0;0;0;1800;1800
OutputStation0;35.50;3.50;306;218;27;46.19878333368824;476.9379170783031;4.372222222222035;79.62953104293433;11.333333333333334;631.1943287908608;1800
OutputStation1;35.50;9.50;332;243;26;51.68130813276919;586.8699716926984;8.294999999999959;81.51388888888869;12.76923076923077;530.71277806118;1800
OutputStation2;0.50;6.50;245;182;32;31.387352093387285;830.063465862477;4.04444444444448;83.91046176414268;7.65625;861.1022944348628;1800
