Ident;X;Y;Transfers;InjectedTransfers;PodsHandled;PodHandlingTimeAvg;PodHandlingTimeVar;PodHandlingTimeMin;PodHandlingTimeMax;PileOn;IdleTime;UpTime
InputStation0;0.50;12.50;0;0;0;0;0;0;0;0;1800;1800
OutputStation0;35.50;3.50;230;165;34;27.6847848231283;405.68553380027595;4.04444444444448;75.2183333333333;6.764705882352941;916.9418326707496;1800
OutputStation1;35.50;9.50;241;182;34;29.369354469384998;448.95361526001034;4.190281374233564;79.89268398636591;7.088235294117647;879.6021356237153;1800
OutputStation2;0.50;6.50;222;155;36;25.36346941710193;390.0562371278125;4.04444444444448;84.33277777777948;6.166666666666667;957.1592424757849;1800
