Ident;X;Y;Transfers;InjectedTransfers;PodsHandled;PodHandlingTimeAvg;PodHandlingTimeVar;PodHandlingTimeMin;PodHandlingTimeMax;PileOn;IdleTime;UpTime
InputStation0;0.50;12.50;0;0;0;0;0;0;0;0;1800;1800
OutputStation0;35.50;3.50;250;183;33;31.28454567251278;443.71704097587326;4.176666666666051;79.8840764717146;7.575757575757576;841.2499858975597;1800
OutputStation1;35.50;9.50;218;165;37;24.264359229757083;303.0374628703104;4.04444444444448;78.99500000000035;5.891891891891892;966.6345094641546;1800
OutputStation2;0.50;6.50;206;143;35;24.23965718881807;317.9887201336112;4.04444444444448;68.21888888888884;5.885714285714286;1007.6884777586296;1800
