Ident;X;Y;Transfers;InjectedTransfers;PodsHandled;PodHandlingTimeAvg;PodHandlingTimeVar;PodHandlingTimeMin;PodHandlingTimeMax;PileOn;IdleTime;UpTime
InputStation0;0.50;12.50;0;0;0;0;0;0;0;0;1800;1800
OutputStation0;35.50;3.50;219;167;34;26.539549066920607;265.34041951351566;4.073888888888632;67.64935065303189;6.4411764705882355;960.3579437818208;1800
OutputStation1;35.50;9.50;250;190;32;32.366688298576015;407.62188927782995;4.116111111110968;80.31111111111193;7.8125;843.3191316731745;1800
OutputStation2;0.50;6.50;238;175;34;28.9584137550044;351.6609516996989;4.10833333333332;76.66102451261963;7;889.057704998319;1800
