Ident;X;Y;Transfers;InjectedTransfers;PodsHandled;PodHandlingTimeAvg;PodHandlingTimeVar;PodHandlingTimeMin;PodHandlingTimeMax;PileOn;IdleTime;UpTime
InputStation0;0.50;12.50;0;0;0;0;0;0;0;0;1800;1800
OutputStation0;35.50;3.50;245;185;32;31.596114042093287;439.3282052901957;4.0795454287858774;81.03166666666687;7.65625;861.9331601363702;1800
OutputStation1;35.50;9.50;252;195;34;29.73801205308941;280.3701757828269;4.044444444444451;68.90777777777782;7.411764705882353;834.4062917844129;1800
OutputStation2;0.50;6.50;216;153;36;24.706975708248937;279.74541005279264;4.04444444444448;74.47222222222263;6;971.3287879045639;1800
