Ident;X;Y;Transfers;InjectedTransfers;PodsHandled;PodHandlingTimeAvg;PodHandlingTimeVar;PodHandlingTimeMin;PodHandlingTimeMax;PileOn;IdleTime;UpTime
InputStation0;0.50;12.50;0;0;0;0;0;0;0;0;1800;1800
OutputStation0;35.50;3.50;248;186;34;29.885364994266162;391.6209610433029;4.231111111110295;81.50555555555616;7.294117647058823;848.3165294342975;1800
OutputStation1;35.50;9.50;276;212;32;35.47072352948231;491.52598834871435;4.04444444444448;77.63222222222294;8.625;742.4773160136283;1800
OutputStation2;0.50;6.50;254;187;31;33.64852046124246;376.93036701924643;4.04444444444448;85.44610391818946;8.193548387096774;825.7766882454366;1800
