Ident;X;Y;Transfers;InjectedTransfers;PodsHandled;PodHandlingTimeAvg;PodHandlingTimeVar;PodHandlingTimeMin;PodHandlingTimeMax;PileOn;IdleTime;UpTime
InputStation0;0.50;12.50;0;0;0;0;0;0;0;0;1800;1800
OutputStation0;35.50;3.50;209;151;34;25.386489475119475;302.0912372664978;4.045000000000073;78.0900937914131;6.147058823529412;998.2579291125527;1800
OutputStation1;35.50;9.50;256;193;33;31.77603537947556;332.649136423037;4.204999999999927;67.17500000000018;7.757575757575758;820.2772862135408;1800
OutputStation2;0.50;6.50;266;213;31;34.52348205747903;399.1961645198157;4.04444444444448;73.51666666666671;8.580645161290322;782.7934705657221;1800
