Ident;X;Y;Transfers;InjectedTransfers;PodsHandled;PodHandlingTimeAvg;PodHandlingTimeVar;PodHandlingTimeMin;PodHandlingTimeMax;PileOn;IdleTime;UpTime
InputStation0;0.50;12.50;0;0;0;0;0;0;0;0;1800;1800
OutputStation0;35.50;3.50;244;170;33;30.02405680312265;325.7181500421279;4.04444444444448;72.67601731969853;7.393939393939394;865.0381095024782;1800
OutputStation1;35.50;9.50;263;196;34;31.66874968266505;287.69578819756913;12.264444444444393;85.44435065303082;7.735294117647059;790.5919552337899;1800
OutputStation2;0.50;6.50;239;175;34;29.062395597415897;378.59029384640394;4.04444444444448;70.28852091615906;7.029411764705882;876.6776189666558;1800
