Ident;X;Y;Transfers;InjectedTransfers;PodsHandled;PodHandlingTimeAvg;PodHandlingTimeVar;PodHandlingTimeMin;PodHandlingTimeMax;PileOn;IdleTime;UpTime
InputStation0;0.50;12.50;0;0;0;0;0;0;0;0;1800;1800
OutputStation0;35.50;3.50;253;182;32;32.54848665235172;339.6918496737873;4.27055555555512;81.60629869393745;7.90625;830.1069768126073;1800
OutputStation1;35.50;9.50;246;186;35;28.684666666666754;331.44193899497907;4.04444444444448;63.02055555555671;7.0285714285714285;857.628722884839;1800
OutputStation2;0.50;6.50;258;190;31;34.19510985632175;472.49246590416067;4.070555555555302;76.74999999999977;8.32258064516129;813.1796104484976;1800
