Ident;X;Y;Transfers;InjectedTransfers;PodsHandled;PodHandlingTimeAvg;PodHandlingTimeVar;PodHandlingTimeMin;PodHandlingTimeMax;PileOn;IdleTime;UpTime
InputStation0;0.50;12.50;0;0;0;0;0;0;0;0;1800;1800
OutputStation0;35.50;3.50;244;179;36;27.573847803226748;278.58604488644716;4.109999999999673;69.8117604580795;6.777777777777778;870.3883983530584;1800
OutputStation1;35.50;9.50;231;167;35;26.998995051514953;298.40684144790947;4.04444444444448;77.01676045807994;6.6;915.3300215787607;1800
OutputStation2;0.50;6.50;241;180;34;29.15803900412977;323.9287183589918;4.078427124746213;72.809906208587;7.088235294117647;877.8437879045623;1800
