Ident;X;Y;Transfers;InjectedTransfers;PodsHandled;PodHandlingTimeAvg;PodHandlingTimeVar;PodHandlingTimeMin;PodHandlingTimeMax;PileOn;IdleTime;UpTime
InputStation0;0.50;12.50;0;0;0;0;0;0;0;0;1800;1800
OutputStation0;35.50;3.50;271;207;32;34.95495355385097;370.2100427567136;4.167777777778042;72.10861470757345;8.46875;762.0228718525698;1800
OutputStation1;35.50;9.50;259;188;33;32.47050854657135;226.61204171841436;4.113888888888596;56.4444444444448;7.848484848484849;807.5628137423967;1800
OutputStation2;0.50;6.50;251;197;32;31.078336489093928;430.73789994763735;4.04444444444448;81.26842712474706;7.84375;837.2717532651615;1800
