Ident;X;Y;Transfers;InjectedTransfers;PodsHandled;PodHandlingTimeAvg;PodHandlingTimeVar;PodHandlingTimeMin;PodHandlingTimeMax;PileOn;IdleTime;UpTime
InputStation0;0.50;12.50;0;0;0;0;0;0;0;0;1800;1800
OutputStation0;35.50;3.50;241;164;32;30.59204004294489;361.7996065148522;4.12166666666667;79.40009379141287;7.53125;875.6414718909086;1800
OutputStation1;35.50;9.50;265;201;33;31.735322489516566;463.0870541487892;4.055649346968039;79.64666666666722;8.030303030303031;783.7200865984839;1800
OutputStation2;0.50;6.50;248;181;32;31.880590052998883;375.42822400584197;4.04444444444448;73.68277777777783;7.75;849.7940042590568;1800
