Ident;X;Y;Transfers;InjectedTransfers;PodsHandled;PodHandlingTimeAvg;PodHandlingTimeVar;PodHandlingTimeMin;PodHandlingTimeMax;PileOn;IdleTime;UpTime
InputStation0;0.50;12.50;0;0;0;0;0;0;0;0;1800;1800
OutputStation0;35.50;3.50;236;178;31;31.379289958531487;466.3707348070746;4.04444444444448;73.11611111111176;7.612903225806452;894.5150453085778;1800
OutputStation1;35.50;9.50;240;180;32;30.845292432686232;579.0467453227274;4.1163924853497065;80.10222222222342;7.5;879.2860119018708;1800
OutputStation2;0.50;6.50;236;182;31;31.322269470544526;387.65600141850285;4.104444444444198;68.95444444444428;7.612903225806452;893.4490297639818;1800
