Ident;X;Y;Transfers;InjectedTransfers;PodsHandled;PodHandlingTimeAvg;PodHandlingTimeVar;PodHandlingTimeMin;PodHandlingTimeMax;PileOn;IdleTime;UpTime
InputStation0;0.50;12.50;0;0;0;0;0;0;0;0;1800;1800
OutputStation0;35.50;3.50;260;192;30;35.373151754056806;443.84570193095834;4.12222222222222;83.24972581868383;8.666666666666666;803.7361326898758;1800
OutputStation1;35.50;9.50;252;185;32;31.9613485294821;441.8068221167782;4.04444444444448;71.08722222222221;7.875;833.8932323489904;1800
OutputStation2;0.50;6.50;253;190;33;31.559946652785445;410.4948969437845;4.071666666666488;81.89731601363565;7.666666666666667;832.5100578267925;1800
