Ident;X;Y;Transfers;InjectedTransfers;PodsHandled;PodHandlingTimeAvg;PodHandlingTimeVar;PodHandlingTimeMin;PodHandlingTimeMax;PileOn;IdleTime;UpTime
InputStation0;0.50;12.50;0;0;0;0;0;0;0;0;1800;1800
OutputStation0;35.50;3.50;236;173;31;30.155949588758453;476.37650676480183;4.044444444444423;74.20953823585728;7.612903225806452;894.6675035964595;1800
OutputStation1;35.50;9.50;270;197;31;35.67171437904864;475.1721287820267;4.41944444444448;85.21101012677127;8.709677419354838;763.6531025929626;1800
OutputStation2;0.50;6.50;245;172;33;30.41851611228926;336.49888067018173;4.220093791413319;65.51064934696865;7.424242424242424;859.6619408479778;1800
