Ident;X;Y;Transfers;InjectedTransfers;PodsHandled;PodHandlingTimeAvg;PodHandlingTimeVar;PodHandlingTimeMin;PodHandlingTimeMax;PileOn;IdleTime;UpTime
InputStation0;0.50;12.50;0;0;0;0;0;0;0;0;1800;1800
OutputStation0;35.50;3.50;204;133;38;22.17854845979605;177.38400799691416;4.193982680301815;57.78768398636521;5.368421052631579;1022.3115656823364;1800
OutputStation1;35.50;9.50;232;176;34;27.997646635710588;413.874876610607;4.16944444444448;78.4972222222226;6.823529411764706;909.3710961585194;1800
OutputStation2;0.50;6.50;273;218;29;37.81265287488535;513.4927372501529;4.363333333333344;85.9807431383814;9.413793103448276;756.9436213337107;1800
