Ident;X;Y;Transfers;InjectedTransfers;PodsHandled;PodHandlingTimeAvg;PodHandlingTimeVar;PodHandlingTimeMin;PodHandlingTimeMax;PileOn;IdleTime;UpTime
InputStation0;0.50;12.50;0;0;0;0;0;0;0;0;1800;1800
OutputStation0;35.50;3.50;238;171;32;30.62989380146706;538.5498914480598;4.125;84.34538235857713;7.4375;888.3300215787873;1800
OutputStation1;35.50;9.50;264;195;32;34.0544532373894;436.6342211027927;4.160555555555447;71.26139248534992;8.25;790.1098268030219;1800
OutputStation2;0.50;6.50;250;181;34;30.104343858214374;284.3996732606297;4.238333333333003;69.25907647171451;7.352941176470588;843.7129941323119;1800
