Ident;X;Y;Transfers;InjectedTransfers;PodsHandled;PodHandlingTimeAvg;PodHandlingTimeVar;PodHandlingTimeMin;PodHandlingTimeMax;PileOn;IdleTime;UpTime
InputStation0;0.50;12.50;0;0;0;0;0;0;0;0;1800;1800
OutputStation0;35.50;3.50;171;139;15;114.34773496750833;1958.3543728759275;22.22472581868351;186.38805195909475;11.4;134.1851081772505;1800
OutputStation1;35.50;9.50;172;143;11;155.69593532428775;3166.2476780149527;63.51667385958831;208.2343434601101;15.636363636363637;121.1389539086014;1800
OutputStation2;0.50;6.50;174;140;13;125.17616161417989;4284.031593346471;12.019999999999754;208.69593072120702;13.384615384615385;104.65707060397958;1800
