Ident;X;Y;Transfers;InjectedTransfers;PodsHandled;PodHandlingTimeAvg;PodHandlingTimeVar;PodHandlingTimeMin;PodHandlingTimeMax;PileOn;IdleTime;UpTime
InputStation0;0.50;12.50;0;0;0;0;0;0;0;0;1800;1800
OutputStation0;35.50;3.50;231;170;33;28.609279154407496;408.07064620274963;4.078427124746213;70.90176045808016;7;914.6204257995313;1800
OutputStation1;35.50;9.50;239;171;35;28.062719234199168;366.4496234818937;4.04444444444448;71.3517604580793;6.828571428571428;886.1623160135983;1800
OutputStation2;0.50;6.50;248;187;33;30.03292360860109;416.13559344421964;4.205000000000041;80.86500000000115;7.515151515151516;850.5637950974641;1800
