Ident;X;Y;Transfers;InjectedTransfers;PodsHandled;PodHandlingTimeAvg;PodHandlingTimeVar;PodHandlingTimeMin;PodHandlingTimeMax;PileOn;IdleTime;UpTime
InputStation0;0.50;12.50;0;0;0;0;0;0;0;0;1800;1800
OutputStation0;35.50;3.50;263;190;32;33.44306479805832;301.07665248458505;8.464444444444439;66.62777777777757;8.21875;792.9893144049815;1800
OutputStation1;35.50;9.50;274;210;29;38.701822909526705;400.6318854535773;4.323333333333267;80.15222222222269;9.448275862068966;751.4030522425121;1800
OutputStation2;0.50;6.50;272;204;29;38.13501268871485;361.53926935086815;4.1589826803019605;74.88185424949347;9.379310344827585;762.9353967444285;1800
