Ident;X;Y;Transfers;InjectedTransfers;PodsHandled;PodHandlingTimeAvg;PodHandlingTimeVar;PodHandlingTimeMin;PodHandlingTimeMax;PileOn;IdleTime;UpTime
InputStation0;0.50;12.50;0;0;0;0;0;0;0;0;1800;1800
OutputStation0;35.50;3.50;261;190;33;32.53377104377121;401.4401176908716;4.04444444444448;74.47898268030161;7.909090909090909;804.1150937914092;1800
OutputStation1;35.50;9.50;255;194;35;30.138037311053182;508.9051622493295;4.0838888888906695;84.36611111111165;7.285714285714286;828.4189970661497;1800
OutputStation2;0.50;6.50;236;165;35;27.41893691896084;386.61150566705146;4.186666666667179;77.63231601363532;6.742857142857143;898.4243578459408;1800
