Ident;X;Y;Transfers;InjectedTransfers;PodsHandled;PodHandlingTimeAvg;PodHandlingTimeVar;PodHandlingTimeMin;PodHandlingTimeMax;PileOn;IdleTime;UpTime
InputStation0;0.50;12.50;0;0;0;0;0;0;0;0;1800;1800
OutputStation0;35.50;3.50;232;175;35;27.367085334355803;330.8162534948937;4.205000000000041;83.03444444444483;6.628571428571429;913.6243687671832;1800
OutputStation1;35.50;9.50;223;160;37;24.364866296004262;239.4018325304874;4.044444444444451;77.95509379141322;6.027027027027027;944.8938546942121;1800
OutputStation2;0.50;6.50;219;155;38;23.809075763102918;280.57641426177827;4.04444444444448;69.54722222222244;5.7631578947368425;965.9555640260862;1800
