Ident;X;Y;Transfers;InjectedTransfers;PodsHandled;PodHandlingTimeAvg;PodHandlingTimeVar;PodHandlingTimeMin;PodHandlingTimeMax;PileOn;IdleTime;UpTime
InputStation0;0.50;12.50;0;0;0;0;0;0;0;0;1800;1800
OutputStation0;35.50;3.50;251;187;32;31.931763164282547;341.06351813267025;4.04444444444448;75.7496320272694;7.84375;842.1427633919337;1800
OutputStation1;35.50;9.50;225;160;35;26.353830345310698;244.59687597559127;4.04444444444448;75.43461044850415;6.428571428571429;937.3855267838658;1800
OutputStation2;0.50;6.50;246;182;32;31.45338586622437;453.9850869348055;8.062777777778138;80.83333333333383;7.6875;855.2237151250721;1800
