Ident;X;Y;Transfers;InjectedTransfers;PodsHandled;PodHandlingTimeAvg;PodHandlingTimeVar;PodHandlingTimeMin;PodHandlingTimeMax;PileOn;IdleTime;UpTime
InputStation0;0.50;12.50;0;0;0;0;0;0;0;0;1800;1800
OutputStation0;35.50;3.50;262;192;31;34.49777195874867;312.25514074557924;4.0535281090824355;76.15935784595183;8.451612903225806;794.9616232257026;1800
OutputStation1;35.50;9.50;258;194;34;31.24735591130387;370.8784372206038;4.044444444444423;71.49564934696849;7.588235294117647;810.8778137423706;1800
OutputStation2;0.50;6.50;262;197;33;32.68165464410869;379.6882067372752;4.04444444444448;67.85453823585772;7.9393939393939394;801.4893650389249;1800
