Ident;X;Y;Transfers;InjectedTransfers;PodsHandled;PodHandlingTimeAvg;PodHandlingTimeVar;PodHandlingTimeMin;PodHandlingTimeMax;PileOn;IdleTime;UpTime
InputStation0;0.50;12.50;0;0;0;0;0;0;0;0;1800;1800
OutputStation0;35.50;3.50;256;190;31;33.56240794881037;385.1518177785968;4.053333333333512;80.24611111111062;8.258064516129032;817.4384343176944;1800
OutputStation1;35.50;9.50;272;195;33;33.990746425068835;316.9241599859728;4.1872222222218625;80.31055555555548;8.242424242424242;757.709437251531;1800
OutputStation2;0.50;6.50;246;177;32;31.161522590151158;337.4200041034014;4.063333333333446;66.74666666666673;7.6875;852.1169264621317;1800
