Ident;X;Y;Transfers;InjectedTransfers;PodsHandled;PodHandlingTimeAvg;PodHandlingTimeVar;PodHandlingTimeMin;PodHandlingTimeMax;PileOn;IdleTime;UpTime
InputStation0;0.50;12.50;0;0;0;0;0;0;0;0;1800;1800
OutputStation0;35.50;3.50;245;178;32;31.591480657292415;521.5063528879203;4.08055555555552;84.05203463939648;7.65625;863.9027921636643;1800
OutputStation1;35.50;9.50;264;199;32;33.259763255965574;416.1366043253229;8.314906208587274;82.21611111111167;8.25;785.3480021194573;1800
OutputStation2;0.50;6.50;236;176;31;31.503032395454003;456.2481934499443;4.044444444444423;67.1822222222221;7.612903225806452;893.4623303995124;1800
