Ident;X;Y;Transfers;InjectedTransfers;PodsHandled;PodHandlingTimeAvg;PodHandlingTimeVar;PodHandlingTimeMin;PodHandlingTimeMax;PileOn;IdleTime;UpTime
InputStation0;0.50;12.50;0;0;0;0;0;0;0;0;1800;1800
OutputStation0;35.50;3.50;216;146;36;24.609503567522477;330.7516269292218;4.04444444444448;75.17777777777766;6;972.6266594737378;1800
OutputStation1;35.50;9.50;210;143;39;21.818701298795474;135.2277356828622;4.04444444444448;53.91462483434839;5.384615384615385;997.2422078363733;1800
OutputStation2;0.50;6.50;242;182;34;29.103458535145585;325.60401375867616;4.044444444444444;66.95129869393702;7.117647058823529;872.3184127389268;1800
