Ident;X;Y;Transfers;InjectedTransfers;PodsHandled;PodHandlingTimeAvg;PodHandlingTimeVar;PodHandlingTimeMin;PodHandlingTimeMax;PileOn;IdleTime;UpTime
InputStation0;0.50;12.50;0;0;0;0;0;0;0;0;1800;1800
OutputStation0;35.50;3.50;259;193;31;33.59702276016563;312.25398745500394;4.082316013634454;71.26907647171515;8.35483870967742;802.9999421732002;1800
OutputStation1;35.50;9.50;225;165;36;25.50611331682122;247.28922066793172;4.04444444444448;66.47611111111132;6.25;936.4003967444011;1800
OutputStation2;0.50;6.50;243;182;33;30.3407037926082;285.2121205219954;4.282222222222117;70.63787156919079;7.363636363636363;865.9095813933861;1800
