Ident;X;Y;Transfers;InjectedTransfers;PodsHandled;PodHandlingTimeAvg;PodHandlingTimeVar;PodHandlingTimeMin;PodHandlingTimeMax;PileOn;IdleTime;UpTime
InputStation0;0.50;12.50;0;0;0;0;0;0;0;0;1800;1800
OutputStation0;35.50;3.50;258;180;32;32.88780934423957;468.3413957909892;4.276666666666188;81.61917026312753;8.0625;813.5805052050928;1800
OutputStation1;35.50;9.50;238;162;36;26.943307479966318;358.49437118847726;4.04444444444448;77.6712049025229;6.611111111111111;886.4833261403835;1800
OutputStation2;0.50;6.50;306;237;29;43.46763397560112;649.31126923759;12.464444444444553;84.69666666666717;10.551724137931034;628.0022584702679;1800
