Ident;X;Y;Transfers;InjectedTransfers;PodsHandled;PodHandlingTimeAvg;PodHandlingTimeVar;PodHandlingTimeMin;PodHandlingTimeMax;PileOn;IdleTime;UpTime
InputStation0;0.50;12.50;0;0;0;0;0;0;0;0;1800;1800
OutputStation0;35.50;3.50;249;182;35;29.40727478975499;295.5706017324549;4.044444444444423;80.07601731969874;7.114285714285714;848.7851081772477;1800
OutputStation1;35.50;9.50;260;190;31;34.661708560019434;463.2224267683895;4.04444444444448;84.87453823585838;8.387096774193548;803.4541127197468;1800
OutputStation2;0.50;6.50;235;179;33;28.35900104967873;356.2998727599858;4.04444444444448;75.6124169979712;7.121212121212121;898.3802885671646;1800
