Ident;X;Y;Transfers;InjectedTransfers;PodsHandled;PodHandlingTimeAvg;PodHandlingTimeVar;PodHandlingTimeMin;PodHandlingTimeMax;PileOn;IdleTime;UpTime
InputStation0;0.50;12.50;0;0;0;0;0;0;0;0;1800;1800
OutputStation0;35.50;3.50;291;214;25;47.363995925750416;772.5445027972729;4.04444444444448;83.57407647171476;11.64;690.8177625200166;1800
OutputStation1;35.50;9.50;334;270;24;57.10967949786709;699.4029708064141;4.04444444444448;81.65453823585767;13.916666666666666;515.6252940162652;1800
OutputStation2;0.50;6.50;297;231;26;46.78885694239757;718.1997330494473;4.40444444444438;84.13231601363532;11.423076923076923;659.5399249539593;1800
