Ident;X;Y;Transfers;InjectedTransfers;PodsHandled;PodHandlingTimeAvg;PodHandlingTimeVar;PodHandlingTimeMin;PodHandlingTimeMax;PileOn;IdleTime;UpTime
InputStation0;0.50;12.50;0;0;0;0;0;0;0;0;1800;1800
OutputStation0;35.50;3.50;278;215;32;36.03778070875929;307.32666559688374;8.04444444444448;69.45759019495063;8.6875;734.863174522182;1800
OutputStation1;35.50;9.50;210;158;35;24.876669551933343;369.155176675124;4.04444444444448;72.08333333333337;6;994.0735065303104;1800
OutputStation2;0.50;6.50;241;172;34;28.921371914350022;230.6172268502451;4.40777777777771;79.7037013060617;7.088235294117647;878.6606568233108;1800
