Ident;X;Y;Transfers;InjectedTransfers;PodsHandled;PodHandlingTimeAvg;PodHandlingTimeVar;PodHandlingTimeMin;PodHandlingTimeMax;PileOn;IdleTime;UpTime
InputStation0;0.50;12.50;0;0;0;0;0;0;0;0;1800;1800
OutputStation0;35.50;3.50;282;216;29;39.64465865463235;584.5249497706604;4.127777777777737;85.28398268030182;9.724137931034482;724.1566885288767;1800
OutputStation1;35.50;9.50;232;168;33;28.7495257773644;457.3471671794882;4.04444444444448;77.09453823585761;7.03030303030303;914.8289392393585;1800
OutputStation2;0.50;6.50;240;175;33;29.87094057268081;288.6395149946436;4.04444444444448;71.70453823585808;7.2727272727272725;878.0259304377917;1800
