Ident;X;Y;Transfers;InjectedTransfers;PodsHandled;PodHandlingTimeAvg;PodHandlingTimeVar;PodHandlingTimeMin;PodHandlingTimeMax;PileOn;IdleTime;UpTime
InputStation0;0.50;12.50;0;0;0;0;0;0;0;0;1800;1800
OutputStation0;35.50;3.50;252;181;33;31.30570182231371;343.5598531737742;4.152041832318218;76.14611111111208;7.636363636363637;829.804033030745;1800
OutputStation1;35.50;9.50;236;179;36;27.15084655972219;367.7729691231054;4.04444444444448;75.66750359646039;6.555555555555555;894.3373450687568;1800
OutputStation2;0.50;6.50;230;159;36;25.792598402637132;463.1978051325997;4.1422222222222445;77.6828715691903;6.388888888888889;917.592286958531;1800
