Ident;X;Y;Transfers;InjectedTransfers;PodsHandled;PodHandlingTimeAvg;PodHandlingTimeVar;PodHandlingTimeMin;PodHandlingTimeMax;PileOn;IdleTime;UpTime
InputStation0;0.50;12.50;0;0;0;0;0;0;0;0;1800;1800
OutputStation0;35.50;3.50;250;187;32;32.23761858083176;412.4896555144312;4.04444444444448;73.91046176414255;7.8125;842.6089806368461;1800
OutputStation1;35.50;9.50;269;208;33;33.48457607218823;459.3470012986332;4.204999999999927;78.09953823585715;8.151515151515152;771.9250511447381;1800
OutputStation2;0.50;6.50;251;176;33;31.12507935488511;316.6349462036851;4.047222222221535;71.85658006817539;7.606060606060606;838.3222224496498;1800
