Ident;X;Y;Transfers;InjectedTransfers;PodsHandled;PodHandlingTimeAvg;PodHandlingTimeVar;PodHandlingTimeMin;PodHandlingTimeMax;PileOn;IdleTime;UpTime
InputStation0;0.50;12.50;0;0;0;0;0;0;0;0;1800;1800
OutputStation0;35.50;3.50;258;182;31;34.007509192603244;360.8095131881943;4.04444444444448;72.61833333333334;8.32258064516129;811.3331385575403;1800
OutputStation1;35.50;9.50;264;189;31;34.82620676790503;506.76066922148436;4.04444444444448;80.75055555555628;8.516129032258064;789.7780447661917;1800
OutputStation2;0.50;6.50;236;168;34;28.636607035888368;486.0852208131495;4.112222222224773;77.71203463939658;6.9411764705882355;896.9749928070858;1800
