Ident;X;Y;Transfers;InjectedTransfers;PodsHandled;PodHandlingTimeAvg;PodHandlingTimeVar;PodHandlingTimeMin;PodHandlingTimeMax;PileOn;IdleTime;UpTime
InputStation0;0.50;12.50;0;0;0;0;0;0;0;0;1800;1800
OutputStation0;35.50;3.50;259;183;30;35.828228954511225;409.31043399600753;8.464444444444553;83.65176045807937;8.633333333333333;808.1200359646022;1800
OutputStation1;35.50;9.50;271;192;31;35.89234185122185;528.1097827681851;4.118888888888932;81.00879509747568;8.741935483870968;755.2853029530072;1800
OutputStation2;0.50;6.50;251;178;30;34.3108148148149;510.221715988662;4.04444444444448;76.32917026312742;8.366666666666667;836.7463274656352;1800
