Ident;X;Y;Transfers;InjectedTransfers;PodsHandled;PodHandlingTimeAvg;PodHandlingTimeVar;PodHandlingTimeMin;PodHandlingTimeMax;PileOn;IdleTime;UpTime
InputStation0;0.50;12.50;0;0;0;0;0;0;0;0;1800;1800
OutputStation0;35.50;3.50;252;185;32;32.392228308964484;362.681967419431;4.04444444444448;76.90666666666664;7.875;839.8484849515303;1800
OutputStation1;35.50;9.50;230;160;35;27.096108636868788;289.6062011829077;4.04444444444448;79.8288888888892;6.571428571428571;920.1172797655877;1800
OutputStation2;0.50;6.50;227;167;34;27.698102239705552;405.813569604391;4.044444444444451;79.3666666666665;6.676470588235294;930.3365294342989;1800
