Ident;X;Y;Transfers;InjectedTransfers;PodsHandled;PodHandlingTimeAvg;PodHandlingTimeVar;PodHandlingTimeMin;PodHandlingTimeMax;PileOn;IdleTime;UpTime
InputStation0;0.50;12.50;0;0;0;0;0;0;0;0;1800;1800
OutputStation0;35.50;3.50;244;163;35;28.603521335281247;225.67527539977445;12.498888888889041;81.91500000000012;6.9714285714285715;867.2305049216839;1800
OutputStation1;35.50;9.50;261;199;30;35.72323112183546;538.7532262298319;4.371111111110395;81.79898268030274;8.7;800.9159957409497;1800
OutputStation2;0.50;6.50;252;188;32;31.928836580776675;518.4711088120436;4.04444444444448;76.5777777777775;7.875;835.276349044389;1800
