Ident;X;Y;Transfers;InjectedTransfers;PodsHandled;PodHandlingTimeAvg;PodHandlingTimeVar;PodHandlingTimeMin;PodHandlingTimeMax;PileOn;IdleTime;UpTime
InputStation0;0.50;12.50;0;0;0;0;0;0;0;0;1800;1800
OutputStation0;35.50;3.50;180;118;36;20.747551906537346;171.51075198149155;4.044444444444423;50.88296536060443;5;1110.2040620858595;1800
OutputStation1;35.50;9.50;241;178;36;27.532779983487924;399.83716135231;4.04444444444448;66.80888888888944;6.694444444444445;879.166753265157;1800
OutputStation2;0.50;6.50;247;185;33;30.211498534465697;363.5114744246905;4.0464790838403815;80.28231601363512;7.484848484848484;853.981673859589;1800
