Ident;X;Y;Transfers;InjectedTransfers;PodsHandled;PodHandlingTimeAvg;PodHandlingTimeVar;PodHandlingTimeMin;PodHandlingTimeMax;PileOn;IdleTime;UpTime
InputStation0;0.50;12.50;0;0;0;0;0;0;0;0;1800;1800
OutputStation0;35.50;3.50;220;160;35;25.660558646334824;327.77272722864456;4.04444444444448;77.65000000000043;6.285714285714286;960.9830807307926;1800
OutputStation1;35.50;9.50;245;181;34;29.6868822666518;297.98671751388594;4.045274181316927;70.24666666666667;7.205882352941177;861.7564428358434;1800
OutputStation2;0.50;6.50;254;179;33;31.61599873235405;357.92935771393627;4.321111111110895;77.9072222222228;7.696969696969697;821.2616666666671;1800
