Ident;X;Y;Transfers;InjectedTransfers;PodsHandled;PodHandlingTimeAvg;PodHandlingTimeVar;PodHandlingTimeMin;PodHandlingTimeMax;PileOn;IdleTime;UpTime
InputStation0;0.50;12.50;0;0;0;0;0;0;0;0;1800;1800
OutputStation0;35.50;3.50;255;182;33;31.849879530685477;441.3582957383068;4.187871569190293;75.59398268030213;7.7272727272727275;823.2396970469887;1800
OutputStation1;35.50;9.50;300;228;31;38.63782874771899;457.67502273799806;4.04444444444448;79.70462483434886;9.67741935483871;647.5999928071049;1800
OutputStation2;0.50;6.50;217;149;35;25.460177077417;428.676982280394;4.062395419196491;83.92064934696879;6.2;972.020894473173;1800
