Ident;X;Y;Transfers;InjectedTransfers;PodsHandled;PodHandlingTimeAvg;PodHandlingTimeVar;PodHandlingTimeMin;PodHandlingTimeMax;PileOn;IdleTime;UpTime
InputStation0;0.50;12.50;0;0;0;0;0;0;0;0;1800;1800
OutputStation0;35.50;3.50;209;147;37;23.202537537537406;268.9565269678853;4.04444444444448;72.79463922019158;5.648648648648648;998.9392784403664;1800
OutputStation1;35.50;9.50;223;167;35;26.084890952107298;185.1245282191204;4.04444444444448;58.21444444444501;6.371428571428571;943.5948196100958;1800
OutputStation2;0.50;6.50;252;184;32;32.18985231816619;265.30947530309146;4.340367972729837;74.7623160136352;7.875;837.3723522616496;1800
