Ident;X;Y;Transfers;InjectedTransfers;PodsHandled;PodHandlingTimeAvg;PodHandlingTimeVar;PodHandlingTimeMin;PodHandlingTimeMax;PileOn;IdleTime;UpTime
InputStation0;0.50;12.50;0;0;0;0;0;0;0;0;1800;1800
OutputStation0;35.50;3.50;243;185;33;30.550263893908948;303.4890370538376;4.04444444444448;76.36129869393926;7.363636363636363;869.1435209161546;1800
OutputStation1;35.50;9.50;220;162;35;25.731587301587382;352.4150219978989;4.044444444444444;72.68166666666707;6.285714285714286;959.0451225631076;1800
OutputStation2;0.50;6.50;257;198;31;33.93320485977531;410.9492505175978;8.051111111110686;82.86231601363556;8.290322580645162;817.5054401853744;1800
