Ident;X;Y;Transfers;InjectedTransfers;PodsHandled;PodHandlingTimeAvg;PodHandlingTimeVar;PodHandlingTimeMin;PodHandlingTimeMax;PileOn;IdleTime;UpTime
InputStation0;0.50;12.50;0;0;0;0;0;0;0;0;1800;1800
OutputStation0;35.50;3.50;249;181;32;31.730947875253477;371.59000908355046;4.094906208586281;81.36611111111085;7.78125;846.3888097667409;1800
OutputStation1;35.50;9.50;263;203;33;33.07581988539901;345.06862792249035;4.071666666666488;75.45333333333383;7.96969696969697;789.0006130989395;1800
OutputStation2;0.50;6.50;252;193;32;32.58484352522117;411.05747733222023;4.160555555555447;82.9388888888891;7.875;832.9411758474203;1800
