Ident;X;Y;Transfers;InjectedTransfers;PodsHandled;PodHandlingTimeAvg;PodHandlingTimeVar;PodHandlingTimeMin;PodHandlingTimeMax;PileOn;IdleTime;UpTime
InputStation0;0.50;12.50;0;0;0;0;0;0;0;0;1800;1800
OutputStation0;35.50;3.50;251;179;32;31.618879871165163;452.13064254029865;4.04444444444448;77.26463202727021;7.84375;841.3807721934801;1800
OutputStation1;35.50;9.50;241;171;35;28.462359308831683;309.28178117640556;4.251017319698256;83.22870130606407;6.885714285714286;873.7287156919326;1800
OutputStation2;0.50;6.50;238;183;33;29.74919716758565;449.0062475548913;4.04444444444448;74.57740261212606;7.212121212121212;887.1854114136876;1800
