Ident;X;Y;Transfers;InjectedTransfers;PodsHandled;PodHandlingTimeAvg;PodHandlingTimeVar;PodHandlingTimeMin;PodHandlingTimeMax;PileOn;IdleTime;UpTime
InputStation0;0.50;12.50;0;0;0;0;0;0;0;0;1800;1800
OutputStation0;35.50;3.50;229;169;31;30.483843970006962;432.86511752734975;4.04444444444448;75.48787156919104;7.387096774193548;924.1681313646482;1800
OutputStation1;35.50;9.50;269;216;33;33.562328916651396;432.96281279874995;4.19333333333293;80.78101731969878;8.151515151515152;775.1664359263377;1800
OutputStation2;0.50;6.50;224;164;33;27.876324064034662;322.4067742826694;4.186479083840709;69.23157287525356;6.787878787878788;943.5629725535366;1800
