Ident;X;Y;Transfers;InjectedTransfers;PodsHandled;PodHandlingTimeAvg;PodHandlingTimeVar;PodHandlingTimeMin;PodHandlingTimeMax;PileOn;IdleTime;UpTime
InputStation0;0.50;12.50;0;0;0;0;0;0;0;0;1800;1800
OutputStation0;35.50;3.50;223;160;33;27.826546221495594;386.51817612283344;4.04444444444448;72.67611111111182;6.757575757575758;948.9864439159498;1800
OutputStation1;35.50;9.50;262;205;31;34.875009308617855;479.759818606461;4.276760458079252;78.72731601363517;8.451612903225806;795.1230594354006;1800
OutputStation2;0.50;6.50;222;161;29;30.781867692076222;336.1219319169105;4.202777777777669;78.36611111111102;7.655172413793103;948.8182826994747;1800
