Ident;X;Y;Transfers;InjectedTransfers;PodsHandled;PodHandlingTimeAvg;PodHandlingTimeVar;PodHandlingTimeMin;PodHandlingTimeMax;PileOn;IdleTime;UpTime
InputStation0;0.50;12.50;0;0;0;0;0;0;0;0;1800;1800
OutputStation0;35.50;3.50;197;139;36;22.744205546618588;265.12010117532685;4.044444444444423;71.89787156919067;5.472222222222222;1041.851053284299;1800
OutputStation1;35.50;9.50;234;173;35;27.66856297828323;246.49687820879274;4.085555555555629;66.77240261212705;6.685714285714286;901.8181241717374;1800
OutputStation2;0.50;6.50;220;158;37;24.470545221540156;352.9403740400385;4.04444444444448;72.88481241717392;5.945945945945946;960.2726114903078;1800
