Ident;X;Y;Transfers;InjectedTransfers;PodsHandled;PodHandlingTimeAvg;PodHandlingTimeVar;PodHandlingTimeMin;PodHandlingTimeMax;PileOn;IdleTime;UpTime
InputStation0;0.50;12.50;0;0;0;0;0;0;0;0;1800;1800
OutputStation0;35.50;3.50;237;159;34;28.03731049649321;342.5252730257272;4.04444444444448;66.99388888888888;6.970588235294118;889.7223948523554;1800
OutputStation1;35.50;9.50;258;197;32;33.09617514314942;437.6809707102366;4.366666666666561;80.32233039947732;8.0625;808.5083405262401;1800
OutputStation2;0.50;6.50;277;218;29;39.137371996708836;487.74207097248404;4.133888888889032;73.11388888888865;9.551724137931034;739.9748561415602;1800
