Ident;X;Y;Transfers;InjectedTransfers;PodsHandled;PodHandlingTimeAvg;PodHandlingTimeVar;PodHandlingTimeMin;PodHandlingTimeMax;PileOn;IdleTime;UpTime
InputStation0;0.50;12.50;0;0;0;0;0;0;0;0;1800;1800
OutputStation0;35.50;3.50;214;145;36;24.341509940165103;382.8795635428663;4.04444444444448;84.19675326515772;5.944444444444445;978.8195888697168;1800
OutputStation1;35.50;9.50;252;181;33;31.39046022978246;527.4022510681491;4.04444444444448;84.14777777777886;7.636363636363637;832.3644395704565;1800
OutputStation2;0.50;6.50;195;138;36;22.11618346057816;363.8566043576497;4.04444444444448;83.65555555555571;5.416666666666667;1051.6020634111076;1800
