Ident;X;Y;Transfers;InjectedTransfers;PodsHandled;PodHandlingTimeAvg;PodHandlingTimeVar;PodHandlingTimeMin;PodHandlingTimeMax;PileOn;IdleTime;UpTime
InputStation0;0.50;12.50;0;0;0;0;0;0;0;0;1800;1800
OutputStation0;35.50;3.50;234;170;35;27.182015931882077;357.9894439532199;4.07990620858709;69.94657287525354;6.685714285714286;903.5361874443738;1800
OutputStation1;35.50;9.50;202;143;37;22.299849655446703;174.8078923005915;4.056666666666615;59.438232348998326;5.45945945945946;1026.5573632918015;1800
OutputStation2;0.50;6.50;224;161;34;26.71661758646132;243.15759397607957;4.198896081810744;71.29166666666708;6.588235294117647;937.5946227740329;1800
