Ident;X;Y;Transfers;InjectedTransfers;PodsHandled;PodHandlingTimeAvg;PodHandlingTimeVar;PodHandlingTimeMin;PodHandlingTimeMax;PileOn;IdleTime;UpTime
InputStation0;0.50;12.50;0;0;0;0;0;0;0;0;1800;1800
OutputStation0;35.50;3.50;225;162;37;25.00071467889779;280.6690928698814;4.319444444444436;66.72935065303159;6.081081081081081;941.6176255927836;1800
OutputStation1;35.50;9.50;248;190;35;29.458778188802068;304.18234960201045;8.154906208587136;66.93277777777939;7.085714285714285;851.6067673675972;1800
OutputStation2;0.50;6.50;226;164;33;27.583806893478624;350.4288742589358;4.241111111110968;71.20166666666682;6.848484848484849;929.9911979929765;1800
