Ident;X;Y;Transfers;InjectedTransfers;PodsHandled;PodHandlingTimeAvg;PodHandlingTimeVar;PodHandlingTimeMin;PodHandlingTimeMax;PileOn;IdleTime;UpTime
InputStation0;0.50;12.50;0;0;0;0;0;0;0;0;1800;1800
OutputStation0;35.50;3.50;225;163;34;26.86327603801261;265.9586938110282;4.07268398636495;72.33000000000027;6.617647058823529;938.2899856141526;1800
OutputStation1;35.50;9.50;268;208;34;32.45521241830073;313.32470752873655;4.0727777777777305;81.32990620858698;7.882352941176471;778.5095813933976;1800
OutputStation2;0.50;6.50;241;184;32;30.704634967108973;490.8283065468433;4.058888888888532;79.77370130606334;7.53125;876.0143650388713;1800
