Ident;X;Y;Transfers;InjectedTransfers;PodsHandled;PodHandlingTimeAvg;PodHandlingTimeVar;PodHandlingTimeMin;PodHandlingTimeMax;PileOn;IdleTime;UpTime
InputStation0;0.50;12.50;0;0;0;0;0;0;0;0;1800;1800
OutputStation0;35.50;3.50;229;163;35;26.70650319353485;261.61347496553356;8.304444444444698;81.87787156919092;6.542857142857143;923.0117676509876;1800
OutputStation1;35.50;9.50;249;184;34;30.012864994266014;378.8812929356492;4.04444444444448;80.69611111111146;7.323529411764706;853.1864646979918;1800
OutputStation2;0.50;6.50;257;196;31;33.75461527541497;596.4532148382918;4.04444444444448;84.26500000000033;8.290322580645162;815.7736362863425;1800
