Ident;X;Y;Transfers;InjectedTransfers;PodsHandled;PodHandlingTimeAvg;PodHandlingTimeVar;PodHandlingTimeMin;PodHandlingTimeMax;PileOn;IdleTime;UpTime
InputStation0;0.50;12.50;0;0;0;0;0;0;0;0;1800;1800
OutputStation0;35.50;3.50;228;166;34;27.43031101158469;416.1198102715497;4.04444444444448;77.24620490252391;6.705882352941177;926.1071733003776;1800
OutputStation1;35.50;9.50;244;184;36;27.996126343406562;188.25475567467183;4.04444444444448;73.17239541920321;6.777777777777778;864.0976480217421;1800
OutputStation2;0.50;6.50;229;165;33;27.887337443143394;309.13963790787454;4.04444444444448;80.11166666666668;6.9393939393939394;922.4697042399007;1800
