Ident;X;Y;Transfers;InjectedTransfers;PodsHandled;PodHandlingTimeAvg;PodHandlingTimeVar;PodHandlingTimeMin;PodHandlingTimeMax;PileOn;IdleTime;UpTime
InputStation0;0.50;12.50;0;0;0;0;0;0;0;0;1800;1800
OutputStation0;35.50;3.50;212;147;36;24.079023566160725;382.77228337318763;4.064444444444234;75.81787156919108;5.888888888888889;982.9398624842204;1800
OutputStation1;35.50;9.50;268;202;32;33.443970057260195;295.4667700547036;4.413333333333867;70.99953823585952;8.375;774.7053967444325;1800
OutputStation2;0.50;6.50;221;159;34;26.442929287624793;297.4078440627723;4.04444444444448;64.68055555555588;6.5;954.7439829637125;1800
