Ident;X;Y;Transfers;InjectedTransfers;PodsHandled;PodHandlingTimeAvg;PodHandlingTimeVar;PodHandlingTimeMin;PodHandlingTimeMax;PileOn;IdleTime;UpTime
InputStation0;0.50;12.50;0;0;0;0;0;0;0;0;1800;1800
OutputStation0;35.50;3.50;262;197;33;32.784508506413054;432.0900420296809;4.04444444444448;81.48888888889019;7.9393939393939394;797.0049778543607;1800
OutputStation1;35.50;9.50;261;188;34;31.442608227273336;302.02668197132635;4.044444444444451;83.44277777777825;7.676470588235294;799.8536014554168;1800
OutputStation2;0.50;6.50;214;150;34;25.7718113900324;414.93324685443747;4.166666666666686;85.73833333333334;6.294117647058823;981.7333836837862;1800
