Ident;X;Y;Transfers;InjectedTransfers;PodsHandled;PodHandlingTimeAvg;PodHandlingTimeVar;PodHandlingTimeMin;PodHandlingTimeMax;PileOn;IdleTime;UpTime
InputStation0;0.50;12.50;0;0;0;0;0;0;0;0;1800;1800
OutputStation0;35.50;3.50;252;186;31;33.52043685467546;615.1864123518006;4.044444444444451;84.62722222222214;8.129032258064516;835.5603029529884;1800
OutputStation1;35.50;9.50;248;173;31;32.88634478211117;426.1501026389211;4.04444444444448;75.43222222222221;8;853.936962426768;1800
OutputStation2;0.50;6.50;239;177;32;28.7926652677238;252.24276143994481;4.231111111111204;60.09787156919049;7.46875;885.5277633919465;1800
