Ident;X;Y;Transfers;InjectedTransfers;PodsHandled;PodHandlingTimeAvg;PodHandlingTimeVar;PodHandlingTimeMin;PodHandlingTimeMax;PileOn;IdleTime;UpTime
InputStation0;0.50;12.50;0;0;0;0;0;0;0;0;1800;1800
OutputStation0;35.50;3.50;210;142;37;23.03831090801244;342.94696379767856;4.04444444444448;83.90259019495124;5.675675675675675;994.9611905166774;1800
OutputStation1;35.50;9.50;233;171;34;27.812315167409125;482.8580056349751;4.089999999999975;83.32620490252395;6.852941176470588;908.0502741813065;1800
OutputStation2;0.50;6.50;235;184;30;31.931080806363124;364.49133513039857;4.04444444444448;81.38287156919137;7.833333333333333;904.2765081389483;1800
