Ident;X;Y;Transfers;InjectedTransfers;PodsHandled;PodHandlingTimeAvg;PodHandlingTimeVar;PodHandlingTimeMin;PodHandlingTimeMax;PileOn;IdleTime;UpTime
InputStation0;0.50;12.50;0;0;0;0;0;0;0;0;1800;1800
OutputStation0;35.50;3.50;261;201;30;34.66512361663288;572.2401841045216;4.044444444444423;81.45953823585796;8.7;801.279769515063;1800
OutputStation1;35.50;9.50;236;175;35;27.543367348095614;192.171330378771;4.04444444444448;69.35777777777798;6.742857142857143;896.9785640736848;1800
OutputStation2;0.50;6.50;247;194;31;32.839552203355886;227.9786029900988;4.280000000000086;68.33777777777755;7.967741935483871;852.4656133823655;1800
