Ident;X;Y;Transfers;InjectedTransfers;PodsHandled;PodHandlingTimeAvg;PodHandlingTimeVar;PodHandlingTimeMin;PodHandlingTimeMax;PileOn;IdleTime;UpTime
InputStation0;0.50;12.50;0;0;0;0;0;0;0;0;1800;1800
OutputStation0;35.50;3.50;223;160;34;26.81675451782462;332.59592737038776;4.070461764141328;82.1389826803017;6.5588235294117645;944.898686353373;1800
OutputStation1;35.50;9.50;217;154;36;24.96108706384745;285.2759319622838;4.04444444444448;77.87444444444449;6.027777777777778;969.8302676685073;1800
OutputStation2;0.50;6.50;271;209;29;37.33591282382458;504.8415389307718;4.291017319698085;77.13565653989076;9.344827586206897;761.0133117545486;1800
