Ident;X;Y;Transfers;InjectedTransfers;PodsHandled;PodHandlingTimeAvg;PodHandlingTimeVar;PodHandlingTimeMin;PodHandlingTimeMax;PileOn;IdleTime;UpTime
InputStation0;0.50;12.50;0;0;0;0;0;0;0;0;1800;1800
OutputStation0;35.50;3.50;272;204;32;35.03558464059349;422.1411087908872;4.08888888888896;79.04407647171547;8.5;760.4857236818023;1800
OutputStation1;35.50;9.50;257;185;31;34.28669572301261;313.83908946376124;4.04444444444448;67.27323954192093;8.290322580645162;815.005871975031;1800
OutputStation2;0.50;6.50;233;159;33;28.96496939009765;390.3844841021317;4.262128430808957;73.00666666666663;7.0606060606060606;906.7367460722312;1800
