Ident;X;Y;Transfers;InjectedTransfers;PodsHandled;PodHandlingTimeAvg;PodHandlingTimeVar;PodHandlingTimeMin;PodHandlingTimeMax;PileOn;IdleTime;UpTime
InputStation0;0.50;12.50;0;0;0;0;0;0;0;0;1800;1800
OutputStation0;35.50;3.50;252;182;33;30.984707902418332;414.9851530820682;4.357222222222219;78.54935065303266;7.636363636363637;836.0795094641815;1800
OutputStation1;35.50;9.50;260;190;34;31.435993761898906;242.76531021757714;4.04444444444448;77.40333333333388;7.647058823529412;804.2198196101044;1800
OutputStation2;0.50;6.50;225;160;34;27.224267464453643;357.3405581371878;4.2177777777776555;70.18185424949223;6.617647058823529;937.0389826803148;1800
