Ident;X;Y;Transfers;InjectedTransfers;PodsHandled;PodHandlingTimeAvg;PodHandlingTimeVar;PodHandlingTimeMin;PodHandlingTimeMax;PileOn;IdleTime;UpTime
InputStation0;0.50;12.50;0;0;0;0;0;0;0;0;1800;1800
OutputStation0;35.50;3.50;256;188;31;33.463745055653796;441.2113242863769;4.321666666666488;79.67003596460881;8.258064516129032;820.1229078172464;1800
OutputStation1;35.50;9.50;274;209;31;35.83564284099293;501.2113977514792;4.04444444444448;74.86352810908124;8.838709677419354;745.6955475123493;1800
OutputStation2;0.50;6.50;221;155;35;25.648026592034416;278.4639946913863;4.070555555555302;71.27398268030231;6.314285714285714;951.0572581868131;1800
