Ident;X;Y;Transfers;InjectedTransfers;PodsHandled;PodHandlingTimeAvg;PodHandlingTimeVar;PodHandlingTimeMin;PodHandlingTimeMax;PileOn;IdleTime;UpTime
InputStation0;0.50;12.50;0;0;0;0;0;0;0;0;1800;1800
OutputStation0;35.50;3.50;224;162;34;26.593134919444125;262.95961844842896;4.04444444444448;71.27499280707855;6.588235294117647;941.7981169788076;1800
OutputStation1;35.50;9.50;275;216;32;35.02921288803665;523.8786201906156;4.141666666666197;81.25388888888938;8.59375;751.7059853246915;1800
OutputStation2;0.50;6.50;229;159;31;29.87740166572149;349.05680983505835;4.04444444444448;70.30240980504811;7.387096774193548;925.0458587919801;1800
