Ident;X;Y;Transfers;InjectedTransfers;PodsHandled;PodHandlingTimeAvg;PodHandlingTimeVar;PodHandlingTimeMin;PodHandlingTimeMax;PileOn;IdleTime;UpTime
InputStation0;0.50;12.50;0;0;0;0;0;0;0;0;1800;1800
OutputStation0;35.50;3.50;241;177;34;29.222270818716993;241.8200338476925;4.16944444444448;62.20111111111396;7.088235294117647;879.1637807116417;1800
OutputStation1;35.50;9.50;241;173;34;29.134308419904748;399.37914966416815;4.044444444444423;82.03185424949243;7.088235294117647;883.770750331317;1800
OutputStation2;0.50;6.50;223;171;33;27.99535637751758;364.2429558745288;4.059999999999718;72.47814575050518;6.757575757575758;943.4738673101108;1800
