Ident;X;Y;Transfers;InjectedTransfers;PodsHandled;PodHandlingTimeAvg;PodHandlingTimeVar;PodHandlingTimeMin;PodHandlingTimeMax;PileOn;IdleTime;UpTime
InputStation0;0.50;12.50;0;0;0;0;0;0;0;0;1800;1800
OutputStation0;35.50;3.50;258;196;30;35.229599564645824;593.8993090498246;4.317777777777337;82.0427777777773;8.6;812.6819557541884;1800
OutputStation1;35.50;9.50;246;179;34;29.73633498680878;340.9123679631341;4.04444444444448;77.29314575050762;7.235294117647059;852.4266743799266;1800
OutputStation2;0.50;6.50;233;161;35;27.293735723751574;305.66851688049184;4.189350653031852;73.71268398636505;6.6571428571428575;907.1744660232074;1800
