Ident;X;Y;Transfers;InjectedTransfers;PodsHandled;PodHandlingTimeAvg;PodHandlingTimeVar;PodHandlingTimeMin;PodHandlingTimeMax;PileOn;IdleTime;UpTime
InputStation0;0.50;12.50;0;0;0;0;0;0;0;0;1800;1800
OutputStation0;35.50;3.50;234;175;34;28.464343435101345;331.08648709070314;4.075461764139391;72.03666666666672;6.882352941176471;902.4573306828698;1800
OutputStation1;35.50;9.50;238;171;36;27.197917865487682;246.0537433524034;4.109444444444534;67.01277777777807;6.611111111111111;888.1485137232618;1800
OutputStation2;0.50;6.50;251;188;32;31.941271407131048;288.6005462667818;4.263888888888914;72.37333333333504;7.84375;835.1643213145487;1800
