Ident;X;Y;Transfers;InjectedTransfers;PodsHandled;PodHandlingTimeAvg;PodHandlingTimeVar;PodHandlingTimeMin;PodHandlingTimeMax;PileOn;IdleTime;UpTime
InputStation0;0.50;12.50;0;0;0;0;0;0;0;0;1800;1800
OutputStation0;35.50;3.50;227;158;34;27.177619896226954;358.53727442326596;4.044444444444451;77.39166666666642;6.676470588235294;930.8514718909239;1800
OutputStation1;35.50;9.50;266;199;32;33.841360253408986;580.854743303824;4.16564934697044;85.1750937914137;8.3125;780.3989898732243;1800
OutputStation2;0.50;6.50;255;191;31;33.391565190843984;372.0815466213347;8.08888888888896;66.98333333333346;8.225806451612904;821.6956493469692;1800
