Ident;X;Y;Transfers;InjectedTransfers;PodsHandled;PodHandlingTimeAvg;PodHandlingTimeVar;PodHandlingTimeMin;PodHandlingTimeMax;PileOn;IdleTime;UpTime
InputStation0;0.50;12.50;0;0;0;0;0;0;0;0;1800;1800
OutputStation0;35.50;3.50;252;191;32;32.35978557992458;476.84205570396307;4.044444444444444;75.95075033130456;7.875;836.5016301352254;1800
OutputStation1;35.50;9.50;200;141;39;21.10140729820048;230.65731822287395;4.044444444444451;63.46387450304087;5.128205128205129;1034.4249059251854;1800
OutputStation2;0.50;6.50;193;134;38;20.803817311231608;196.5999619948036;4.04444444444448;52.768333333333885;5.078947368421052;1059.8793869010578;1800
