Ident;X;Y;Transfers;InjectedTransfers;PodsHandled;PodHandlingTimeAvg;PodHandlingTimeVar;PodHandlingTimeMin;PodHandlingTimeMax;PileOn;IdleTime;UpTime
InputStation0;0.50;12.50;0;0;0;0;0;0;0;0;1800;1800
OutputStation0;35.50;3.50;286;217;28;41.67264919485916;367.4227979343306;8.205555555555549;81.12611111111153;10.214285714285714;702.8973088207099;1800
OutputStation1;35.50;9.50;263;196;35;30.926576582568924;317.49162353758106;4.047683986364632;74.18240261212918;7.514285714285714;797.0530159944681;1800
OutputStation2;0.50;6.50;230;164;34;27.79976530157529;316.8753769437941;4.075461764142801;76.64444444444325;6.764705882352941;919.3099134015115;1800
