Ident;X;Y;Transfers;InjectedTransfers;PodsHandled;PodHandlingTimeAvg;PodHandlingTimeVar;PodHandlingTimeMin;PodHandlingTimeMax;PileOn;IdleTime;UpTime
InputStation0;0.50;12.50;0;0;0;0;0;0;0;0;1800;1800
OutputStation0;35.50;3.50;250;185;30;33.96857118745771;461.16613141887507;4.376111111111413;81.93500000000085;8.333333333333334;843.2008496035929;1800
OutputStation1;35.50;9.50;286;222;31;36.939501001385146;317.16777157097613;8.530555555555566;77.09000000000049;9.225806451612904;701.1980584070304;1800
OutputStation2;0.50;6.50;192;128;34;23.32560691062143;320.1815112144115;4.04444444444448;70.97555555555596;5.647058823529412;1064.904790554988;1800
