Ident;X;Y;Transfers;InjectedTransfers;PodsHandled;PodHandlingTimeAvg;PodHandlingTimeVar;PodHandlingTimeMin;PodHandlingTimeMax;PileOn;IdleTime;UpTime
InputStation0;0.50;12.50;0;0;0;0;0;0;0;0;1800;1800
OutputStation0;35.50;3.50;205;143;39;21.65186591243205;139.92584911972378;4.141111111109353;55.070555555555984;5.256410256410256;1014.0127561989963;1800
OutputStation1;35.50;9.50;234;167;34;27.676751124584005;401.42193798920925;4.04444444444448;81.65277777777806;6.882352941176471;900.7279800298543;1800
OutputStation2;0.50;6.50;206;150;35;24.187516181284114;289.1855076832086;4.10546176414266;71.9644444444449;5.885714285714286;1013.2277418131551;1800
