Ident;X;Y;Transfers;InjectedTransfers;PodsHandled;PodHandlingTimeAvg;PodHandlingTimeVar;PodHandlingTimeMin;PodHandlingTimeMax;PileOn;IdleTime;UpTime
InputStation0;0.50;12.50;0;0;0;0;0;0;0;0;1800;1800
OutputStation0;35.50;3.50;250;181;32;32.3548410437971;342.42787015463176;8.370649346968548;70.74564934696843;7.8125;846.3875830020247;1800
OutputStation1;35.50;9.50;247;190;34;29.950395338546826;300.57247366566355;4.175000000000182;76.77185424949357;7.264705882352941;854.4496392201951;1800
OutputStation2;0.50;6.50;237;170;35;27.50575675076438;195.25789870191508;4.095649346967775;58.069076471714595;6.771428571428571;894.0282248726876;1800
