Ident;X;Y;Transfers;InjectedTransfers;PodsHandled;PodHandlingTimeAvg;PodHandlingTimeVar;PodHandlingTimeMin;PodHandlingTimeMax;PileOn;IdleTime;UpTime
InputStation0;0.50;12.50;0;0;0;0;0;0;0;0;1800;1800
OutputStation0;35.50;3.50;256;190;31;33.65469836603152;473.30334076612303;4.04444444444448;82.97222222222251;8.258064516129032;816.9271862576101;1800
OutputStation1;35.50;9.50;249;181;34;30.343849625890133;291.15868471155966;4.04444444444448;66.78018758282576;7.323529411764706;840.9488454479276;1800
OutputStation2;0.50;6.50;216;161;31;28.447999346659895;522.7431469916583;4.04444444444448;80.14842712474729;6.967741935483871;972.0433477191713;1800
