Ident;X;Y;Transfers;InjectedTransfers;PodsHandled;PodHandlingTimeAvg;PodHandlingTimeVar;PodHandlingTimeMin;PodHandlingTimeMax;PileOn;IdleTime;UpTime
InputStation0;0.50;12.50;0;0;0;0;0;0;0;0;1800;1800
OutputStation0;35.50;3.50;249;179;33;31.138805367706837;473.724184083069;4.04444444444448;76.86444444444476;7.545454545454546;843.4268323872952;1800
OutputStation1;35.50;9.50;264;202;34;32.04274085857261;333.95158591027825;4.135649346968428;70.33110391818937;7.764705882352941;785.0434855183905;1800
OutputStation2;0.50;6.50;249;185;31;32.75558069705303;474.6197778807094;4.04444444444448;77.8506493469697;8.03225806451613;849.2214940365521;1800
