Ident;X;Y;Transfers;InjectedTransfers;PodsHandled;PodHandlingTimeAvg;PodHandlingTimeVar;PodHandlingTimeMin;PodHandlingTimeMax;PileOn;IdleTime;UpTime
InputStation0;0.50;12.50;0;0;0;0;0;0;0;0;1800;1800
OutputStation0;35.50;3.50;246;178;30;33.59090524008326;444.9658961436091;4.14888888888845;81.52564934696943;8.2;860.9630519590847;1800
OutputStation1;35.50;9.50;261;189;34;31.764030007457542;541.3982852458855;4.04444444444448;76.07777777777775;7.676470588235294;800.7430663449431;1800
OutputStation2;0.50;6.50;242;171;34;29.074624183006584;362.5436739901944;4.044444444444451;81.08064934696927;7.117647058823529;869.9749062085857;1800
