Ident;X;Y;Transfers;InjectedTransfers;PodsHandled;PodHandlingTimeAvg;PodHandlingTimeVar;PodHandlingTimeMin;PodHandlingTimeMax;PileOn;IdleTime;UpTime
InputStation0;0.50;12.50;0;0;0;0;0;0;0;0;1800;1800
OutputStation0;35.50;3.50;259;192;33;32.21571800342837;484.13443043119184;4.208982680301915;77.79500000000053;7.848484848484849;810.6035931288045;1800
OutputStation1;35.50;9.50;229;163;34;27.63726317767362;336.4363554344349;4.0550937914126735;68.87212843080941;6.735294117647059;924.4002669883948;1800
OutputStation2;0.50;6.50;252;178;32;32.0725604267208;276.3528430310516;4.04444444444448;73.4549062085868;7.875;832.4397473974435;1800
