Ident;X;Y;Transfers;InjectedTransfers;PodsHandled;PodHandlingTimeAvg;PodHandlingTimeVar;PodHandlingTimeMin;PodHandlingTimeMax;PileOn;IdleTime;UpTime
InputStation0;0.50;12.50;0;0;0;0;0;0;0;0;1800;1800
OutputStation0;35.50;3.50;241;184;31;32.036027324405566;470.1545440880694;4.125;76.50407647171468;7.774193548387097;877.3410751465047;1800
OutputStation1;35.50;9.50;246;181;34;29.968624269295997;365.77463436506065;4.04444444444448;78.78815294342937;7.235294117647059;854.441385547851;1800
OutputStation2;0.50;6.50;252;182;32;32.14861111111126;479.2115402121037;4.139444444444052;82.04444444444516;7.875;835.9285424949298;1800
