Ident;X;Y;Transfers;InjectedTransfers;PodsHandled;PodHandlingTimeAvg;PodHandlingTimeVar;PodHandlingTimeMin;PodHandlingTimeMax;PileOn;IdleTime;UpTime
InputStation0;0.50;12.50;0;0;0;0;0;0;0;0;1800;1800
OutputStation0;35.50;3.50;234;164;33;29.329118458861643;508.62264002684196;4.0754617641423465;81.23444444444439;7.090909090909091;903.5026333524819;1800
OutputStation1;35.50;9.50;283;216;30;38.555552668939264;635.8041058810912;4.292316013635173;85.40352091615978;9.433333333333334;713.0074098050434;1800
OutputStation2;0.50;6.50;263;197;30;36.08810509811448;702.7712104568326;4.246572875253605;80.96537516565468;8.766666666666667;792.960642154065;1800
