Ident;X;Y;Transfers;InjectedTransfers;PodsHandled;PodHandlingTimeAvg;PodHandlingTimeVar;PodHandlingTimeMin;PodHandlingTimeMax;PileOn;IdleTime;UpTime
InputStation0;0.50;12.50;0;0;0;0;0;0;0;0;1800;1800
OutputStation0;35.50;3.50;273;214;31;36.14105199270079;368.32640792744775;4.217777777777769;72.17009379141314;8.806451612903226;753.2118251943803;1800
OutputStation1;35.50;9.50;267;206;33;33.46852201458466;462.41722525834496;4.04444444444448;79.82611111111169;8.090909090909092;780.270086598468;1800
OutputStation2;0.50;6.50;220;154;35;25.958775509047392;352.3468618800366;4.04444444444448;71.97054836263408;6.285714285714286;956.497820935311;1800
