Ident;X;Y;Transfers;InjectedTransfers;PodsHandled;PodHandlingTimeAvg;PodHandlingTimeVar;PodHandlingTimeMin;PodHandlingTimeMax;PileOn;IdleTime;UpTime
InputStation0;0.50;12.50;0;0;0;0;0;0;0;0;1800;1800
OutputStation0;35.50;3.50;223;160;34;26.795833544889906;345.9461336859339;4.07722222222219;70.97250359646205;6.5588235294117645;944.5064356428799;1800
OutputStation1;35.50;9.50;227;173;34;27.20263029584098;395.82706699297273;4.04444444444448;70.44944444444491;6.676470588235294;929.5301588111327;1800
OutputStation2;0.50;6.50;245;179;35;28.57645743219376;305.2470802873278;4.332409805051384;66.18666666666661;7;861.9992568616142;1800
