Ident;X;Y;Transfers;InjectedTransfers;PodsHandled;PodHandlingTimeAvg;PodHandlingTimeVar;PodHandlingTimeMin;PodHandlingTimeMax;PileOn;IdleTime;UpTime
InputStation0;0.50;12.50;0;0;0;0;0;0;0;0;1800;1800
OutputStation0;35.50;3.50;251;182;31;32.70820858139406;395.65022428804707;4.044444444444423;79.95251078938759;8.096774193548388;840.6260245126296;1800
OutputStation1;35.50;9.50;252;183;34;30.25613212189597;463.0865971829866;4.107128430809553;79.84323954192038;7.411764705882353;830.7500143858479;1800
OutputStation2;0.50;6.50;233;171;35;27.455873221384994;199.472034591288;4.04444444444448;53.0266666666671;6.6571428571428575;910.3802741813054;1800
