Ident;X;Y;Transfers;InjectedTransfers;PodsHandled;PodHandlingTimeAvg;PodHandlingTimeVar;PodHandlingTimeMin;PodHandlingTimeMax;PileOn;IdleTime;UpTime
InputStation0;0.50;12.50;0;0;0;0;0;0;0;0;1800;1800
OutputStation0;35.50;3.50;225;154;36;25.537978195258148;178.3583270577419;4.04444444444448;62.501854249492425;6.25;939.4155339767656;1800
OutputStation1;35.50;9.50;225;163;33;27.848069221457184;427.777372447637;4.100555555555729;81.13000000000005;6.818181818181818;938.2007143666768;1800
OutputStation2;0.50;6.50;246;179;33;30.40260133705221;431.85700285386156;4.04444444444448;73.13611111111089;7.454545454545454;853.7896464130968;1800
