Ident;X;Y;Transfers;InjectedTransfers;PodsHandled;PodHandlingTimeAvg;PodHandlingTimeVar;PodHandlingTimeMin;PodHandlingTimeMax;PileOn;IdleTime;UpTime
InputStation0;0.50;12.50;0;0;0;0;0;0;0;0;1800;1800
OutputStation0;35.50;3.50;243;166;32;30.97265692433671;424.8473580608399;4.04444444444448;80.99555555555531;7.59375;866.349538235854;1800
OutputStation1;35.50;9.50;246;162;31;32.427070240517764;635.4782279313249;4.08055555555552;79.06055555555542;7.935483870967742;855.2854545712062;1800
OutputStation2;0.50;6.50;283;218;27;42.75070226301966;813.2326609940966;4.04444444444448;83.43879509747586;10.481481481481481;714.9422581868416;1800
