Ident;X;Y;Transfers;InjectedTransfers;PodsHandled;PodHandlingTimeAvg;PodHandlingTimeVar;PodHandlingTimeMin;PodHandlingTimeMax;PileOn;IdleTime;UpTime
InputStation0;0.50;12.50;0;0;0;0;0;0;0;0;1800;1800
OutputStation0;35.50;3.50;257;186;31;34.00323255359967;460.7759378860717;12.062777777778138;79.43842712474293;8.290322580645162;813.5848699605419;1800
OutputStation1;35.50;9.50;219;162;36;24.829926244036788;338.15079933161445;4.04444444444448;76.11555555555606;6.083333333333333;957.476089532336;1800
OutputStation2;0.50;6.50;262;200;33;32.25827451975801;194.86827876554702;12.460093791412987;61.82111111111158;7.9393939393939394;797.271767650996;1800
