Ident;X;Y;Transfers;InjectedTransfers;PodsHandled;PodHandlingTimeAvg;PodHandlingTimeVar;PodHandlingTimeMin;PodHandlingTimeMax;PileOn;IdleTime;UpTime
InputStation0;0.50;12.50;0;0;0;0;0;0;0;0;1800;1800
OutputStation0;35.50;3.50;214;154;35;25.188206143694423;279.15908465947564;4.044444444444423;75.82398268030187;6.114285714285714;980.1060173197028;1800
OutputStation1;35.50;9.50;237;177;34;28.498439859818497;344.6199523475877;4.107683986365146;76.94611111111111;6.970588235294118;892.3427561990194;1800
OutputStation2;0.50;6.50;233;177;32;30.312693678425095;389.052467141525;4.173333333333403;76.13453823585712;7.28125;907.3986362863318;1800
