Ident;X;Y;Transfers;InjectedTransfers;PodsHandled;PodHandlingTimeAvg;PodHandlingTimeVar;PodHandlingTimeMin;PodHandlingTimeMax;PileOn;IdleTime;UpTime
InputStation0;0.50;12.50;0;0;0;0;0;0;0;0;1800;1800
OutputStation0;35.50;3.50;274;202;31;36.19536680343816;330.5915813677829;8.398982680301856;79.51398268030178;8.838709677419354;750.7811401662043;1800
OutputStation1;35.50;9.50;263;197;33;32.76338012435056;361.53719067875886;4.04444444444448;79.39398268030186;7.96969696969697;794.6005989965151;1800
OutputStation2;0.50;6.50;246;171;33;30.718479818058746;249.78300568699606;4.204538235858536;67.45398268030172;7.454545454545454;857.2971137615245;1800
