Ident;X;Y;Transfers;InjectedTransfers;PodsHandled;PodHandlingTimeAvg;PodHandlingTimeVar;PodHandlingTimeMin;PodHandlingTimeMax;PileOn;IdleTime;UpTime
InputStation0;0.50;12.50;0;0;0;0;0;0;0;0;1800;1800
OutputStation0;35.50;3.50;266;207;33;33.340061873706695;492.25310736551455;4.04444444444448;83.69287156919097;8.06060606060606;777.8349928070983;1800
OutputStation1;35.50;9.50;275;212;32;35.37105316581448;316.43350907700125;4.1294444444440614;75.10611111111132;8.59375;744.3612843080866;1800
OutputStation2;0.50;6.50;272;211;30;36.97219721117867;572.6308946374794;4.04444444444448;74.23268398636412;9.066666666666666;758.7224964035323;1800
