Ident;X;Y;Transfers;InjectedTransfers;PodsHandled;PodHandlingTimeAvg;PodHandlingTimeVar;PodHandlingTimeMin;PodHandlingTimeMax;PileOn;IdleTime;UpTime
InputStation0;0.50;12.50;0;0;0;0;0;0;0;0;1800;1800
OutputStation0;35.50;3.50;231;164;33;28.676706238995756;380.1164390129149;4.204999999999927;74.9978715691908;7;914.3564068712;1800
OutputStation1;35.50;9.50;223;156;36;25.223618927062287;272.59682383554986;4.04444444444448;64.59092352828526;6.194444444444445;946.9916594737435;1800
OutputStation2;0.50;6.50;272;214;31;35.73452823115;351.10612809461986;4.044444444444423;79.96240980504831;8.774193548387096;756.3884271247355;1800
