Ident;X;Y;Transfers;InjectedTransfers;PodsHandled;PodHandlingTimeAvg;PodHandlingTimeVar;PodHandlingTimeMin;PodHandlingTimeMax;PileOn;IdleTime;UpTime
InputStation0;0.50;12.50;0;0;0;0;0;0;0;0;1800;1800
OutputStation0;35.50;3.50;267;197;31;35.47308010783584;221.2519937128159;8.08944444444478;62.937590194950644;8.612903225806452;781.6068108085274;1800
OutputStation1;35.50;9.50;252;179;34;30.294389696138133;292.513047219776;4.04444444444448;66.58564934696818;7.411764705882353;832.9399803852225;1800
OutputStation2;0.50;6.50;235;167;34;28.102197818196533;427.40793225496617;4.04444444444448;78.47989901566496;6.911764705882353;896.0841630702052;1800
