Ident;X;Y;Transfers;InjectedTransfers;PodsHandled;PodHandlingTimeAvg;PodHandlingTimeVar;PodHandlingTimeMin;PodHandlingTimeMax;PileOn;IdleTime;UpTime
InputStation0;0.50;12.50;0;0;0;0;0;0;0;0;1800;1800
OutputStation0;35.50;3.50;208;145;35;24.388260149811508;218.68528090091385;4.23111111111109;68.06388888888875;5.942857142857143;1002.1709019495145;1800
OutputStation1;35.50;9.50;236;172;35;27.546716965469027;408.28249282861856;4.044444444444423;71.27944444444483;6.742857142857143;895.9820963595099;1800
OutputStation2;0.50;6.50;259;183;31;34.15218684398784;447.44567274262135;4.060281374238457;80.65972581868391;8.35483870967742;807.6022581868293;1800
