Ident;X;Y;Transfers;InjectedTransfers;PodsHandled;PodHandlingTimeAvg;PodHandlingTimeVar;PodHandlingTimeMin;PodHandlingTimeMax;PileOn;IdleTime;UpTime
InputStation0;0.50;12.50;0;0;0;0;0;0;0;0;1800;1800
OutputStation0;35.50;3.50;252;188;34;30.16041422543068;417.0553178834058;4.0750000000000455;73.12888888888884;7.411764705882353;830.832532368133;1800
OutputStation1;35.50;9.50;262;197;32;33.65979730385131;392.9946194787634;4.3216666666666015;79.74833333333413;8.1875;795.7891271055922;1800
OutputStation2;0.50;6.50;232;163;33;28.792433204851072;479.37063824837577;4.062777777777683;84.86907647171552;7.03030303030303;910.2760317055536;1800
