Ident;X;Y;Transfers;InjectedTransfers;PodsHandled;PodHandlingTimeAvg;PodHandlingTimeVar;PodHandlingTimeMin;PodHandlingTimeMax;PileOn;IdleTime;UpTime
InputStation0;0.50;12.50;0;0;0;0;0;0;0;0;1800;1800
OutputStation0;39.50;3.50;244;179;28;44.9407506185609;1003.4168236706488;5.044444444444444;104.78352091615912;8.714285714285714;629.6628859550377;1800
OutputStation1;39.50;9.50;236;177;29;41.78036050245604;1099.1349605594387;5.04444444444448;105.72064934696834;8.137931034482758;670.2825230942435;1800
OutputStation2;0.50;6.50;215;155;32;34.58190656646161;920.6499641658263;5.04444444444448;103.05852091615901;6.71875;768.9154737855813;1800
