Ident;X;Y;Transfers;InjectedTransfers;PodsHandled;PodHandlingTimeAvg;PodHandlingTimeVar;PodHandlingTimeMin;PodHandlingTimeMax;PileOn;IdleTime;UpTime
InputStation0;0.50;12.50;0;0;0;0;0;0;0;0;1800;1800
OutputStation0;35.50;3.50;232;172;35;27.314031951544006;514.610601676007;4.04444444444448;77.40296536060555;6.628571428571429;907.087316013627;1800
OutputStation1;35.50;9.50;285;207;31;37.851595214108755;297.2000188256231;16.208888888888907;83.9156493469701;9.193548387096774;706.1508150676273;1800
OutputStation2;0.50;6.50;241;180;34;29.06198539989594;245.7334269855235;8.121666666665988;70.44074313838303;7.088235294117647;875.1478353211689;1800
