Ident;X;Y;Transfers;InjectedTransfers;PodsHandled;PodHandlingTimeAvg;PodHandlingTimeVar;PodHandlingTimeMin;PodHandlingTimeMax;PileOn;IdleTime;UpTime
InputStation0;0.50;12.50;0;0;0;0;0;0;0;0;1800;1800
OutputStation0;35.50;3.50;276;209;31;36.661658518197115;478.58308400423493;4.106111111110749;80.1173160136349;8.903225806451612;745.9926765100325;1800
OutputStation1;35.50;9.50;249;174;33;30.908672875834124;425.1908441471332;8.319999999999709;75.27388888888913;7.545454545454546;845.4725899115253;1800
OutputStation2;0.50;6.50;260;193;30;35.36954545712222;446.45656509344303;4.267777777778065;77.13111111111078;8.666666666666666;807.2424244743256;1800
