Ident;X;Y;Transfers;InjectedTransfers;PodsHandled;PodHandlingTimeAvg;PodHandlingTimeVar;PodHandlingTimeMin;PodHandlingTimeMax;PileOn;IdleTime;UpTime
InputStation0;0.50;12.50;0;0;0;0;0;0;0;0;1800;1800
OutputStation0;35.50;3.50;251;172;33;31.251124885996557;329.3161488235361;4.192777777777778;80.91101731969798;7.606060606060606;841.8157287525374;1800
OutputStation1;35.50;9.50;223;163;34;26.9499155420825;409.0992860944552;4.092128430804678;76.5926839863647;6.5588235294117645;943.2806999808421;1800
OutputStation2;0.50;6.50;278;213;30;37.8137900435356;378.55466268583956;8.409999999999854;73.36444444444555;9.266666666666667;734.4524820176825;1800
