Ident;X;Y;Transfers;InjectedTransfers;PodsHandled;PodHandlingTimeAvg;PodHandlingTimeVar;PodHandlingTimeMin;PodHandlingTimeMax;PileOn;IdleTime;UpTime
InputStation0;0.50;12.50;0;0;0;0;0;0;0;0;1800;1800
OutputStation0;35.50;3.50;257;196;33;31.974031877548214;341.9100042066838;4.366111111110968;75.41333333333341;7.787878787878788;816.7394010034789;1800
OutputStation1;35.50;9.50;272;214;30;37.127880468803895;475.6179720718836;4.116111111110968;84.82157287525433;9.066666666666666;759.3527127580578;1800
OutputStation2;0.50;6.50;288;226;31;37.14701973463606;583.9767435811502;4.04444444444448;85.13333333333276;9.290322580645162;695.288138841011;1800
