Ident;X;Y;Transfers;InjectedTransfers;PodsHandled;PodHandlingTimeAvg;PodHandlingTimeVar;PodHandlingTimeMin;PodHandlingTimeMax;PileOn;IdleTime;UpTime
InputStation0;0.50;12.50;0;0;0;0;0;0;0;0;1800;1800
OutputStation0;35.50;3.50;237;167;31;30.895689848142784;319.8370702867752;4.271666666666988;66.80185424949238;7.645161290322581;893.9721212378984;1800
OutputStation1;35.50;9.50;248;190;34;30.03747580753112;381.8257227524773;4.047222222222217;75.79555555555551;7.294117647058823;846.5054039373514;1800
OutputStation2;0.50;6.50;270;207;31;35.86815086430451;462.341708178896;4.097683986364245;75.99852091616003;8.709677419354838;763.8534849515436;1800
