Ident;X;Y;Transfers;InjectedTransfers;PodsHandled;PodHandlingTimeAvg;PodHandlingTimeVar;PodHandlingTimeMin;PodHandlingTimeMax;PileOn;IdleTime;UpTime
InputStation0;0.50;12.50;0;0;0;0;0;0;0;0;1800;1800
OutputStation0;35.50;3.50;289;221;29;40.124824600052094;481.15733992687615;4.04444444444448;81.9005555555558;9.96551724137931;691.3240477000095;1800
OutputStation1;35.50;9.50;240;172;36;27.33091850958156;209.16469495326146;4.285000000001219;58.871298693936865;6.666666666666667;877.3003389176179;1800
OutputStation2;0.50;6.50;237;172;34;28.54708683235217;301.0126393438013;4.277330399481116;75.20666666666693;6.970588235294118;893.4185353019907;1800
