Ident;X;Y;Transfers;InjectedTransfers;PodsHandled;PodHandlingTimeAvg;PodHandlingTimeVar;PodHandlingTimeMin;PodHandlingTimeMax;PileOn;IdleTime;UpTime
InputStation0;0.50;12.50;0;0;0;0;0;0;0;0;1800;1800
OutputStation0;35.50;3.50;301;239;29;42.60631910095764;740.1914846095054;4.04444444444448;82.31333333333349;10.379310344827585;643.3881023095769;1800
OutputStation1;35.50;9.50;307;233;30;41.78177825730622;863.5843586967417;4.04444444444448;77.55500000000004;10.233333333333333;624.8477349036368;1800
OutputStation2;0.50;6.50;302;230;29;42.35750933051216;749.5899427048612;4.04444444444448;82.66499999999974;10.413793103448276;639.7598342793248;1800
