Ident;X;Y;Transfers;InjectedTransfers;PodsHandled;PodHandlingTimeAvg;PodHandlingTimeVar;PodHandlingTimeMin;PodHandlingTimeMax;PileOn;IdleTime;UpTime
InputStation0;0.50;12.50;0;0;0;0;0;0;0;0;1800;1800
OutputStation0;35.50;3.50;267;206;29;37.14927849902454;453.734804591404;4.115555555555602;81.13277777777756;9.206896551724139;774.0392137040604;1800
OutputStation1;35.50;9.50;231;156;35;27.04002164354939;219.22438341093493;4.116111111111081;62.62777777777768;6.6;916.810800709753;1800
OutputStation2;0.50;6.50;278;208;32;35.73179404842576;408.682202378745;8.195721304182598;83.60777777777764;8.6875;733.9605188246525;1800
