Ident;X;Y;Transfers;InjectedTransfers;PodsHandled;PodHandlingTimeAvg;PodHandlingTimeVar;PodHandlingTimeMin;PodHandlingTimeMax;PileOn;IdleTime;UpTime
InputStation0;0.50;12.50;0;0;0;0;0;0;0;0;1800;1800
OutputStation0;35.50;3.50;240;178;35;27.995109047892875;361.0347347905885;4.044444444444423;71.29852091615976;6.857142857142857;878.482423907514;1800
OutputStation1;35.50;9.50;229;157;36;26.15228776262707;296.1704055684105;4.044444444444423;78.84666666666652;6.361111111111111;922.23413458187;1800
OutputStation2;0.50;6.50;252;194;34;30.51642369252872;376.7056146566972;4.1797330116094145;71.07684705657113;7.411764705882353;836.8534124555085;1800
