Ident;X;Y;Transfers;InjectedTransfers;PodsHandled;PodHandlingTimeAvg;PodHandlingTimeVar;PodHandlingTimeMin;PodHandlingTimeMax;PileOn;IdleTime;UpTime
InputStation0;0.50;12.50;0;0;0;0;0;0;0;0;1800;1800
OutputStation0;35.50;3.50;229;169;35;26.440156050404216;342.78632131824384;4.04444444444448;77.61296536060331;6.542857142857143;922.0314716074903;1800
OutputStation1;35.50;9.50;235;175;36;26.078932779672154;275.90567920502633;4.04444444444448;66.31500000000096;6.527777777777778;900.2906781186862;1800
OutputStation2;0.50;6.50;243;184;32;31.263880995059406;362.2293622797011;4.160555555555561;73.01499999999987;7.59375;869.4704617641063;1800
