Ident;X;Y;Transfers;InjectedTransfers;PodsHandled;PodHandlingTimeAvg;PodHandlingTimeVar;PodHandlingTimeMin;PodHandlingTimeMax;PileOn;IdleTime;UpTime
InputStation0;0.50;12.50;0;0;0;0;0;0;0;0;1800;1800
OutputStation0;35.50;3.50;237;178;34;28.852813216087323;492.3539808997335;4.134170263130045;80.78157287525386;6.970588235294118;894.8548052242547;1800
OutputStation1;35.50;9.50;253;190;32;32.425488817313784;501.8968540398766;4.185829736869664;71.64925686161757;7.90625;828.0135209161558;1800
OutputStation2;0.50;6.50;223;163;35;25.61754236229435;320.7160259417506;4.04444444444448;66.24018758282568;6.371428571428571;951.7149349802913;1800
