Ident;X;Y;Transfers;InjectedTransfers;PodsHandled;PodHandlingTimeAvg;PodHandlingTimeVar;PodHandlingTimeMin;PodHandlingTimeMax;PileOn;IdleTime;UpTime
InputStation0;0.50;12.50;0;0;0;0;0;0;0;0;1800;1800
OutputStation0;35.50;3.50;248;178;33;31.079514408708782;536.1302280307498;4.044444444444444;85.24342712474635;7.515151515151516;848.1187807116432;1800
OutputStation1;35.50;9.50;276;215;31;36.84432504747449;646.065476535386;4.105649346968221;85.67333333333312;8.903225806451612;744.8982467348458;1800
OutputStation2;0.50;6.50;263;188;33;32.844618478940845;531.3270439233634;4.058333333332939;84.11509379141285;7.96969696969697;789.5903463939592;1800
