Ident;X;Y;Transfers;InjectedTransfers;PodsHandled;PodHandlingTimeAvg;PodHandlingTimeVar;PodHandlingTimeMin;PodHandlingTimeMax;PileOn;IdleTime;UpTime
InputStation0;0.50;12.50;0;0;0;0;0;0;0;0;1800;1800
OutputStation0;35.50;3.50;227;164;34;27.469373567825137;361.893873502639;4.071666666666488;79.11471862576195;6.676470588235294;930.3531454670867;1800
OutputStation1;35.50;9.50;237;178;35;27.75614780562826;261.99900399976406;4.04444444444448;66.81509379141335;6.771428571428571;891.3897836454819;1800
OutputStation2;0.50;6.50;237;170;34;28.688755834476815;402.1588266738242;4.04444444444448;72.37555555555718;6.970588235294118;892.4614934696838;1800
