Ident;X;Y;Transfers;InjectedTransfers;PodsHandled;PodHandlingTimeAvg;PodHandlingTimeVar;PodHandlingTimeMin;PodHandlingTimeMax;PileOn;IdleTime;UpTime
InputStation0;0.50;12.50;0;0;0;0;0;0;0;0;1800;1800
OutputStation0;35.50;3.50;232;167;35;27.184552670288856;239.68649160733833;4.08055555555552;73.14795097475644;6.628571428571429;908.0490692787941;1800
OutputStation1;35.50;9.50;243;177;35;28.344462997214983;247.79706260160705;4.04444444444448;62.77694084798384;6.942857142857143;869.4089179439843;1800
OutputStation2;0.50;6.50;215;148;36;24.73375039960698;269.8376707830583;4.054264054541136;66.059076471715;5.972222222222222;973.6334055459979;1800
