Ident;X;Y;Transfers;InjectedTransfers;PodsHandled;PodHandlingTimeAvg;PodHandlingTimeVar;PodHandlingTimeMin;PodHandlingTimeMax;PileOn;IdleTime;UpTime
InputStation0;0.50;12.50;0;0;0;0;0;0;0;0;1800;1800
OutputStation0;35.50;3.50;266;200;32;34.311734528803086;380.6621031383704;8.069444444444116;75.63555555555627;8.3125;778.7689973495336;1800
OutputStation1;35.50;9.50;243;176;35;28.51026468727269;385.7797180200559;4.04444444444448;80.23416307020591;6.942857142857143;870.6129363055261;1800
OutputStation2;0.50;6.50;232;163;35;26.67408926204946;322.05310246288974;4.04444444444448;64.98333333333345;6.628571428571429;909.876399678295;1800
