Ident;X;Y;Transfers;InjectedTransfers;PodsHandled;PodHandlingTimeAvg;PodHandlingTimeVar;PodHandlingTimeMin;PodHandlingTimeMax;PileOn;IdleTime;UpTime
InputStation0;0.50;12.50;0;0;0;0;0;0;0;0;1800;1800
OutputStation0;35.50;3.50;239;178;33;29.97525274321978;404.2523361484678;4.044444444444444;76.6106493469697;7.242424242424242;881.6026983722252;1800
OutputStation1;35.50;9.50;256;189;33;31.70350780376458;345.08306639553484;4.401666666666415;84.74398268030245;7.757575757575758;819.1908441227213;1800
OutputStation2;0.50;6.50;225;164;34;26.95246477324681;388.11115387211544;4.256111111111068;82.24176045807945;6.617647058823529;937.4956853115776;1800
