Ident;X;Y;Transfers;InjectedTransfers;PodsHandled;PodHandlingTimeAvg;PodHandlingTimeVar;PodHandlingTimeMin;PodHandlingTimeMax;PileOn;IdleTime;UpTime
InputStation0;0.50;12.50;0;0;0;0;0;0;0;0;1800;1800
OutputStation0;35.50;3.50;248;168;34;29.67155992862469;343.70404413866123;4.0711111111106675;77.04757580910939;7.294117647058823;853.0491777394396;1800
OutputStation1;35.50;9.50;238;162;33;29.61394857433389;471.7598877631121;4.04444444444448;80.88787156919125;7.212121212121212;889.9503234820747;1800
OutputStation2;0.50;6.50;290;220;28;42.368756699386665;571.8899830212443;4.0477777777780375;84.69712843080913;10.357142857142858;688.8879150101604;1800
