Ident;X;Y;Transfers;InjectedTransfers;PodsHandled;PodHandlingTimeAvg;PodHandlingTimeVar;PodHandlingTimeMin;PodHandlingTimeMax;PileOn;IdleTime;UpTime
InputStation0;0.50;12.50;0;0;0;0;0;0;0;0;1800;1800
OutputStation0;35.50;3.50;265;203;30;36.51979749511706;543.8037536027679;4.33055555555552;76.02398268030197;8.833333333333334;781.8298420390955;1800
OutputStation1;35.50;9.50;235;161;35;27.450346312985204;436.75342423681946;4.04444444444448;71.91444444444437;6.714285714285714;900.0635206327433;1800
OutputStation2;0.50;6.50;228;164;33;28.321334988167834;419.13939782048624;4.141399678279413;77.13000000000022;6.909090909090909;926.363354628673;1800
