Ident;X;Y;Transfers;InjectedTransfers;PodsHandled;PodHandlingTimeAvg;PodHandlingTimeVar;PodHandlingTimeMin;PodHandlingTimeMax;PileOn;IdleTime;UpTime
InputStation0;0.50;12.50;0;0;0;0;0;0;0;0;1800;1800
OutputStation0;35.50;3.50;232;164;33;28.984700247795594;360.49635843323205;8.161666666666633;80.15176045807982;7.03030303030303;913.3822435175606;1800
OutputStation1;35.50;9.50;279;223;31;36.81309128183454;403.7772712773506;4.04444444444448;79.31555555555565;9;731.6982680767022;1800
OutputStation2;0.50;6.50;215;146;33;26.894278718472783;478.02214865222436;4.059999999999945;81.49981241717416;6.515151515151516;973.6583122749158;1800
