Ident;X;Y;Transfers;InjectedTransfers;PodsHandled;PodHandlingTimeAvg;PodHandlingTimeVar;PodHandlingTimeMin;PodHandlingTimeMax;PileOn;IdleTime;UpTime
InputStation0;0.50;12.50;0;0;0;0;0;0;0;0;1800;1800
OutputStation0;35.50;3.50;281;205;30;38.37094179759228;413.60876173413016;4.047316013635054;79.59158006817577;9.366666666666667;724.1882395419098;1800
OutputStation1;35.50;9.50;233;173;34;28.065079363888675;190.91041441371658;4.053333333332603;55.21333333333348;6.852941176470588;906.9402813742611;1800
OutputStation2;0.50;6.50;240;173;33;29.91952861952876;401.2083008909203;4.367222222221017;79.11222222222199;7.2727272727272725;880.2844516373933;1800
