Ident;X;Y;Transfers;InjectedTransfers;PodsHandled;PodHandlingTimeAvg;PodHandlingTimeVar;PodHandlingTimeMin;PodHandlingTimeMax;PileOn;IdleTime;UpTime
InputStation0;0.50;12.50;0;0;0;0;0;0;0;0;1800;1800
OutputStation0;35.50;3.50;243;178;34;29.33162040562984;318.0734761022484;4.044444444444451;79.2862049025241;7.147058823529412;871.6025683327694;1800
OutputStation1;35.50;9.50;261;201;33;32.54211268562926;314.4836599845311;4.059444444444807;69.27388888888845;7.909090909090909;802.2017532651777;1800
OutputStation2;0.50;6.50;260;195;30;35.335027418131595;305.1138037034133;8.160555555555554;73.81500000000005;8.666666666666666;804.9581169788032;1800
