Ident;X;Y;Transfers;InjectedTransfers;PodsHandled;PodHandlingTimeAvg;PodHandlingTimeVar;PodHandlingTimeMin;PodHandlingTimeMax;PileOn;IdleTime;UpTime
InputStation0;0.50;12.50;0;0;0;0;0;0;0;0;1800;1800
OutputStation0;35.50;3.50;224;156;33;28.058812586394655;337.2553279562983;4.07722222222219;75.75963202727036;6.787878787878788;939.2321790646589;1800
OutputStation1;35.50;9.50;258;193;33;32.040117845117805;463.0801787132742;4.375555555555593;75.1272222222226;7.818181818181818;808.953088207112;1800
OutputStation2;0.50;6.50;218;153;34;26.356884602109258;306.1471795382628;4.160642154043444;84.3927777777779;6.411764705882353;963.3803607797879;1800
