Ident;X;Y;Transfers;InjectedTransfers;PodsHandled;PodHandlingTimeAvg;PodHandlingTimeVar;PodHandlingTimeMin;PodHandlingTimeMax;PileOn;IdleTime;UpTime
InputStation0;0.50;12.50;0;0;0;0;0;0;0;0;1800;1800
OutputStation0;35.50;3.50;287;230;28;41.73419320732315;321.45141885209284;12.249444444444407;76.11640864629726;10.25;700.0779962833424;1800
OutputStation1;35.50;9.50;261;190;32;33.23757485684998;480.51308853307444;4.136111111111177;71.31398268030176;8.15625;797.8933293146624;1800
OutputStation2;0.50;6.50;206;141;39;21.823131682659803;197.91975996603742;4.04444444444448;62.203888888889196;5.282051282051282;1009.7280821299455;1800
