Ident;X;Y;Transfers;InjectedTransfers;PodsHandled;PodHandlingTimeAvg;PodHandlingTimeVar;PodHandlingTimeMin;PodHandlingTimeMax;PileOn;IdleTime;UpTime
InputStation0;0.50;12.50;0;0;0;0;0;0;0;0;1800;1800
OutputStation0;35.50;3.50;229;166;32;29.38776666204936;448.3788454218779;4.04444444444448;71.40463202727051;7.15625;920.2148878506923;1800
OutputStation1;35.50;9.50;255;186;32;32.32331268593877;382.2869782434431;4.04444444444448;77.57804476617287;7.96875;822.8207071737698;1800
OutputStation2;0.50;6.50;247;174;31;32.91990434320622;404.4805647900961;4.3643578459557375;78.10231601363512;7.967741935483871;855.6223621647601;1800
