Ident;X;Y;Transfers;InjectedTransfers;PodsHandled;PodHandlingTimeAvg;PodHandlingTimeVar;PodHandlingTimeMin;PodHandlingTimeMax;PileOn;IdleTime;UpTime
InputStation0;0.50;12.50;0;0;0;0;0;0;0;0;1800;1800
OutputStation0;35.50;3.50;223;159;34;26.6735325934488;354.81087550252647;4.0444444444445935;69.74601731969824;6.5588235294117645;944.531118304048;1800
OutputStation1;35.50;9.50;272;210;31;36.462717963277996;565.1880628243671;4.04444444444448;85.19018758282596;8.774193548387096;756.9104617641382;1800
OutputStation2;0.50;6.50;247;169;34;29.67770159557344;388.0410604643454;4.04444444444448;67.18620490252385;7.264705882352941;853.0090114519954;1800
