Ident;X;Y;Transfers;InjectedTransfers;PodsHandled;PodHandlingTimeAvg;PodHandlingTimeVar;PodHandlingTimeMin;PodHandlingTimeMax;PileOn;IdleTime;UpTime
InputStation0;0.50;12.50;0;0;0;0;0;0;0;0;1800;1800
OutputStation0;35.50;3.50;253;180;32;32.60437229379699;407.80655564436313;4.166572875250495;80.17296536060371;7.90625;828.4789826803003;1800
OutputStation1;35.50;9.50;272;211;32;34.849301950237326;308.41909457207805;4.172871569191557;78.19453823585764;8.5;754.5936869202054;1800
OutputStation2;0.50;6.50;218;150;37;24.103901757807737;187.06139198844699;4.103888888889287;66.56629869393726;5.891891891891892;966.5692062277317;1800
