Ident;X;Y;Transfers;InjectedTransfers;PodsHandled;PodHandlingTimeAvg;PodHandlingTimeVar;PodHandlingTimeMin;PodHandlingTimeMax;PileOn;IdleTime;UpTime
InputStation0;0.50;12.50;0;0;0;0;0;0;0;0;1800;1800
OutputStation0;35.50;3.50;248;190;36;28.20535734378519;313.0204650710803;4.04444444444448;65.58490620858709;6.888888888888889;852.482965360609;1800
OutputStation1;35.50;9.50;249;188;33;29.144346058540116;313.9786160069237;4.04444444444448;59.05768398636491;7.545454545454546;847.5830951166256;1800
OutputStation2;0.50;6.50;254;192;32;32.46913577454161;343.8129937391695;4.125;67.18398268030171;7.9375;827.4125901949459;1800
