Ident;X;Y;Transfers;InjectedTransfers;PodsHandled;PodHandlingTimeAvg;PodHandlingTimeVar;PodHandlingTimeMin;PodHandlingTimeMax;PileOn;IdleTime;UpTime
InputStation0;0.50;12.50;0;0;0;0;0;0;0;0;1800;1800
OutputStation0;35.50;3.50;264;189;33;32.92648213538358;410.40251793484885;4.04444444444448;79.22333333333404;8;788.003780428209;1800
OutputStation1;35.50;9.50;237;182;32;30.268180913430484;431.45726089616403;4.04444444444448;83.31370849898468;7.40625;894.2750143858575;1800
OutputStation2;0.50;6.50;249;186;31;33.04900177074012;454.530151221932;4.04444444444448;80.5762986939369;8.03225806451613;847.2921676949954;1800
