Ident;X;Y;Transfers;InjectedTransfers;PodsHandled;PodHandlingTimeAvg;PodHandlingTimeVar;PodHandlingTimeMin;PodHandlingTimeMax;PileOn;IdleTime;UpTime
InputStation0;0.50;12.50;0;0;0;0;0;0;0;0;1800;1800
OutputStation0;35.50;3.50;212;153;37;23.565988261684584;263.11512496545225;4.04444444444448;73.12639248534941;5.72972972972973;985.980663732805;1800
OutputStation1;35.50;9.50;274;209;33;34.24588351143289;320.741000118838;4.116111111111138;72.76617613083363;8.303030303030303;752.4976693171143;1800
OutputStation2;0.50;6.50;254;189;32;32.03626826022657;273.7470104518145;4.16944444444448;70.53611111111104;7.9375;832.1334052625523;1800
