Ident;X;Y;Transfers;InjectedTransfers;PodsHandled;PodHandlingTimeAvg;PodHandlingTimeVar;PodHandlingTimeMin;PodHandlingTimeMax;PileOn;IdleTime;UpTime
InputStation0;0.50;12.50;0;0;0;0;0;0;0;0;1800;1800
OutputStation0;35.50;3.50;222;163;33;27.49387984455397;455.99445927829396;4.04444444444448;74.95777777777784;6.7272727272727275;950.8286881300049;1800
OutputStation1;35.50;9.50;239;179;33;30.01640867505329;281.81179635401634;4.04444444444448;67.28407647171423;7.242424242424242;884.8927651220451;1800
OutputStation2;0.50;6.50;210;150;31;26.909283154121876;302.6408514599971;4.044444444444444;63.233333333332894;6.774193548387097;993.649356636169;1800
