Ident;X;Y;Transfers;InjectedTransfers;PodsHandled;PodHandlingTimeAvg;PodHandlingTimeVar;PodHandlingTimeMin;PodHandlingTimeMax;PileOn;IdleTime;UpTime
InputStation0;0.50;12.50;0;0;0;0;0;0;0;0;1800;1800
OutputStation0;35.50;3.50;267;199;30;35.93201202599368;420.2992930599361;4.044444444444423;84.04953823585714;8.9;776.5426336358864;1800
OutputStation1;35.50;9.50;283;216;31;37.5568989454877;464.9830476955262;4.07722222222219;75.92269117928936;9.129032258064516;715.2556421540465;1800
OutputStation2;0.50;6.50;224;166;35;26.498690373434442;269.9813939865978;4.04444444444448;67.65055555555548;6.4;940.8918326707428;1800
