Ident;X;Y;Transfers;InjectedTransfers;PodsHandled;PodHandlingTimeAvg;PodHandlingTimeVar;PodHandlingTimeMin;PodHandlingTimeMax;PileOn;IdleTime;UpTime
InputStation0;0.50;12.50;0;0;0;0;0;0;0;0;1800;1800
OutputStation0;35.50;3.50;233;160;33;28.837053872053918;333.7719756145529;4.112128430809435;84.46009379141447;7.0606060606060606;905.3762705395577;1800
OutputStation1;35.50;9.50;262;203;32;33.650617808654836;501.73944081572574;4.04444444444448;81.46351372323755;8.1875;798.2630116963005;1800
OutputStation2;0.50;6.50;226;164;33;27.881423780732348;285.29560817049725;4.04444444444448;70.3545382358572;6.848484848484849;935.8364379195946;1800
