Ident;X;Y;Transfers;InjectedTransfers;PodsHandled;PodHandlingTimeAvg;PodHandlingTimeVar;PodHandlingTimeMin;PodHandlingTimeMax;PileOn;IdleTime;UpTime
InputStation0;0.50;12.50;0;0;0;0;0;0;0;0;1800;1800
OutputStation0;35.50;3.50;247;181;31;32.639515897002454;480.6354146111684;4.04444444444448;83.76407647171425;7.967741935483871;852.8832035773046;1800
OutputStation1;35.50;9.50;271;203;34;32.809529325474834;358.4967634104121;4.331111111111113;77.459538235857;7.970588235294118;760.5278425140858;1800
OutputStation2;0.50;6.50;260;191;30;35.23675949902343;499.83464156816;4.413239541920348;79.80176045807946;8.666666666666666;802.9382467348394;1800
