Ident;X;Y;Transfers;InjectedTransfers;PodsHandled;PodHandlingTimeAvg;PodHandlingTimeVar;PodHandlingTimeMin;PodHandlingTimeMax;PileOn;IdleTime;UpTime
InputStation0;0.50;12.50;0;0;0;0;0;0;0;0;1800;1800
OutputStation0;35.50;3.50;239;169;34;29.081045100292457;321.74581337586363;4.142777777777837;80.58999999999997;7.029411764705882;886.2423381592489;1800
OutputStation1;35.50;9.50;241;182;33;30.1843027721777;453.1385778003302;4.044444444444451;77.745649346969;7.303030303030303;877.5923594545757;1800
OutputStation2;0.50;6.50;238;173;32;30.468164451434458;319.6184997419393;4.293333333333521;80.22379509747623;7.4375;889.9161105442647;1800
