Ident;X;Y;Transfers;InjectedTransfers;PodsHandled;PodHandlingTimeAvg;PodHandlingTimeVar;PodHandlingTimeMin;PodHandlingTimeMax;PileOn;IdleTime;UpTime
InputStation0;0.50;12.50;0;0;0;0;0;0;0;0;1800;1800
OutputStation0;35.50;3.50;245;182;33;29.896790632047264;422.7569974336962;4.04444444444448;82.84518758282707;7.424242424242424;863.8413130797726;1800
OutputStation1;35.50;9.50;247;181;34;29.962516551425868;373.17762118499996;8.338333333333367;76.00370849898559;7.264705882352941;855.8476696005164;1800
OutputStation2;0.50;6.50;248;186;33;29.871130788292074;451.26145334865464;4.118333333333339;77.08777777777794;7.515151515151516;855.0085137232452;1800
