Ident;X;Y;Transfers;InjectedTransfers;PodsHandled;PodHandlingTimeAvg;PodHandlingTimeVar;PodHandlingTimeMin;PodHandlingTimeMax;PileOn;IdleTime;UpTime
InputStation0;0.50;12.50;0;0;0;0;0;0;0;0;1800;1800
OutputStation0;35.50;3.50;226;161;37;24.732532662134542;291.78712962269964;4.162683986364918;71.04500000000007;6.108108108108108;932.1872489335899;1800
OutputStation1;35.50;9.50;254;190;34;30.59937399093832;322.694643849671;4.170555555555666;77.10694804090508;7.470588235294118;824.506825477767;1800
OutputStation2;0.50;6.50;220;155;34;26.399637975861552;279.2056013114012;4.352871569195713;73.31388888888897;6.470588235294118;954.4435281090897;1800
