Ident;X;Y;Transfers;InjectedTransfers;PodsHandled;PodHandlingTimeAvg;PodHandlingTimeVar;PodHandlingTimeMin;PodHandlingTimeMax;PileOn;IdleTime;UpTime
InputStation0;0.50;12.50;0;0;0;0;0;0;0;0;1800;1800
OutputStation0;35.50;3.50;250;182;33;31.478591106979252;340.3141924586491;4.04444444444448;68.11388888888882;7.575757575757576;847.071746072243;1800
OutputStation1;35.50;9.50;248;176;34;30.104822596896007;317.2965391372389;8.464444444444553;81.18064934696895;7.294117647058823;851.3048918227703;1800
OutputStation2;0.50;6.50;233;160;34;28.027181266770892;281.90047389851907;4.04444444444448;79.75287156919262;6.852941176470588;906.3041124363407;1800
