Ident;X;Y;Transfers;InjectedTransfers;PodsHandled;PodHandlingTimeAvg;PodHandlingTimeVar;PodHandlingTimeMin;PodHandlingTimeMax;PileOn;IdleTime;UpTime
InputStation0;0.50;12.50;0;0;0;0;0;0;0;0;1800;1800
OutputStation0;31.50;3.50;173;137;26;68.11591547270766;1846.2588622472533;10.053333333333335;165.99944444444475;6.653846153846154;104.71193365505499;1800
OutputStation1;31.50;9.50;172;131;31;56.47683400804818;1668.2867167117952;12.044812417173944;172.27120490252412;5.548387096774194;119.78896110152536;1800
OutputStation2;0.50;6.50;173;134;28;64.53806251183222;1877.1840360182464;12.02277777777772;164.52953823585733;6.178571428571429;100.5469696196788;1800
