Ident;X;Y;Transfers;InjectedTransfers;PodsHandled;PodHandlingTimeAvg;PodHandlingTimeVar;PodHandlingTimeMin;PodHandlingTimeMax;PileOn;IdleTime;UpTime
InputStation0;0.50;12.50;0;0;0;0;0;0;0;0;1800;1800
OutputStation0;35.50;3.50;222;154;33;27.45753705711608;403.8099880869406;4.071666666666488;68.83611111111111;6.7272727272727275;944.5268251943716;1800
OutputStation1;35.50;9.50;267;197;34;32.45133668759706;365.7536325635356;4.064531042936096;79.81268398636462;7.852941176470588;775.055887563675;1800
OutputStation2;0.50;6.50;244;177;35;28.87990785268347;260.2197828051034;4.070555555555586;76.21592352828623;6.9714285714285715;862.8369336550352;1800
