Ident;X;Y;Transfers;InjectedTransfers;PodsHandled;PodHandlingTimeAvg;PodHandlingTimeVar;PodHandlingTimeMin;PodHandlingTimeMax;PileOn;IdleTime;UpTime
InputStation0;0.50;12.50;0;0;0;0;0;0;0;0;1800;1800
OutputStation0;35.50;3.50;240;174;35;28.50298989751763;349.8530130322736;4.265000000000015;72.33666666666682;6.857142857142857;880.0920777969176;1800
OutputStation1;35.50;9.50;253;194;32;31.84860885446617;315.4808482068056;4.241111111110968;71.31777777777768;7.90625;830.9623663641145;1800
OutputStation2;0.50;6.50;227;160;36;25.732574754980302;252.27357376414756;4.116111111110968;76.3100000000004;6.305555555555555;933.5985784595568;1800
