Ident;X;Y;Transfers;InjectedTransfers;PodsHandled;PodHandlingTimeAvg;PodHandlingTimeVar;PodHandlingTimeMin;PodHandlingTimeMax;PileOn;IdleTime;UpTime
InputStation0;0.50;12.50;0;0;0;0;0;0;0;0;1800;1800
OutputStation0;35.50;3.50;235;175;33;29.487076827333823;433.41733401362393;4.153888888889242;79.74712843080925;7.121212121212121;900.0279509747511;1800
OutputStation1;35.50;9.50;242;175;34;29.034956285977582;216.45680583501104;12.21388888888896;63.08111111111123;7.117647058823529;874.572316013644;1800
OutputStation2;0.50;6.50;237;173;36;26.79188792668341;274.1291655433071;4.1243506530313425;78.07888888888942;6.583333333333333;892.2690114519987;1800
