Ident;X;Y;Transfers;InjectedTransfers;PodsHandled;PodHandlingTimeAvg;PodHandlingTimeVar;PodHandlingTimeMin;PodHandlingTimeMax;PileOn;IdleTime;UpTime
InputStation0;0.50;12.50;0;0;0;0;0;0;0;0;1800;1800
OutputStation0;35.50;3.50;224;154;36;25.69162558100452;180.25969328530087;4.044444444444444;58.02777777777919;6.222222222222222;941.4060388984695;1800
OutputStation1;35.50;9.50;235;170;34;28.36827540334288;431.49007476753746;4.04444444444448;83.26120490252492;6.911764705882353;903.7454980121853;1800
OutputStation2;0.50;6.50;243;184;31;32.07313689680644;400.90159848803614;12.114999999999952;83.45740980504803;7.838709677419355;867.4311183040556;1800
