Ident;X;Y;Transfers;InjectedTransfers;PodsHandled;PodHandlingTimeAvg;PodHandlingTimeVar;PodHandlingTimeMin;PodHandlingTimeMax;PileOn;IdleTime;UpTime
InputStation0;0.50;12.50;0;0;0;0;0;0;0;0;1800;1800
OutputStation0;35.50;3.50;228;160;36;26.224025172460713;320.73299126751505;4.04444444444448;81.3934271247474;6.333333333333333;927.9589467156828;1800
OutputStation1;35.50;9.50;283;215;30;38.08107094769382;566.1104366702896;4.070555555555302;78.9561111111118;9.433333333333334;714.0902669883874;1800
OutputStation2;0.50;6.50;231;172;32;29.89809275920195;452.8189605423958;4.04444444444448;80.25388888888898;7.21875;914.9875395610787;1800
