Ident;X;Y;Transfers;InjectedTransfers;PodsHandled;PodHandlingTimeAvg;PodHandlingTimeVar;PodHandlingTimeMin;PodHandlingTimeMax;PileOn;IdleTime;UpTime
InputStation0;0.50;12.50;0;0;0;0;0;0;0;0;1800;1800
OutputStation0;35.50;3.50;274;203;32;34.91572268835495;452.0091746073728;4.04444444444448;83.88879509747579;8.5625;753.7685291319663;1800
OutputStation1;35.50;9.50;245;189;30;33.214159382067514;442.0920256432139;4.04444444444448;82.7366666666669;8.166666666666666;858.2248237424128;1800
OutputStation2;0.50;6.50;214;147;33;26.76256379542023;382.1799711122919;4.04444444444448;77.38287156919114;6.484848484848484;983.7034829057615;1800
