Ident;X;Y;Transfers;InjectedTransfers;PodsHandled;PodHandlingTimeAvg;PodHandlingTimeVar;PodHandlingTimeMin;PodHandlingTimeMax;PileOn;IdleTime;UpTime
InputStation0;0.50;12.50;0;0;0;0;0;0;0;0;1800;1800
OutputStation0;35.50;3.50;267;205;34;32.280130084284565;307.0209933888264;4.071666666666488;73.85388888888883;7.852941176470588;783.6586431958359;1800
OutputStation1;35.50;9.50;270;214;31;35.83865893950793;453.8626557957667;4.246572875253605;75.31370849898462;8.709677419354838;766.1490905741215;1800
OutputStation2;0.50;6.50;271;201;30;36.79890067511824;370.2820837723427;4.04444444444448;71.14944444444438;9.033333333333333;763.0410239922579;1800
