Ident;X;Y;Transfers;InjectedTransfers;PodsHandled;PodHandlingTimeAvg;PodHandlingTimeVar;PodHandlingTimeMin;PodHandlingTimeMax;PileOn;IdleTime;UpTime
InputStation0;0.50;12.50;0;0;0;0;0;0;0;0;1800;1800
OutputStation0;35.50;3.50;241;171;32;30.295566829924528;399.3250387746096;4.04444444444448;71.80388888888874;7.53125;876.395851315626;1800
OutputStation1;35.50;9.50;258;195;31;34.3728494623657;381.63508417905143;4.04444444444448;77.68388888888921;8.32258064516129;811.7845451453621;1800
OutputStation2;0.50;6.50;265;185;30;36.464787636447284;469.2004806506297;8.159999999999627;83.98231601363545;8.833333333333334;789.0708944731548;1800
