Ident;X;Y;Transfers;InjectedTransfers;PodsHandled;PodHandlingTimeAvg;PodHandlingTimeVar;PodHandlingTimeMin;PodHandlingTimeMax;PileOn;IdleTime;UpTime
InputStation0;0.50;12.50;0;0;0;0;0;0;0;0;1800;1800
OutputStation0;35.50;3.50;248;179;33;30.859638374089066;382.65428508066344;4.058520916158955;73.24833333333316;7.515151515151516;849.7907501038501;1800
OutputStation1;35.50;9.50;243;190;31;32.30067751399513;600.5772812481085;4.04444444444448;77.23277777777821;7.838709677419355;867.5681025929665;1800
OutputStation2;0.50;6.50;261;201;30;35.274151034764536;425.60876478220706;8.428888888888878;79.09787156919043;8.7;800.2218393527803;1800
