Ident;X;Y;Transfers;InjectedTransfers;PodsHandled;PodHandlingTimeAvg;PodHandlingTimeVar;PodHandlingTimeMin;PodHandlingTimeMax;PileOn;IdleTime;UpTime
InputStation0;0.50;12.50;0;0;0;0;0;0;0;0;1800;1800
OutputStation0;35.50;3.50;234;160;34;28.273135342557346;489.23718278139995;4.04444444444448;81.71990620858716;6.882352941176471;904.0617314029491;1800
OutputStation1;35.50;9.50;273;204;33;34.273863745347434;483.82899002456077;4.160555555555561;85.38953823585769;8.272727272727273;756.1850794055756;1800
OutputStation2;0.50;6.50;242;181;31;32.032716097897556;434.73989818730035;4.04444444444448;74.05555555555657;7.806451612903226;870.8834561798421;1800
