Ident;X;Y;Transfers;InjectedTransfers;PodsHandled;PodHandlingTimeAvg;PodHandlingTimeVar;PodHandlingTimeMin;PodHandlingTimeMax;PileOn;IdleTime;UpTime
InputStation0;0.50;12.50;0;0;0;0;0;0;0;0;1800;1800
OutputStation0;35.50;3.50;257;195;32;33.042983180129546;504.4006864444731;4.112222222221817;81.10999999999956;8.03125;812.4860604772252;1800
OutputStation1;35.50;9.50;255;187;35;29.90441063519446;305.87263429047107;4.04444444444448;62.41055555555613;7.285714285714286;822.1008513156396;1800
OutputStation2;0.50;6.50;271;209;29;38.33487560294306;703.0318160433958;4.170375165653695;85.33611111111114;9.344827586206897;757.2351731969572;1800
