Ident;X;Y;Transfers;InjectedTransfers;PodsHandled;PodHandlingTimeAvg;PodHandlingTimeVar;PodHandlingTimeMin;PodHandlingTimeMax;PileOn;IdleTime;UpTime
InputStation0;0.50;12.50;0;0;0;0;0;0;0;0;1800;1800
OutputStation0;35.50;3.50;245;181;36;28.189580528212822;408.4431456661753;4.044444444444423;81.61601731969824;6.805555555555555;861.875801248543;1800
OutputStation1;35.50;9.50;236;173;35;27.761031335007658;311.5298311744745;4.04444444444448;78.83111111111106;6.742857142857143;895.2712915010004;1800
OutputStation2;0.50;6.50;242;175;33;30.217602862824517;318.93496370151115;4.231572875253505;78.9133333333333;7.333333333333333;869.7411329732649;1800
