Ident;X;Y;Transfers;InjectedTransfers;PodsHandled;PodHandlingTimeAvg;PodHandlingTimeVar;PodHandlingTimeMin;PodHandlingTimeMax;PileOn;IdleTime;UpTime
InputStation0;0.50;12.50;0;0;0;0;0;0;0;0;1800;1800
OutputStation0;35.50;3.50;273;203;31;36.0847162871784;408.4610571721002;4.285555555555561;83.06009379141264;8.806451612903226;756.4015441035581;1800
OutputStation1;35.50;9.50;265;190;34;31.962202700668936;391.52495121875097;4.225187582826948;81.23813855758522;7.794117647058823;786.3366954383545;1800
OutputStation2;0.50;6.50;243;175;30;33.317375903839114;387.82838646462983;4.074444444444907;68.88333333333344;8.1;873.8403679727102;1800
