Ident;X;Y;Transfers;InjectedTransfers;PodsHandled;PodHandlingTimeAvg;PodHandlingTimeVar;PodHandlingTimeMin;PodHandlingTimeMax;PileOn;IdleTime;UpTime
InputStation0;0.50;12.50;0;0;0;0;0;0;0;0;1800;1800
OutputStation0;39.50;3.50;188;126;35;27.370060812308783;487.56639165638927;5.04444444444448;104.74334052625477;5.371428571428571;895.5074532459852;1800
OutputStation1;39.50;9.50;222;170;35;32.633088226391706;240.2303876916638;5.160555555555554;67.96731601363524;6.3428571428571425;742.0922944348606;1800
OutputStation2;0.50;6.50;222;167;35;32.76757678808084;372.37999257456977;5.069999999999936;77.74518758282579;6.3428571428571425;744.898860117192;1800
