Ident;X;Y;Transfers;InjectedTransfers;PodsHandled;PodHandlingTimeAvg;PodHandlingTimeVar;PodHandlingTimeMin;PodHandlingTimeMax;PileOn;IdleTime;UpTime
InputStation0;0.50;12.50;0;0;0;0;0;0;0;0;1800;1800
OutputStation0;39.50;3.50;188;130;37;25.685322336814732;336.8709532160043;5.04444444444448;93.00388888888884;5.081081081081081;902.5000146692677;1800
OutputStation1;39.50;9.50;205;155;36;29.05797779565166;453.70038975256404;5.048427124745558;94.08860032172834;5.694444444444445;817.9052310237761;1800
OutputStation2;0.50;6.50;228;174;34;34.6680767778973;464.214863215163;5.053888888888423;88.66823954192012;6.705882352941177;706.6270924661903;1800
