Ident;X;Y;Transfers;InjectedTransfers;PodsHandled;PodHandlingTimeAvg;PodHandlingTimeVar;PodHandlingTimeMin;PodHandlingTimeMax;PileOn;IdleTime;UpTime
InputStation0;0.50;12.50;0;0;0;0;0;0;0;0;1800;1800
OutputStation0;35.50;3.50;232;166;34;27.843572914230666;298.5572843055349;4.04444444444448;61.41277777777748;6.823529411764706;913.3287879045487;1800
OutputStation1;35.50;9.50;252;187;34;29.513605805525856;294.86829254317126;4.04444444444448;63.06195523382803;7.411764705882353;837.8275539469337;1800
OutputStation2;0.50;6.50;225;165;34;26.075380699465764;291.6650012044704;4.04444444444448;73.53841993182454;6.617647058823529;938.9705843272554;1800
