Ident;X;Y;Transfers;InjectedTransfers;PodsHandled;PodHandlingTimeAvg;PodHandlingTimeVar;PodHandlingTimeMin;PodHandlingTimeMax;PileOn;IdleTime;UpTime
InputStation0;0.50;12.50;0;0;0;0;0;0;0;0;1800;1800
OutputStation0;35.50;3.50;236;173;35;27.42195753494959;274.65365505328344;4.04444444444448;62.699076471714534;6.742857142857143;894.4866738595808;1800
OutputStation1;35.50;9.50;267;211;30;36.73677753801372;441.8288569501182;4.145000000000891;76.02537516565485;8.9;780.1142496686996;1800
OutputStation2;0.50;6.50;244;180;34;28.892336389750593;281.53944943642983;4.04444444444448;64.0929653606047;7.176470588235294;865.7227561990014;1800
