Ident;X;Y;Transfers;InjectedTransfers;PodsHandled;PodHandlingTimeAvg;PodHandlingTimeVar;PodHandlingTimeMin;PodHandlingTimeMax;PileOn;IdleTime;UpTime
InputStation0;0.50;12.50;0;0;0;0;0;0;0;0;1800;1800
OutputStation0;35.50;3.50;263;187;30;35.262423039309645;340.02023414014485;4.04444444444448;71.52777777777897;8.766666666666667;788.4155555555578;1800
OutputStation1;35.50;9.50;236;167;36;26.641959876543265;183.81674119690246;4.04444444444448;53.51055555555547;6.555555555555555;900.3382611206987;1800
OutputStation2;0.50;6.50;242;177;33;30.27772443056329;417.58313795163036;4.04444444444448;80.81064934696829;7.333333333333333;872.9126839863726;1800
