Ident;X;Y;Transfers;InjectedTransfers;PodsHandled;PodHandlingTimeAvg;PodHandlingTimeVar;PodHandlingTimeMin;PodHandlingTimeMax;PileOn;IdleTime;UpTime
InputStation0;0.50;12.50;0;0;0;0;0;0;0;0;1800;1800
OutputStation0;35.50;3.50;202;139;37;22.335167700067938;233.5684995458329;4.098333333331993;66.47176045807964;5.45945945945946;1026.9209451070535;1800
OutputStation1;35.50;9.50;258;195;33;31.464383006672733;278.23643232603564;8.293888888888887;68.05323954192033;7.818181818181818;812.8501803899261;1800
OutputStation2;0.50;6.50;243;179;33;30.444184046601837;335.3662549582558;4.04444444444448;67.74111111111068;7.363636363636363;868.5887372706597;1800
