Ident;X;Y;Transfers;InjectedTransfers;PodsHandled;PodHandlingTimeAvg;PodHandlingTimeVar;PodHandlingTimeMin;PodHandlingTimeMax;PileOn;IdleTime;UpTime
InputStation0;0.50;12.50;0;0;0;0;0;0;0;0;1800;1800
OutputStation0;35.50;3.50;317;239;28;46.265480310840545;670.6936056413795;4.04444444444448;78.59231601363513;11.321428571428571;583.7371068520466;1800
OutputStation1;35.50;9.50;297;224;28;42.57869949770966;624.3763260677523;8.119350653031802;83.95833333333451;10.607142857142858;661.9403754490086;1800
OutputStation2;0.50;6.50;302;237;27;45.95393030755762;913.3147070440482;4.04444444444448;83.22555555555584;11.185185185185185;645.191969619602;1800
