Ident;X;Y;Transfers;InjectedTransfers;PodsHandled;PodHandlingTimeAvg;PodHandlingTimeVar;PodHandlingTimeMin;PodHandlingTimeMax;PileOn;IdleTime;UpTime
InputStation0;0.50;12.50;0;0;0;0;0;0;0;0;1800;1800
OutputStation0;35.50;3.50;269;197;33;33.54712405428546;358.6401235938536;4.121572875253605;73.40963202726999;8.151515151515152;769.8877993565601;1800
OutputStation1;35.50;9.50;268;209;34;32.25822765307434;364.24432813851973;4.073888888888632;72.35287156919105;7.882352941176471;774.2255555555639;1800
OutputStation2;0.50;6.50;244;178;31;32.619041798712765;463.3200546589781;4.0676839863635905;81.93917026312806;7.870967741935484;871.6127412463427;1800
