Ident;X;Y;Transfers;InjectedTransfers;PodsHandled;PodHandlingTimeAvg;PodHandlingTimeVar;PodHandlingTimeMin;PodHandlingTimeMax;PileOn;IdleTime;UpTime
InputStation0;0.50;12.50;0;0;0;0;0;0;0;0;1800;1800
OutputStation0;35.50;3.50;237;176;34;28.410021645454666;477.77254713931654;4.071111111110895;86.02277777777954;6.970588235294118;889.6563996782457;1800
OutputStation1;35.50;9.50;261;195;33;32.123030738965205;465.1679500489888;4.044444444444423;82.37694804090552;7.909090909090909;797.4452741812822;1800
OutputStation2;0.50;6.50;229;171;33;28.172620796265825;427.79379363864024;4.098888888888865;78.70046176414277;6.9393939393939394;924.2881241717387;1800
