Ident;X;Y;Transfers;InjectedTransfers;PodsHandled;PodHandlingTimeAvg;PodHandlingTimeVar;PodHandlingTimeMin;PodHandlingTimeMax;PileOn;IdleTime;UpTime
InputStation0;0.50;12.50;0;0;0;0;0;0;0;0;1800;1800
OutputStation0;35.50;3.50;262;197;31;34.58162803087314;602.6329863757933;4.04444444444448;83.7095382358574;8.451612903225806;794.4245166570921;1800
OutputStation1;35.50;9.50;302;234;29;42.823710254754396;241.11322128923229;20.18666666666627;67.23500000000024;10.413793103448276;642.4211039181821;1800
OutputStation2;0.50;6.50;259;196;33;32.352702129185786;532.8159815726771;4.04444444444448;81.13388888888971;7.848484848484849;807.7858369297917;1800
