Ident;X;Y;Transfers;InjectedTransfers;PodsHandled;PodHandlingTimeAvg;PodHandlingTimeVar;PodHandlingTimeMin;PodHandlingTimeMax;PileOn;IdleTime;UpTime
InputStation0;0.50;12.50;0;0;0;0;0;0;0;0;1800;1800
OutputStation0;35.50;3.50;251;179;31;32.71781757372009;533.9913378507084;4.04444444444448;77.24082973687277;8.096774193548388;837.8176696005222;1800
OutputStation1;35.50;9.50;201;140;37;22.474049373054427;289.6987647720768;4.04444444444448;72.35222222222205;5.4324324324324325;1033.7638526408443;1800
OutputStation2;0.50;6.50;244;173;35;27.732405070172675;286.59688658501045;4.044444444444451;65.85277777777799;6.9714285714285715;870.984098050473;1800
