Ident;X;Y;Transfers;InjectedTransfers;PodsHandled;PodHandlingTimeAvg;PodHandlingTimeVar;PodHandlingTimeMin;PodHandlingTimeMax;PileOn;IdleTime;UpTime
InputStation0;0.50;12.50;0;0;0;0;0;0;0;0;1800;1800
OutputStation0;35.50;3.50;298;222;27;45.05815188830876;688.9518397803706;4.146111111110713;83.4322222222223;11.037037037037036;656.1347473974511;1800
OutputStation1;35.50;9.50;332;255;26;52.20598262933169;617.4194182825829;4.1599999999998545;84.70833333333314;12.76923076923077;531.1959888033848;1800
OutputStation2;0.50;6.50;294;228;27;44.512883599382974;805.0573216546317;4.114264054546538;81.99647908384173;10.88888888888889;672.448766325808;1800
