Ident;X;Y;Transfers;InjectedTransfers;PodsHandled;PodHandlingTimeAvg;PodHandlingTimeVar;PodHandlingTimeMin;PodHandlingTimeMax;PileOn;IdleTime;UpTime
InputStation0;0.50;12.50;0;0;0;0;0;0;0;0;1800;1800
OutputStation0;35.50;3.50;236;172;33;29.40518802734928;403.28191221464766;4.04444444444448;76.80722222222266;7.151515151515151;897.8071142766755;1800
OutputStation1;35.50;9.50;265;205;30;36.44506204808066;613.4878399959488;4.155555555555338;86.27731601363621;8.833333333333334;784.8567902083203;1800
OutputStation2;0.50;6.50;262;194;30;35.89103319908819;573.1915265781865;4.101111111111095;78.35796536060349;8.733333333333333;792.8942059960289;1800
