Ident;X;Y;Transfers;InjectedTransfers;PodsHandled;PodHandlingTimeAvg;PodHandlingTimeVar;PodHandlingTimeMin;PodHandlingTimeMax;PileOn;IdleTime;UpTime
InputStation0;0.50;12.50;0;0;0;0;0;0;0;0;1800;1800
OutputStation0;35.50;3.50;203;136;40;20.82144877436872;154.44250506859905;4.072777777778015;53.20231601363491;5.075;1023.3975107893689;1800
OutputStation1;35.50;9.50;255;197;34;31.12132055928417;256.5601436350946;8.560555555555538;65.41055555555579;7.5;824.6317460722674;1800
OutputStation2;0.50;6.50;224;162;35;26.036668935397007;214.0231464417751;4.044444444444423;61.676204902523864;6.4;939.6005699413884;1800
