Ident;X;Y;Transfers;InjectedTransfers;PodsHandled;PodHandlingTimeAvg;PodHandlingTimeVar;PodHandlingTimeMin;PodHandlingTimeMax;PileOn;IdleTime;UpTime
InputStation0;0.50;12.50;0;0;0;0;0;0;0;0;1800;1800
OutputStation0;35.50;3.50;231;173;34;27.634093454589614;347.0414035419808;4.046572875253787;66.52833333333297;6.794117647058823;911.6175323681477;1800
OutputStation1;35.50;9.50;256;197;33;30.494133759518842;285.27965118671614;4.414444444444598;78.35074313838163;7.757575757575758;818.817431383814;1800
OutputStation2;0.50;6.50;258;193;33;32.04949866352854;331.2939906618484;4.04444444444448;66.38453823585814;7.818181818181818;808.3253533034782;1800
