Ident;X;Y;Transfers;InjectedTransfers;PodsHandled;PodHandlingTimeAvg;PodHandlingTimeVar;PodHandlingTimeMin;PodHandlingTimeMax;PileOn;IdleTime;UpTime
InputStation0;0.50;12.50;0;0;0;0;0;0;0;0;1800;1800
OutputStation0;35.50;3.50;243;179;35;28.088215210518776;314.505690015536;4.04444444444448;73.22231601363546;6.942857142857143;868.397626159573;1800
OutputStation1;35.50;9.50;243;181;34;29.36296027491106;539.7168835207221;4.04444444444448;81.9278715691911;7.147058823529412;873.5408150676067;1800
OutputStation2;0.50;6.50;237;165;34;28.557648116606654;324.9380470851543;4.130461764142865;76.62055555555571;6.970588235294118;898.0741771726578;1800
