Ident;X;Y;Transfers;InjectedTransfers;PodsHandled;PodHandlingTimeAvg;PodHandlingTimeVar;PodHandlingTimeMin;PodHandlingTimeMax;PileOn;IdleTime;UpTime
InputStation0;0.50;12.50;0;0;0;0;0;0;0;0;1800;1800
OutputStation0;35.50;3.50;295;221;30;39.031230642307236;262.69277167670856;12.461666666666588;72.8133333333335;9.833333333333334;671.5606421540466;1800
OutputStation1;35.50;9.50;228;167;35;26.781523604011653;221.5457403932479;4.1666666666667425;54.702316013635254;6.514285714285714;926.0105771343135;1800
OutputStation2;0.50;6.50;279;207;30;38.41220683008428;273.59955380753615;16.256204902524814;74.85222222222092;9.3;726.8695022712463;1800
