Ident;X;Y;Transfers;InjectedTransfers;PodsHandled;PodHandlingTimeAvg;PodHandlingTimeVar;PodHandlingTimeMin;PodHandlingTimeMax;PileOn;IdleTime;UpTime
InputStation0;0.50;12.50;0;0;0;0;0;0;0;0;1800;1800
OutputStation0;35.50;3.50;239;172;35;27.7980766853247;338.3579393644664;4.04444444444448;85.11212843081034;6.828571428571428;880.1756999809053;1800
OutputStation1;35.50;9.50;271;204;31;35.73873923662471;406.76877286027;4.04444444444448;81.6178715691907;8.741935483870968;763.2763421348784;1800
OutputStation2;0.50;6.50;226;168;32;28.878379779483026;518.7950355597441;4.04444444444448;84.07564934696848;7.0625;932.9960895323554;1800
