Ident;X;Y;Transfers;InjectedTransfers;PodsHandled;PodHandlingTimeAvg;PodHandlingTimeVar;PodHandlingTimeMin;PodHandlingTimeMax;PileOn;IdleTime;UpTime
InputStation0;0.50;12.50;0;0;0;0;0;0;0;0;1800;1800
OutputStation0;35.50;3.50;262;196;32;33.65279806987052;538.4869364445847;4.04444444444448;80.71555555555585;8.1875;798.9514862767711;1800
OutputStation1;35.50;9.50;253;188;36;28.91698793562019;309.6639479081592;4.04444444444448;67.18555555555531;7.027777777777778;834.5610101267737;1800
OutputStation2;0.50;6.50;246;183;31;32.9625839027207;384.0373043313113;8.647041832321065;84.38000000000022;7.935483870967742;855.6878643762672;1800
