Ident;X;Y;Transfers;InjectedTransfers;PodsHandled;PodHandlingTimeAvg;PodHandlingTimeVar;PodHandlingTimeMin;PodHandlingTimeMax;PileOn;IdleTime;UpTime
InputStation0;0.50;12.50;0;0;0;0;0;0;0;0;1800;1800
OutputStation0;35.50;3.50;226;162;32;29.26556164229783;304.4037530695616;4.04444444444448;63.29593072121088;7.0625;933.166425962835;1800
OutputStation1;35.50;9.50;278;219;31;36.9464270156958;323.9427930933941;4.04444444444448;72.7149062085868;8.96774193548387;739.5035690629034;1800
OutputStation2;0.50;6.50;252;181;32;31.836600377982727;263.00092978158244;4.04444444444448;58.118982680302;7.875;833.80011537017;1800
