Ident;X;Y;Transfers;InjectedTransfers;PodsHandled;PodHandlingTimeAvg;PodHandlingTimeVar;PodHandlingTimeMin;PodHandlingTimeMax;PileOn;IdleTime;UpTime
InputStation0;0.50;12.50;0;0;0;0;0;0;0;0;1800;1800
OutputStation0;35.50;3.50;249;188;31;32.53685728416492;485.2957737357574;4.1666666666667425;80.81055555555548;8.03225806451613;847.1633117545637;1800
OutputStation1;35.50;9.50;257;194;34;31.246528095112687;386.74143742316653;4.04444444444448;80.48833333333391;7.5588235294117645;817.6186147075816;1800
OutputStation2;0.50;6.50;243;185;34;29.216331593568025;519.3000755112039;4.04444444444448;80.78888888888898;7.147058823529412;869.4477490060862;1800
