Ident;X;Y;Transfers;InjectedTransfers;PodsHandled;PodHandlingTimeAvg;PodHandlingTimeVar;PodHandlingTimeMin;PodHandlingTimeMax;PileOn;IdleTime;UpTime
InputStation0;0.50;12.50;0;0;0;0;0;0;0;0;1800;1800
OutputStation0;35.50;3.50;228;164;36;25.869642656214765;399.59022305405546;4.04444444444448;66.99305915201637;6.333333333333333;923.1541846489793;1800
OutputStation1;35.50;9.50;267;198;33;33.13708535382572;418.91944035497994;4.04444444444448;79.21388888888919;8.090909090909092;777.355382641998;1800
OutputStation2;0.50;6.50;258;194;33;31.902031352709113;488.61090028129644;4.04444444444448;82.67611111111103;7.818181818181818;808.3742278065034;1800
