Ident;X;Y;Transfers;InjectedTransfers;PodsHandled;PodHandlingTimeAvg;PodHandlingTimeVar;PodHandlingTimeMin;PodHandlingTimeMax;PileOn;IdleTime;UpTime
InputStation0;0.50;12.50;0;0;0;0;0;0;0;0;1800;1800
OutputStation0;35.50;3.50;276;199;29;39.160504304632916;372.0185180961528;4.069444444444116;85.10398268030178;9.517241379310345;741.8283192308148;1800
OutputStation1;35.50;9.50;260;190;32;33.5473556987058;521.3984533160195;4.376572875252123;81.18722222222254;8.125;804.3344737549044;1800
OutputStation2;0.50;6.50;263;200;31;35.09269399107235;461.1601118994355;4.04444444444448;74.98777777777798;8.483870967741936;791.3821934505308;1800
