Ident;X;Y;Transfers;InjectedTransfers;PodsHandled;PodHandlingTimeAvg;PodHandlingTimeVar;PodHandlingTimeMin;PodHandlingTimeMax;PileOn;IdleTime;UpTime
InputStation0;0.50;12.50;0;0;0;0;0;0;0;0;1800;1800
OutputStation0;35.50;3.50;259;196;35;30.300381774429326;428.13969105691854;4.0777777777775555;75.47111830403298;7.4;806.5737588494485;1800
OutputStation1;35.50;9.50;242;187;35;28.626518244502297;419.3205443781654;4.04444444444448;83.50000000000034;6.914285714285715;876.0947258186827;1800
OutputStation2;0.50;6.50;240;182;33;29.7301010101011;376.0413687551143;4.163513723236861;66.94518758282584;7.2727272727272725;880.2903823585657;1800
