Ident;X;Y;Transfers;InjectedTransfers;PodsHandled;PodHandlingTimeAvg;PodHandlingTimeVar;PodHandlingTimeMin;PodHandlingTimeMax;PileOn;IdleTime;UpTime
InputStation0;0.50;12.50;0;0;0;0;0;0;0;0;1800;1800
OutputStation0;35.50;3.50;263;199;32;33.57900726090627;385.3040122280646;4.133888888888919;70.93749640353928;8.21875;791.6610101267705;1800
OutputStation1;35.50;9.50;225;155;34;26.44684640522872;207.32486536230883;4.0864790838408;59.23777777777798;6.617647058823529;935.2100865984906;1800
OutputStation2;0.50;6.50;230;163;35;26.765172128932196;307.39397618935135;4.04444444444448;66.32963202727092;6.571428571428571;921.8874313838262;1800
