Ident;X;Y;Transfers;InjectedTransfers;PodsHandled;PodHandlingTimeAvg;PodHandlingTimeVar;PodHandlingTimeMin;PodHandlingTimeMax;PileOn;IdleTime;UpTime
InputStation0;0.50;12.50;0;0;0;0;0;0;0;0;1800;1800
OutputStation0;35.50;3.50;271;204;31;35.364150485743224;422.6124865196295;4.181111111111221;75.17342712474647;8.741935483870968;761.9098046574275;1800
OutputStation1;35.50;9.50;266;212;34;31.917736179321384;427.3638960209107;4.044444444444466;78.66622648129851;7.823529411764706;785.801205469325;1800
OutputStation2;0.50;6.50;226;170;33;28.030382174961268;449.7003846884815;4.044444444444423;74.45009379141271;6.848484848484849;930.4038091999217;1800
