Ident;X;Y;Transfers;InjectedTransfers;PodsHandled;PodHandlingTimeAvg;PodHandlingTimeVar;PodHandlingTimeMin;PodHandlingTimeMax;PileOn;IdleTime;UpTime
InputStation0;0.50;12.50;0;0;0;0;0;0;0;0;1800;1800
OutputStation0;35.50;3.50;246;189;31;32.82354536156726;451.42614522561627;4.160000000000082;77.14046176414331;7.935483870967742;855.8313565207361;1800
OutputStation1;35.50;9.50;262;200;33;32.866423321808256;311.1102458649177;4.04444444444448;82.08555555555631;7.9393939393939394;794.6606130989331;1800
OutputStation2;0.50;6.50;242;181;33;30.428911626201;364.28340300026264;4.176111111111595;71.43444444444435;7.333333333333333;873.6847114328383;1800
