Ident;X;Y;Transfers;InjectedTransfers;PodsHandled;PodHandlingTimeAvg;PodHandlingTimeVar;PodHandlingTimeMin;PodHandlingTimeMax;PileOn;IdleTime;UpTime
InputStation0;0.50;12.50;0;0;0;0;0;0;0;0;1800;1800
OutputStation0;35.50;3.50;257;187;32;33.00712662372182;427.87418006508807;4.088333333332685;80.83333333333303;8.03125;815.3128859550488;1800
OutputStation1;35.50;9.50;242;179;35;28.126799010302957;383.023549991714;4.148333333332857;77.32426405454112;6.914285714285715;872.5950578267846;1800
OutputStation2;0.50;6.50;243;179;32;31.35060470790709;440.6004442165019;4.04444444444448;80.5905555555556;7.59375;868.5392496686848;1800
