Ident;X;Y;Transfers;InjectedTransfers;PodsHandled;PodHandlingTimeAvg;PodHandlingTimeVar;PodHandlingTimeMin;PodHandlingTimeMax;PileOn;IdleTime;UpTime
InputStation0;0.50;12.50;0;0;0;0;0;0;0;0;1800;1800
OutputStation0;35.50;3.50;249;184;33;29.65828282828288;515.6239481217424;4.04444444444448;80.65888888888935;7.545454545454546;842.0018902141052;1800
OutputStation1;35.50;9.50;248;183;34;29.512390714944132;366.97283406336726;4.04444444444448;78.93601731969852;7.294117647058823;848.0365297177184;1800
OutputStation2;0.50;6.50;214;151;35;24.934992166248126;377.88969020509165;4.058333333332712;78.5134271247473;6.114285714285714;981.4299999999913;1800
