Ident;X;Y;Transfers;InjectedTransfers;PodsHandled;PodHandlingTimeAvg;PodHandlingTimeVar;PodHandlingTimeMin;PodHandlingTimeMax;PileOn;IdleTime;UpTime
InputStation0;0.50;12.50;0;0;0;0;0;0;0;0;1800;1800
OutputStation0;35.50;3.50;224;168;32;28.58418470211441;467.6223670715602;4.04444444444448;84.22009379141286;7;941.9891918418873;1800
OutputStation1;35.50;9.50;243;178;34;29.53372018461089;339.0709824272697;4.04444444444448;71.07268398636529;7.147058823529412;868.7623303994824;1800
OutputStation2;0.50;6.50;244;185;33;30.455308060729;348.8257186241695;4.0677777777775646;82.78805195909467;7.393939393939394;864.7959651941451;1800
