Ident;X;Y;Transfers;InjectedTransfers;PodsHandled;PodHandlingTimeAvg;PodHandlingTimeVar;PodHandlingTimeMin;PodHandlingTimeMax;PileOn;IdleTime;UpTime
InputStation0;0.50;12.50;0;0;0;0;0;0;0;0;1800;1800
OutputStation0;35.50;3.50;231;161;31;30.814571757853532;506.9702930268754;4.04444444444448;84.46509379141293;7.451612903225806;912.2981385575771;1800
OutputStation1;35.50;9.50;235;175;33;29.44485701134077;537.4100721111812;4.04444444444448;82.43620490252442;7.121212121212121;901.9625467540116;1800
OutputStation2;0.50;6.50;221;156;34;26.67890586342813;426.5119259930008;4.04444444444448;83.57185424949273;6.5;955.2821931671265;1800
