Ident;X;Y;Transfers;InjectedTransfers;PodsHandled;PodHandlingTimeAvg;PodHandlingTimeVar;PodHandlingTimeMin;PodHandlingTimeMax;PileOn;IdleTime;UpTime
InputStation0;0.50;12.50;0;0;0;0;0;0;0;0;1800;1800
OutputStation0;39.50;3.50;194;137;36;25.208370407182105;422.37541789769756;5.04444444444448;82.4016666666667;5.388888888888889;870.2102310237657;1800
OutputStation1;39.50;9.50;221;157;35;32.541914864386996;573.2296276955444;5.04444444444448;104.90518758282573;6.314285714285714;740.9626117737224;1800
OutputStation2;0.50;6.50;191;132;37;26.040923520625164;471.88279534161984;5.053888888888878;104.93398268030168;5.162162162162162;879.9399640353861;1800
