Ident;X;Y;Transfers;InjectedTransfers;PodsHandled;PodHandlingTimeAvg;PodHandlingTimeVar;PodHandlingTimeMin;PodHandlingTimeMax;PileOn;IdleTime;UpTime
InputStation0;0.50;12.50;0;0;0;0;0;0;0;0;1800;1800
OutputStation0;35.50;3.50;280;215;29;39.1999042145594;664.6307749250655;4.100555555555552;84.40277777777777;9.655172413793103;728.8002741813112;1800
OutputStation1;35.50;9.50;255;174;34;30.722566205703174;316.3184620783096;4.3099062085830155;81.39787156919112;7.5;823.1629003409015;1800
OutputStation2;0.50;6.50;273;201;31;35.30965344714899;515.5279471549794;4.231666666666342;78.11787156919115;8.806451612903226;754.5251803898817;1800
