Ident;X;Y;Transfers;InjectedTransfers;PodsHandled;PodHandlingTimeAvg;PodHandlingTimeVar;PodHandlingTimeMin;PodHandlingTimeMax;PileOn;IdleTime;UpTime
InputStation0;0.50;12.50;0;0;0;0;0;0;0;0;1800;1800
OutputStation0;35.50;3.50;253;184;32;32.612326838446556;452.5860294027472;4.393333333333658;78.38277777777807;7.90625;827.6691918418954;1800
OutputStation1;35.50;9.50;243;178;33;29.616198128359233;384.64203016736434;4.257128430809416;78.26944444444447;7.363636363636363;866.8952813742276;1800
OutputStation2;0.50;6.50;261;203;31;34.53479053323593;543.0245115899594;4.178888888889105;81.32591633535958;8.419354838709678;797.6086362863218;1800
