Ident;X;Y;Transfers;InjectedTransfers;PodsHandled;PodHandlingTimeAvg;PodHandlingTimeVar;PodHandlingTimeMin;PodHandlingTimeMax;PileOn;IdleTime;UpTime
InputStation0;0.50;12.50;0;0;0;0;0;0;0;0;1800;1800
OutputStation0;35.50;3.50;284;216;29;39.97668234153626;301.8179280658441;12.08888888888896;68.76231601363543;9.793103448275861;708.8955339767928;1800
OutputStation1;35.50;9.50;290;225;31;38.32666061560784;295.3693249652775;8.054350653031577;85.04509379141268;9.35483870967742;687.1624604389234;1800
OutputStation2;0.50;6.50;278;210;29;38.361174802716924;546.0697216896366;4.364170263128017;84.2560173196983;9.586206896551724;736.0582251560725;1800
