Ident;X;Y;Transfers;InjectedTransfers;PodsHandled;PodHandlingTimeAvg;PodHandlingTimeVar;PodHandlingTimeMin;PodHandlingTimeMax;PileOn;IdleTime;UpTime
InputStation0;0.50;12.50;0;0;0;0;0;0;0;0;1800;1800
OutputStation0;35.50;3.50;227;160;34;27.66911212991682;316.71951454807197;4.100093791413201;84.66314575050751;6.676470588235294;931.1443578459525;1800
OutputStation1;35.50;9.50;288;217;30;39.01888576250851;435.465982556146;8.464444444444553;78.72333333333324;9.6;697.9679797464753;1800
OutputStation2;0.50;6.50;223;158;36;25.60737173218263;326.5323314454591;4.110187582825574;66.95676045807954;6.194444444444445;949.6251081772464;1800
