Ident;X;Y;Transfers;InjectedTransfers;PodsHandled;PodHandlingTimeAvg;PodHandlingTimeVar;PodHandlingTimeMin;PodHandlingTimeMax;PileOn;IdleTime;UpTime
InputStation0;0.50;12.50;0;0;0;0;0;0;0;0;1800;1800
OutputStation0;35.50;3.50;247;186;34;30.03679738562105;349.8496558787756;4.051111111111197;71.0811111111118;7.264705882352941;853.1140836646259;1800
OutputStation1;35.50;9.50;294;225;30;39.39807960754299;466.43142373737044;4.04444444444448;83.51888888888789;9.8;672.6666450878995;1800
OutputStation2;0.50;6.50;231;170;34;27.94908772589136;413.6029014300082;4.120093791412842;76.79129150101596;6.794117647058823;917.4996392201833;1800
