Ident;X;Y;Transfers;InjectedTransfers;PodsHandled;PodHandlingTimeAvg;PodHandlingTimeVar;PodHandlingTimeMin;PodHandlingTimeMax;PileOn;IdleTime;UpTime
InputStation0;0.50;12.50;0;0;0;0;0;0;0;0;1800;1800
OutputStation0;35.50;3.50;234;164;33;29.14554768296545;400.43535470426167;4.098795097475431;80.15009379141293;7.090909090909091;900.3349205944253;1800
OutputStation1;35.50;9.50;245;165;33;30.26635598174094;267.8853816389865;12.08888888888896;80.06064934696826;7.424242424242424;858.8941846489595;1800
OutputStation2;0.50;6.50;256;185;32;30.96408820449845;437.6430606438515;4.04444444444448;78.59555555555528;8;816.6913130797716;1800
