Ident;X;Y;Transfers;InjectedTransfers;PodsHandled;PodHandlingTimeAvg;PodHandlingTimeVar;PodHandlingTimeMin;PodHandlingTimeMax;PileOn;IdleTime;UpTime
InputStation0;0.50;12.50;0;0;0;0;0;0;0;0;1800;1800
OutputStation0;35.50;3.50;314;231;24;53.30992303930951;619.038790922769;4.04444444444448;82.64194804090499;13.083333333333334;592.7611761308392;1800
OutputStation1;35.50;9.50;340;269;25;55.259944588302794;724.8314893893431;4.265093791414756;84.35333333333324;13.6;500.1577490060805;1800
OutputStation2;0.50;6.50;258;194;27;39.352348886363615;743.5617557586328;4.071666666666488;84.93944444444435;9.555555555555555;810.9089395227622;1800
