Ident;X;Y;Transfers;InjectedTransfers;PodsHandled;PodHandlingTimeAvg;PodHandlingTimeVar;PodHandlingTimeMin;PodHandlingTimeMax;PileOn;IdleTime;UpTime
InputStation0;0.50;12.50;0;0;0;0;0;0;0;0;1800;1800
OutputStation0;35.50;3.50;291;223;28;42.72862785957792;576.6305743125563;8.118333333333112;81.41777777777816;10.392857142857142;681.8353821031354;1800
OutputStation1;35.50;9.50;252;182;32;32.01377908503757;430.1879534853987;4.388427124745704;83.36111111111117;7.875;836.8120053568603;1800
OutputStation2;0.50;6.50;239;180;33;29.873485284419623;440.75896559260303;4.04444444444448;83.05111111111148;7.242424242424242;883.535065019719;1800
