Ident;X;Y;Transfers;InjectedTransfers;PodsHandled;PodHandlingTimeAvg;PodHandlingTimeVar;PodHandlingTimeMin;PodHandlingTimeMax;PileOn;IdleTime;UpTime
InputStation0;0.50;12.50;0;0;0;0;0;0;0;0;1800;1800
OutputStation0;35.50;3.50;267;201;34;32.46900093251614;365.37472900129006;8.098888888889178;81.63639248534976;7.852941176470588;778.7538310621135;1800
OutputStation1;35.50;9.50;263;205;33;32.648849752494755;453.81791502931003;4.044444444444444;85.53842712474659;7.96969696969697;789.6521787812749;1800
OutputStation2;0.50;6.50;233;165;35;27.4772385062623;530.5432877459098;4.04444444444448;85.1516666666671;6.6571428571428575;905.0123954191907;1800
