Ident;X;Y;Transfers;InjectedTransfers;PodsHandled;PodHandlingTimeAvg;PodHandlingTimeVar;PodHandlingTimeMin;PodHandlingTimeMax;PileOn;IdleTime;UpTime
InputStation0;0.50;12.50;0;0;0;0;0;0;0;0;1800;1800
OutputStation0;35.50;3.50;219;164;34;26.324907689483393;212.85067769807358;4.04444444444448;54.362777777777865;6.4411764705882355;961.608441766042;1800
OutputStation1;35.50;9.50;244;188;31;32.003468786070286;402.1575317827472;4.04444444444448;78.08166666666625;7.870967741935484;864.835793488845;1800
OutputStation2;0.50;6.50;260;201;33;32.65513490584201;518.2270023340506;4.327943781820522;84.2470346393967;7.878787878787879;811.647445797674;1800
