Ident;X;Y;Transfers;InjectedTransfers;PodsHandled;PodHandlingTimeAvg;PodHandlingTimeVar;PodHandlingTimeMin;PodHandlingTimeMax;PileOn;IdleTime;UpTime
InputStation0;0.50;12.50;0;0;0;0;0;0;0;0;1800;1800
OutputStation0;35.50;3.50;255;184;29;35.76478006553429;427.7089009751527;4.04444444444448;84.25666666666672;8.793103448275861;825.6675533801407;1800
OutputStation1;35.50;9.50;249;192;33;30.99348157038591;411.8228725086758;4.13923528284181;74.01176045808052;7.545454545454546;843.4982832198054;1800
OutputStation2;0.50;6.50;239;171;33;29.47393307147683;230.47066204711365;8.153160136355837;73.0627777777776;7.242424242424242;887.4831678960641;1800
