Ident;X;Y;Transfers;InjectedTransfers;PodsHandled;PodHandlingTimeAvg;PodHandlingTimeVar;PodHandlingTimeMin;PodHandlingTimeMax;PileOn;IdleTime;UpTime
InputStation0;0.50;12.50;0;0;0;0;0;0;0;0;1800;1800
OutputStation0;35.50;3.50;233;164;33;28.169578906611772;377.7445190389915;4.097222222222172;76.82185424949245;7.0606060606060606;908.6886578651211;1800
OutputStation1;35.50;9.50;256;187;31;33.701621283724904;456.20843390548964;4.068427124746222;82.74055555555572;8.258064516129032;821.2327574765934;1800
OutputStation2;0.50;6.50;238;179;32;30.154728084185965;494.5780112170278;4.04444444444448;77.35333333333324;7.4375;889.0356493469656;1800
