Ident;X;Y;Transfers;InjectedTransfers;PodsHandled;PodHandlingTimeAvg;PodHandlingTimeVar;PodHandlingTimeMin;PodHandlingTimeMax;PileOn;IdleTime;UpTime
InputStation0;0.50;12.50;0;0;0;0;0;0;0;0;1800;1800
OutputStation0;35.50;3.50;289;218;31;38.310618627614716;383.4306510036045;4.085288567163161;71.20842712474632;9.32258064516129;693.0104183231891;1800
OutputStation1;35.50;9.50;242;167;34;28.9459755096846;435.2690722249948;8.169444444444423;84.71000000000015;7.117647058823529;871.5821859741961;1800
OutputStation2;0.50;6.50;251;185;33;29.948880798331555;562.3781690074691;4.044444444444451;82.02888888888896;7.606060606060606;838.5996392201877;1800
