Ident;X;Y;Transfers;InjectedTransfers;PodsHandled;PodHandlingTimeAvg;PodHandlingTimeVar;PodHandlingTimeMin;PodHandlingTimeMax;PileOn;IdleTime;UpTime
InputStation0;0.50;12.50;0;0;0;0;0;0;0;0;1800;1800
OutputStation0;35.50;3.50;249;179;34;29.886465705763023;518.839939567455;4.04444444444448;81.31203463939646;7.323529411764706;841.624754590359;1800
OutputStation1;35.50;9.50;236;178;31;31.563754596301717;494.79657120181946;4.04444444444448;77.6555555555567;7.612903225806452;893.9697330116126;1800
OutputStation2;0.50;6.50;260;191;30;35.78780543567363;500.11036066774125;4.1666666666667425;75.68333333333337;8.666666666666666;802.3178934313989;1800
