Ident;X;Y;Transfers;InjectedTransfers;PodsHandled;PodHandlingTimeAvg;PodHandlingTimeVar;PodHandlingTimeMin;PodHandlingTimeMax;PileOn;IdleTime;UpTime
InputStation0;0.50;12.50;0;0;0;0;0;0;0;0;1800;1800
OutputStation0;35.50;3.50;256;184;29;36.371587052159505;692.7630037077529;4.04444444444448;83.51842712474627;8.827586206896552;817.2434343176712;1800
OutputStation1;35.50;9.50;279;206;30;37.71037013060615;613.2102516015138;4.070555555555302;81.32712843080844;9.3;733.6346464131159;1800
OutputStation2;0.50;6.50;252;178;31;33.704376249445865;533.2036813986183;4.06426405453999;81.69166666666706;8.129032258064516;831.5579581676884;1800
