Ident;X;Y;Transfers;InjectedTransfers;PodsHandled;PodHandlingTimeAvg;PodHandlingTimeVar;PodHandlingTimeMin;PodHandlingTimeMax;PileOn;IdleTime;UpTime
InputStation0;0.50;12.50;0;0;0;0;0;0;0;0;1800;1800
OutputStation0;35.50;3.50;247;173;33;29.626756962013737;333.28585876601227;4.044444444444423;71.12722222222283;7.484848484848484;851.6651660040575;1800
OutputStation1;35.50;9.50;272;212;33;33.776367132429776;323.0990395554488;8.067777777777792;75.73222222222262;8.242424242424242;755.7910386150397;1800
OutputStation2;0.50;6.50;228;170;35;26.800989280981465;289.4140138651119;4.04444444444448;80.42731601363607;6.514285714285714;925.938766042368;1800
