Ident;X;Y;Transfers;InjectedTransfers;PodsHandled;PodHandlingTimeAvg;PodHandlingTimeVar;PodHandlingTimeMin;PodHandlingTimeMax;PileOn;IdleTime;UpTime
InputStation0;0.50;12.50;0;0;0;0;0;0;0;0;1800;1800
OutputStation0;35.50;3.50;248;181;32;31.95527741385869;334.1208862307375;4.044444444444444;77.60250359646284;7.75;847.6179539985728;1800
OutputStation1;35.50;9.50;240;181;33;29.37951200247896;241.6835462972257;4.04444444444448;66.20528137423844;7.2727272727272725;876.1713346585717;1800
OutputStation2;0.50;6.50;223;155;34;26.473229776975792;345.14942156266557;4.04444444444448;74.46388888888896;6.5588235294117645;945.0110245126327;1800
