Ident;X;Y;Transfers;InjectedTransfers;PodsHandled;PodHandlingTimeAvg;PodHandlingTimeVar;PodHandlingTimeMin;PodHandlingTimeMax;PileOn;IdleTime;UpTime
InputStation0;0.50;12.50;0;0;0;0;0;0;0;0;1800;1800
OutputStation0;35.50;3.50;254;182;30;34.66106806107739;425.4233689124605;4.04444444444448;77.38026698839553;8.466666666666667;824.881846773155;1800
OutputStation1;35.50;9.50;252;184;34;30.736358967721387;350.41970822201074;4.0750000000000455;79.59778497069942;7.411764705882353;830.2195744839032;1800
OutputStation2;0.50;6.50;234;179;33;29.39859766317676;269.0292764551183;4.061111111111245;63.014632027270125;7.090909090909091;901.1380807307933;1800
