Ident;X;Y;Transfers;InjectedTransfers;PodsHandled;PodHandlingTimeAvg;PodHandlingTimeVar;PodHandlingTimeMin;PodHandlingTimeMax;PileOn;IdleTime;UpTime
InputStation0;0.50;12.50;0;0;0;0;0;0;0;0;1800;1800
OutputStation0;35.50;3.50;270;205;32;34.970757127810224;378.1343043862884;4.08055555555552;63.324076471715216;8.4375;769.7176767934303;1800
OutputStation1;35.50;9.50;258;187;32;32.30633590644008;278.8561230799422;4.234999999999673;75.92082973687292;8.0625;810.3182685970187;1800
OutputStation2;0.50;6.50;247;190;33;31.056899732705823;414.02115445026953;4.04444444444448;70.8545382358584;7.484848484848484;854.6856996974343;1800
