Ident;X;Y;Transfers;InjectedTransfers;PodsHandled;PodHandlingTimeAvg;PodHandlingTimeVar;PodHandlingTimeMin;PodHandlingTimeMax;PileOn;IdleTime;UpTime
InputStation0;0.50;12.50;0;0;0;0;0;0;0;0;1800;1800
OutputStation0;35.50;3.50;224;157;34;27.131555257709284;260.4801156600816;4.044444444444423;67.14333333333332;6.588235294117647;945.5120418323108;1800
OutputStation1;35.50;9.50;221;158;35;26.13628117682483;262.7347155635969;4.0744444444444525;62.881760458079526;6.314285714285714;955.1706853115992;1800
OutputStation2;0.50;6.50;241;179;33;30.048288730578225;386.62841889562304;4.04444444444448;77.73509379141342;7.303030303030303;877.5207503313155;1800
