Ident;X;Y;Transfers;InjectedTransfers;PodsHandled;PodHandlingTimeAvg;PodHandlingTimeVar;PodHandlingTimeMin;PodHandlingTimeMax;PileOn;IdleTime;UpTime
InputStation0;0.50;12.50;0;0;0;0;0;0;0;0;1800;1800
OutputStation0;35.50;3.50;237;165;33;29.538277143954744;387.1255052656971;4.133333333333439;79.84231601363535;7.181818181818182;891.3083764908752;1800
OutputStation1;35.50;9.50;293;230;28;42.63059163151199;571.7988141354023;4.168239541920457;79.96722222222297;10.464285714285714;682.775865701487;1800
OutputStation2;0.50;6.50;224;151;35;26.43494763797959;393.3827134822532;4.08888888888896;77.11555555555543;6.4;939.9189611015404;1800
