Ident;X;Y;Transfers;InjectedTransfers;PodsHandled;PodHandlingTimeAvg;PodHandlingTimeVar;PodHandlingTimeMin;PodHandlingTimeMax;PileOn;IdleTime;UpTime
InputStation0;0.50;12.50;0;0;0;0;0;0;0;0;1800;1800
OutputStation0;35.50;3.50;228;162;34;27.619737221999266;335.9171322678677;4.4161111111111495;69.80620490252386;6.705882352941177;930.0874820176789;1800
OutputStation1;35.50;9.50;282;216;31;37.289188821049336;443.29914530031743;4.070555555555302;83.06709845631894;9.096774193548388;722.9154917386376;1800
OutputStation2;0.50;6.50;229;161;34;27.480329097467042;285.923955352848;4.04444444444448;66.20018758282595;6.735294117647059;923.7952876477793;1800
