Ident;X;Y;Transfers;InjectedTransfers;PodsHandled;PodHandlingTimeAvg;PodHandlingTimeVar;PodHandlingTimeMin;PodHandlingTimeMax;PileOn;IdleTime;UpTime
InputStation0;0.50;12.50;0;0;0;0;0;0;0;0;1800;1800
OutputStation0;35.50;3.50;234;166;33;28.89839848513889;501.28959415170016;4.072222222222081;71.29046176414283;7.090909090909091;901.8064500287464;1800
OutputStation1;35.50;9.50;218;160;36;24.384115958950105;188.72735581622666;4.09490620858719;63.40564934696852;6.055555555555555;963.9551225631175;1800
OutputStation2;0.50;6.50;199;139;37;22.182394603289865;243.3061956365188;4.046572875253787;75.05009379141325;5.378378378378378;1037.2502238308623;1800
