Ident;X;Y;Transfers;InjectedTransfers;PodsHandled;PodHandlingTimeAvg;PodHandlingTimeVar;PodHandlingTimeMin;PodHandlingTimeMax;PileOn;IdleTime;UpTime
InputStation0;0.50;12.50;0;0;0;0;0;0;0;0;1800;1800
OutputStation0;35.50;3.50;221;147;32;28.079397757255922;486.0448481125337;4.04444444444448;77.7431529434291;6.90625;949.2712843080665;1800
OutputStation1;35.50;9.50;236;176;35;27.02748939860409;332.61327599151815;4.064444444444007;74.22722222222387;6.742857142857143;894.9590471796879;1800
OutputStation2;0.50;6.50;285;216;28;41.71429552505891;511.2912329321788;4.070555555555302;81.29268398636452;10.178571428571429;707.6882542111482;1800
