Ident;X;Y;Transfers;InjectedTransfers;PodsHandled;PodHandlingTimeAvg;PodHandlingTimeVar;PodHandlingTimeMin;PodHandlingTimeMax;PileOn;IdleTime;UpTime
InputStation0;0.50;12.50;0;0;0;0;0;0;0;0;1800;1800
OutputStation0;31.50;3.50;173;141;16;107.0115165034091;3841.0179827743473;22.162777777778047;206.71574313838136;10.8125;106.72904770002799;1800
OutputStation1;31.50;9.50;172;146;18;97.91171276315963;4603.113889356134;11.78611111111104;195.65101731969776;9.555555555555555;114.71875193992352;1800
OutputStation2;0.50;6.50;174;144;15;116.94312313710482;4015.2166775324517;31.743888888888904;207.23629869393653;11.6;95.567842797503;1800
