Ident;X;Y;Transfers;InjectedTransfers;PodsHandled;PodHandlingTimeAvg;PodHandlingTimeVar;PodHandlingTimeMin;PodHandlingTimeMax;PileOn;IdleTime;UpTime
InputStation0;0.50;12.50;0;0;0;0;0;0;0;0;1800;1800
OutputStation0;35.50;3.50;258;193;28;37.78149505151494;678.0701204555933;4.146111111111168;84.64472581868279;9.214285714285714;812.222337592418;1800
OutputStation1;35.50;9.50;243;174;34;29.205318944786125;448.43048755714733;4.068520916159059;83.21722222222229;7.147058823529412;869.385252602575;1800
OutputStation2;0.50;6.50;259;190;32;33.11336264314979;428.9935653242736;4.04444444444448;81.43176045807968;8.09375;811.2364862767436;1800
