Ident;X;Y;Transfers;InjectedTransfers;PodsHandled;PodHandlingTimeAvg;PodHandlingTimeVar;PodHandlingTimeMin;PodHandlingTimeMax;PileOn;IdleTime;UpTime
InputStation0;0.50;12.50;0;0;0;0;0;0;0;0;1800;1800
OutputStation0;35.50;3.50;255;178;31;33.87316668804125;309.6121250271881;8.145555555555802;79.575093791413;8.225806451612904;824.3855555555591;1800
OutputStation1;35.50;9.50;274;197;32;34.95210362542598;476.37098994265733;4.16111111111104;83.56240980504776;8.5625;750.9586653414377;1800
OutputStation2;0.50;6.50;235;169;32;29.46637761451974;371.52740400935124;4.139451637367756;71.70750359646115;7.34375;903.5508150676168;1800
