Ident;X;Y;Transfers;InjectedTransfers;PodsHandled;PodHandlingTimeAvg;PodHandlingTimeVar;PodHandlingTimeMin;PodHandlingTimeMax;PileOn;IdleTime;UpTime
InputStation0;0.50;12.50;0;0;0;0;0;0;0;0;1800;1800
OutputStation0;35.50;3.50;271;201;30;36.71422582813094;345.63740771952564;8.340000000000146;76.99944444444458;9.033333333333333;762.3992496687058;1800
OutputStation1;35.50;9.50;264;197;32;33.85459190149945;313.87797419280616;4.04444444444448;72.41000000000054;8.25;790.9298918227612;1800
OutputStation2;0.50;6.50;235;175;35;27.796497011977255;406.9872039091683;4.067777777777792;74.83407647171578;6.714285714285714;900.2468758282505;1800
