Ident;X;Y;Transfers;InjectedTransfers;PodsHandled;PodHandlingTimeAvg;PodHandlingTimeVar;PodHandlingTimeMin;PodHandlingTimeMax;PileOn;IdleTime;UpTime
InputStation0;0.50;12.50;0;0;0;0;0;0;0;0;1800;1800
OutputStation0;35.50;3.50;213;146;35;24.912476395988328;331.8666900081722;4.082683986364714;76.54222222222324;6.085714285714285;984.2927777777672;1800
OutputStation1;35.50;9.50;254;197;34;30.528382776054443;293.30239696065104;4.32722222222219;74.96111111111145;7.470588235294118;828.0251947757299;1800
OutputStation2;0.50;6.50;234;174;32;30.059742289536313;333.1120635919775;4.050000000000182;71.00222222222209;7.3125;905.748571550035;1800
