Ident;X;Y;Transfers;InjectedTransfers;PodsHandled;PodHandlingTimeAvg;PodHandlingTimeVar;PodHandlingTimeMin;PodHandlingTimeMax;PileOn;IdleTime;UpTime
InputStation0;0.50;12.50;0;0;0;0;0;0;0;0;1800;1800
OutputStation0;35.50;3.50;241;165;33;29.773336175497246;378.55342905939284;4.04444444444448;80.80907647171603;7.303030303030303;874.1853682561541;1800
OutputStation1;35.50;9.50;229;161;35;25.68151329601733;363.73075214780573;4.04444444444448;79.40815294342985;6.542857142857143;926.9939754873706;1800
OutputStation2;0.50;6.50;290;222;30;39.58644420468017;430.26372811086753;4.04444444444448;77.86315294342913;9.666666666666666;688.7504401853865;1800
