Ident;X;Y;Transfers;InjectedTransfers;PodsHandled;PodHandlingTimeAvg;PodHandlingTimeVar;PodHandlingTimeMin;PodHandlingTimeMax;PileOn;IdleTime;UpTime
InputStation0;0.50;12.50;0;0;0;0;0;0;0;0;1800;1800
OutputStation0;35.50;3.50;227;153;34;26.948904594088408;287.7133534533839;4.072777777777446;68.50796536060355;6.676470588235294;931.3427561990122;1800
OutputStation1;35.50;9.50;268;204;33;33.467878787878824;250.07784155049296;4.276666666666415;83.25277777777785;8.121212121212121;773.442316297045;1800
OutputStation2;0.50;6.50;250;181;33;30.7528742019761;501.383410184731;4.071111111110895;79.54724380098696;7.575757575757576;842.4222869585242;1800
