Ident;X;Y;Transfers;InjectedTransfers;PodsHandled;PodHandlingTimeAvg;PodHandlingTimeVar;PodHandlingTimeMin;PodHandlingTimeMax;PileOn;IdleTime;UpTime
InputStation0;0.50;12.50;0;0;0;0;0;0;0;0;1800;1800
OutputStation0;35.50;3.50;237;167;34;28.677869876738328;186.75796666380768;4.04444444444448;59.17481241717451;6.970588235294118;891.2071934505241;1800
OutputStation1;35.50;9.50;254;191;32;32.16553819444447;529.6767784702445;4.074444444444225;78.81148627676293;7.9375;825.9917604580739;1800
OutputStation2;0.50;6.50;249;188;32;31.31477430555567;422.35673390371375;4.04444444444448;83.17018758282688;7.78125;845.1296320272763;1800
