Ident;X;Y;Transfers;InjectedTransfers;PodsHandled;PodHandlingTimeAvg;PodHandlingTimeVar;PodHandlingTimeMin;PodHandlingTimeMax;PileOn;IdleTime;UpTime
InputStation0;0.50;12.50;0;0;0;0;0;0;0;0;1800;1800
OutputStation0;35.50;3.50;275;190;31;36.131344550080954;729.0428062416521;4.04444444444448;84.82194804090494;8.870967741935484;744.3116378949804;1800
OutputStation1;35.50;9.50;282;207;32;35.55890038803662;479.08509409745136;4.222316013635464;78.36342712474612;8.8125;719.5665584894111;1800
OutputStation2;0.50;6.50;281;203;29;39.19495223129555;623.1213181770629;4.275555555555229;81.73611830403229;9.689655172413794;722.635505205084;1800
