Ident;X;Y;Transfers;InjectedTransfers;PodsHandled;PodHandlingTimeAvg;PodHandlingTimeVar;PodHandlingTimeMin;PodHandlingTimeMax;PileOn;IdleTime;UpTime
InputStation0;0.50;12.50;0;0;0;0;0;0;0;0;1800;1800
OutputStation0;35.50;3.50;235;169;33;28.979121736960536;367.6234791427892;4.044444444444423;77.37685424948927;7.121212121212121;898.1260679535708;1800
OutputStation1;35.50;9.50;224;157;38;23.61689318020999;219.17976133768573;4.070555555555302;72.29841993182481;5.894736842105263;943.1584558964303;1800
OutputStation2;0.50;6.50;243;182;31;30.367323930074896;312.03984692693354;4.054444444444698;70.29593072120696;7.838709677419355;872.6867820368427;1800
