Ident;X;Y;Transfers;InjectedTransfers;PodsHandled;PodHandlingTimeAvg;PodHandlingTimeVar;PodHandlingTimeMin;PodHandlingTimeMax;PileOn;IdleTime;UpTime
InputStation0;0.50;12.50;0;0;0;0;0;0;0;0;1800;1800
OutputStation0;35.50;3.50;242;175;33;29.952497702754556;279.6913725082729;4.187416997970217;62.577316013635595;7.333333333333333;871.3824964035385;1800
OutputStation1;35.50;9.50;244;187;34;28.902279517542944;290.91934889759517;4.04444444444448;79.25407647171482;7.176470588235294;865.0135137232315;1800
OutputStation2;0.50;6.50;259;189;33;32.130163537709734;332.2426332582179;8.37166666666667;71.15444444444461;7.848484848484849;805.840425799527;1800
