Ident;X;Y;Transfers;InjectedTransfers;PodsHandled;PodHandlingTimeAvg;PodHandlingTimeVar;PodHandlingTimeMin;PodHandlingTimeMax;PileOn;IdleTime;UpTime
InputStation0;0.50;12.50;0;0;0;0;0;0;0;0;1800;1800
OutputStation0;35.50;3.50;220;161;32;27.29054157498399;323.6643078286894;4.25;81.36564934696912;6.875;955.0641404431273;1800
OutputStation1;35.50;9.50;248;187;34;30.10982859774828;341.1108055787564;4.061111111111359;69.55787156919132;7.294117647058823;846.0580262596843;1800
OutputStation2;0.50;6.50;232;175;34;26.95147574286134;223.15980316560578;8.121284308080476;68.72555555555562;6.823529411764706;911.3716448408094;1800
