Ident;X;Y;Transfers;InjectedTransfers;PodsHandled;PodHandlingTimeAvg;PodHandlingTimeVar;PodHandlingTimeMin;PodHandlingTimeMax;PileOn;IdleTime;UpTime
InputStation0;0.50;12.50;0;0;0;0;0;0;0;0;1800;1800
OutputStation0;35.50;3.50;250;180;31;33.26494495932298;352.14378028889297;4.349444444444771;78.9924964035389;8.064516129032258;846.0383410371173;1800
OutputStation1;35.50;9.50;222;162;36;25.31900452972786;212.54682283933707;4.209444444444216;54.46620490252462;6.166666666666667;946.8809235282781;1800
OutputStation2;0.50;6.50;212;146;33;26.00134133498615;349.59282887206757;4.066111111111013;84.77777777777783;6.424242424242424;991.7788442381648;1800
