Ident;X;Y;Transfers;InjectedTransfers;PodsHandled;PodHandlingTimeAvg;PodHandlingTimeVar;PodHandlingTimeMin;PodHandlingTimeMax;PileOn;IdleTime;UpTime
InputStation0;0.50;12.50;0;0;0;0;0;0;0;0;1800;1800
OutputStation0;35.50;3.50;258;186;32;32.41797393762672;279.84093938132725;8.503333333332648;75.3374964035396;8.0625;809.7601947757848;1800
OutputStation1;35.50;9.50;257;183;34;30.89709680885333;348.774102567191;4.067222222221972;78.01222222222225;7.5588235294117645;813.3556130989512;1800
OutputStation2;0.50;6.50;265;200;32;33.97820594359226;482.4072624683301;4.04444444444448;76.89647908384075;8.28125;786.2724098050558;1800
