Ident;X;Y;Transfers;InjectedTransfers;PodsHandled;PodHandlingTimeAvg;PodHandlingTimeVar;PodHandlingTimeMin;PodHandlingTimeMax;PileOn;IdleTime;UpTime
InputStation0;0.50;12.50;0;0;0;0;0;0;0;0;1800;1800
OutputStation0;35.50;3.50;245;177;33;30.645457823553475;388.2345911637523;4.123427124746286;75.29453823585959;7.424242424242424;861.5403895514793;1800
OutputStation1;35.50;9.50;268;202;33;33.47130241655899;275.779230579819;12.08888888888896;84.64833333333274;8.121212121212121;773.4862480600632;1800
OutputStation2;0.50;6.50;248;184;30;33.94832708057271;534.2356464601644;4.04444444444448;81.9461111111109;8.266666666666667;848.1317460722433;1800
