Ident;X;Y;Transfers;InjectedTransfers;PodsHandled;PodHandlingTimeAvg;PodHandlingTimeVar;PodHandlingTimeMin;PodHandlingTimeMax;PileOn;IdleTime;UpTime
InputStation0;0.50;12.50;0;0;0;0;0;0;0;0;1800;1800
OutputStation0;35.50;3.50;236;171;32;29.937786795501665;401.47795177994203;4.04444444444448;83.08036797272982;7.375;896.0086075146298;1800
OutputStation1;35.50;9.50;255;190;34;31.01034334881167;337.01578189699137;4.049444444443907;69.98638529242828;7.5;818.1261254969531;1800
OutputStation2;0.50;6.50;221;160;36;25.281825998484972;314.1640994653002;4.044444444444451;84.73814575050415;6.138888888888889;951.6944876019768;1800
