Ident;X;Y;Transfers;InjectedTransfers;PodsHandled;PodHandlingTimeAvg;PodHandlingTimeVar;PodHandlingTimeMin;PodHandlingTimeMax;PileOn;IdleTime;UpTime
InputStation0;0.50;12.50;0;0;0;0;0;0;0;0;1800;1800
OutputStation0;35.50;3.50;259;193;32;33.0134986010573;322.62866473355916;4.095923528284629;83.39490620858754;8.09375;810.4380016086338;1800
OutputStation1;35.50;9.50;229;160;34;27.34319412710988;288.53965318657436;4.0748124171742575;71.90472581868812;6.735294117647059;924.0644300585969;1800
OutputStation2;0.50;6.50;232;165;33;28.4931986531987;345.0908334628852;4.044444444444423;84.7777777777776;7.03030303030303;910.6626624076096;1800
