Ident;X;Y;Transfers;InjectedTransfers;PodsHandled;PodHandlingTimeAvg;PodHandlingTimeVar;PodHandlingTimeMin;PodHandlingTimeMax;PileOn;IdleTime;UpTime
InputStation0;0.50;12.50;0;0;0;0;0;0;0;0;1800;1800
OutputStation0;35.50;3.50;274;207;30;37.07359547920896;350.0243723073464;8.331111111111113;81.50333333333447;9.133333333333333;749.0686938297537;1800
OutputStation1;35.50;9.50;211;150;37;23.544499629101836;234.15853449817837;4.1422222222222445;80.62796536060358;5.702702702702703;993.3471646788241;1800
OutputStation2;0.50;6.50;254;193;33;31.936719359979236;372.97423411648447;4.04444444444448;68.27963202727051;7.696969696969697;824.0130013252228;1800
