Ident;X;Y;Transfers;InjectedTransfers;PodsHandled;PodHandlingTimeAvg;PodHandlingTimeVar;PodHandlingTimeMin;PodHandlingTimeMax;PileOn;IdleTime;UpTime
InputStation0;0.50;12.50;0;0;0;0;0;0;0;0;1800;1800
OutputStation0;35.50;3.50;282;217;31;36.612657684718556;346.0497031059827;4.078131364654837;75.17676045807951;9.096774193548388;720.3918974070336;1800
OutputStation1;35.50;9.50;242;182;33;30.2638403541327;295.6864450181477;4.114999999999782;66.46111111111122;7.333333333333333;874.628261404091;1800
OutputStation2;0.50;6.50;249;192;33;31.21976758786306;249.64451945764898;4.04444444444448;71.16101731969837;7.545454545454546;850.6464788004246;1800
