Ident;X;Y;Transfers;InjectedTransfers;PodsHandled;PodHandlingTimeAvg;PodHandlingTimeVar;PodHandlingTimeMin;PodHandlingTimeMax;PileOn;IdleTime;UpTime
InputStation0;0.50;12.50;0;0;0;0;0;0;0;0;1800;1800
OutputStation0;35.50;3.50;222;162;36;25.469177687344995;364.2090680679375;4.044444444444423;72.87611111111113;6.166666666666667;948.8173232065695;1800
OutputStation1;35.50;9.50;257;197;34;31.289996818316066;368.03437912320067;4.0622222222218625;76.00074313838331;7.5588235294117645;815.5831169787992;1800
OutputStation2;0.50;6.50;224;157;34;27.26827879658368;310.7367329724953;4.04444444444448;76.99111111111142;6.588235294117647;940.3077199509794;1800
