Ident;X;Y;Transfers;InjectedTransfers;PodsHandled;PodHandlingTimeAvg;PodHandlingTimeVar;PodHandlingTimeMin;PodHandlingTimeMax;PileOn;IdleTime;UpTime
InputStation0;0.50;12.50;0;0;0;0;0;0;0;0;1800;1800
OutputStation0;39.50;3.50;236;178;30;40.08175949902339;853.7062950446091;5.244444444443616;99.31398268030182;7.866666666666666;668.130721559602;1800
OutputStation1;39.50;9.50;240;183;31;38.37703672766413;495.25552436802593;5.115555555555375;84.01833333333366;7.741935483870968;650.4627127580459;1800
OutputStation2;0.50;6.50;255;201;27;47.86487280304962;1044.6994189668294;5.04444444444448;103.39342712474621;9.444444444444445;584.1083189474964;1800
