Ident;X;Y;Transfers;InjectedTransfers;PodsHandled;PodHandlingTimeAvg;PodHandlingTimeVar;PodHandlingTimeMin;PodHandlingTimeMax;PileOn;IdleTime;UpTime
InputStation0;0.50;12.50;0;0;0;0;0;0;0;0;1800;1800
OutputStation0;35.50;3.50;268;200;30;36.900527178367355;608.7491406120611;4.090180389901434;81.90611111111139;8.933333333333334;768.4960823394163;1800
OutputStation1;35.50;9.50;279;200;32;35.59021126431508;380.6805300606712;8.44722222222208;82.98055555555572;8.71875;731.3391702631327;1800
OutputStation2;0.50;6.50;250;174;29;34.87304000470208;510.0359491629315;4.167222222222335;80.77796536060373;8.620689655172415;842.0792784403825;1800
