Ident;X;Y;Transfers;InjectedTransfers;PodsHandled;PodHandlingTimeAvg;PodHandlingTimeVar;PodHandlingTimeMin;PodHandlingTimeMax;PileOn;IdleTime;UpTime
InputStation0;0.50;12.50;0;0;0;0;0;0;0;0;1800;1800
OutputStation0;35.50;3.50;267;195;31;35.35584531943634;486.82476285210396;4.04444444444448;83.97296536060355;8.612903225806452;777.9840117354202;1800
OutputStation1;35.50;9.50;276;212;31;36.57456966044343;368.1898510013213;8.08888888888896;73.46498561415746;8.903225806451612;746.1539680110257;1800
OutputStation2;0.50;6.50;243;185;32;31.041573999147545;473.7352870734413;4.08064934696813;73.42064215404702;7.59375;873.4689539086188;1800
