Ident;X;Y;Transfers;InjectedTransfers;PodsHandled;PodHandlingTimeAvg;PodHandlingTimeVar;PodHandlingTimeMin;PodHandlingTimeMax;PileOn;IdleTime;UpTime
InputStation0;0.50;12.50;0;0;0;0;0;0;0;0;1800;1800
OutputStation0;35.50;3.50;261;201;31;33.881323835434394;495.54861543773256;4.160555555555561;85.56250359646054;8.419354838709678;800.8692433967301;1800
OutputStation1;35.50;9.50;267;197;32;34.60147321302044;520.3800540258712;4.366111111110968;80.53528137423842;8.34375;778.1377963622921;1800
OutputStation2;0.50;6.50;240;179;31;31.234985172103023;375.550365934956;4.09222222222229;76.45509379141367;7.741935483870968;879.6787066830809;1800
