Ident;X;Y;Transfers;InjectedTransfers;PodsHandled;PodHandlingTimeAvg;PodHandlingTimeVar;PodHandlingTimeMin;PodHandlingTimeMax;PileOn;IdleTime;UpTime
InputStation0;0.50;12.50;0;0;0;0;0;0;0;0;1800;1800
OutputStation0;35.50;3.50;258;196;29;36.6943108408914;518.5281002188007;4.116111111111081;84.25055555555605;8.89655172413793;808.6915872610928;1800
OutputStation1;35.50;9.50;267;204;30;36.54368494542112;520.9147718937627;4.254444444444516;81.8528715691915;8.9;778.6278571833323;1800
OutputStation2;0.50;6.50;252;172;34;30.15951786807817;220.74392310205002;8.48277777777821;61.03222222222219;7.411764705882353;833.1162336742051;1800
