Ident;X;Y;Transfers;InjectedTransfers;PodsHandled;PodHandlingTimeAvg;PodHandlingTimeVar;PodHandlingTimeMin;PodHandlingTimeMax;PileOn;IdleTime;UpTime
InputStation0;0.50;12.50;0;0;0;0;0;0;0;0;1800;1800
OutputStation0;35.50;3.50;230;161;34;27.97707792196971;314.80571630845327;4.103333333333353;80.6095382358576;6.764705882352941;923.3047836454796;1800
OutputStation1;35.50;9.50;263;194;33;31.61065372349272;311.4057384657265;8.044538235857317;72.72777777777878;7.96969696969697;790.9799928070784;1800
OutputStation2;0.50;6.50;227;165;34;27.389561793656938;334.9748400476786;4.044444444444423;82.73379509747667;6.676470588235294;925.8570130606273;1800
