Ident;X;Y;Transfers;InjectedTransfers;PodsHandled;PodHandlingTimeAvg;PodHandlingTimeVar;PodHandlingTimeMin;PodHandlingTimeMax;PileOn;IdleTime;UpTime
InputStation0;0.50;12.50;0;0;0;0;0;0;0;0;1800;1800
OutputStation0;35.50;3.50;260;192;32;33.536392044649304;353.70246250130225;4.249444444444407;69.10481241717457;8.125;805.4967385958953;1800
OutputStation1;35.50;9.50;214;157;35;24.92832014007209;346.57888961159415;4.10314575050711;72.57222222222299;6.114285714285714;980.8779869393403;1800
OutputStation2;0.50;6.50;203;135;36;23.268964043476142;242.5288735160226;4.04444444444448;59.121111111111134;5.638888888888889;1023.9292137040742;1800
