Ident;X;Y;Transfers;InjectedTransfers;PodsHandled;PodHandlingTimeAvg;PodHandlingTimeVar;PodHandlingTimeMin;PodHandlingTimeMax;PileOn;IdleTime;UpTime
InputStation0;0.50;12.50;0;0;0;0;0;0;0;0;1800;1800
OutputStation0;35.50;3.50;217;150;36;24.528960638945385;298.83497435671103;4.044444444444423;75.79453823585766;6.027777777777778;968.3638526408631;1800
OutputStation1;35.50;9.50;262;202;33;32.060204208464235;187.76772310332734;8.166666666666742;70.71407647171509;7.9393939393939394;795.9422225056367;1800
OutputStation2;0.50;6.50;253;193;33;31.70097337084507;333.59868684565066;4.205000000000041;71.51444444444473;7.666666666666667;828.731717017118;1800
