Ident;X;Y;Transfers;InjectedTransfers;PodsHandled;PodHandlingTimeAvg;PodHandlingTimeVar;PodHandlingTimeMin;PodHandlingTimeMax;PileOn;IdleTime;UpTime
InputStation0;0.50;12.50;0;0;0;0;0;0;0;0;1800;1800
OutputStation0;35.50;3.50;259;187;31;34.16652632302045;433.39621585842985;4.04444444444448;75.55759019495213;8.35483870967742;808.9320418322982;1800
OutputStation1;35.50;9.50;262;192;34;31.674044011868734;317.6723155498338;8.21722222222229;76.24333333333328;7.705882352941177;796.4425901949396;1800
OutputStation2;0.50;6.50;212;147;36;24.343467011588064;322.60163661498774;4.067777777776882;81.33611111111168;5.888888888888889;988.2492640545277;1800
