Ident;X;Y;Transfers;InjectedTransfers;PodsHandled;PodHandlingTimeAvg;PodHandlingTimeVar;PodHandlingTimeMin;PodHandlingTimeMax;PileOn;IdleTime;UpTime
InputStation0;0.50;12.50;0;0;0;0;0;0;0;0;1800;1800
OutputStation0;35.50;3.50;241;181;34;29.085364994266257;461.02870581633795;4.04444444444448;84.63444444444417;7.088235294117647;876.7479509747616;1800
OutputStation1;35.50;9.50;256;183;32;32.824482097648456;473.99085458420217;4.20222222222219;79.8323160136365;8;820.5938166762381;1800
OutputStation2;0.50;6.50;244;182;35;28.748156050403953;235.9889079598214;4.04444444444448;58.352871569190654;6.9714285714285715;864.189812417176;1800
