Ident;X;Y;Transfers;InjectedTransfers;PodsHandled;PodHandlingTimeAvg;PodHandlingTimeVar;PodHandlingTimeMin;PodHandlingTimeMax;PileOn;IdleTime;UpTime
InputStation0;0.50;12.50;0;0;0;0;0;0;0;0;1800;1800
OutputStation0;35.50;3.50;237;178;34;28.614092608363677;513.1775003830844;4.04444444444448;80.0257359454597;6.970588235294118;890.9326767934372;1800
OutputStation1;35.50;9.50;209;158;38;22.760601694112268;302.8511755231975;4.04444444444448;67.63481961009643;5.5;1002.5556133823534;1800
OutputStation2;0.50;6.50;189;133;36;21.020578403998595;203.74952711532723;4.044444444444444;58.40870130606436;5.25;1072.6800000000037;1800
