Ident;X;Y;Transfers;InjectedTransfers;PodsHandled;PodHandlingTimeAvg;PodHandlingTimeVar;PodHandlingTimeMin;PodHandlingTimeMax;PileOn;IdleTime;UpTime
InputStation0;0.50;12.50;0;0;0;0;0;0;0;0;1800;1800
OutputStation0;35.50;3.50;283;187;30;38.14208538077534;553.8587811494435;8.143333333333658;83.3689826803016;9.433333333333334;719.8842496686896;1800
OutputStation1;35.50;9.50;302;226;29;42.50409290045313;550.7959067664605;4.285555555555447;81.922316013635;10.413793103448276;645.2993650388764;1800
OutputStation2;0.50;6.50;253;177;31;33.35498836194181;615.5534034723111;4.170555555555438;84.53120490252377;8.161290322580646;828.7790402236899;1800
