Ident;X;Y;Transfers;InjectedTransfers;PodsHandled;PodHandlingTimeAvg;PodHandlingTimeVar;PodHandlingTimeMin;PodHandlingTimeMax;PileOn;IdleTime;UpTime
InputStation0;0.50;12.50;0;0;0;0;0;0;0;0;1800;1800
OutputStation0;35.50;3.50;242;174;33;29.67871441071742;310.87437966234444;4.081111111111113;73.89842712474575;7.333333333333333;875.413131364671;1800
OutputStation1;35.50;9.50;268;209;33;33.26774170151481;318.6273731934112;4.080555555555549;78.6733333333334;8.121212121212121;769.4841990348004;1800
OutputStation2;0.50;6.50;218;162;34;26.365428229841847;386.54389790813724;4.050100984334904;84.20416307020196;6.411764705882353;966.2898265475727;1800
