Ident;X;Y;Transfers;InjectedTransfers;PodsHandled;PodHandlingTimeAvg;PodHandlingTimeVar;PodHandlingTimeMin;PodHandlingTimeMax;PileOn;IdleTime;UpTime
InputStation0;0.50;12.50;0;0;0;0;0;0;0;0;1800;1800
OutputStation0;35.50;3.50;229;163;36;26.36789602393376;268.04471744250435;4.170555555555438;72.00407647171478;6.361111111111111;926.9567964226857;1800
OutputStation1;35.50;9.50;230;168;36;26.32559664121763;351.8866124474708;4.04444444444448;67.26981241717417;6.388888888888889;919.8544878853879;1800
OutputStation2;0.50;6.50;212;162;34;24.939039129396388;332.054475438725;4.044444444444423;67.24268398636423;6.235294117647059;990.6196392201769;1800
