Ident;X;Y;Transfers;InjectedTransfers;PodsHandled;PodHandlingTimeAvg;PodHandlingTimeVar;PodHandlingTimeMin;PodHandlingTimeMax;PileOn;IdleTime;UpTime
InputStation0;0.50;12.50;0;0;0;0;0;0;0;0;1800;1800
OutputStation0;35.50;3.50;174;140;23;78.43797917026768;1395.8289881310527;12.404444444444152;154.779718625761;7.565217391304348;101.87602451260474;1800
OutputStation1;35.50;9.50;171;139;19;92.99351902328527;3137.4198870090254;12.115555555555545;195.3078715691929;9;134.18017319697702;1800
OutputStation2;0.50;6.50;170;136;18;95.4851639430422;2858.275810475364;22.17777777777792;186.3277777777796;9.444444444444445;141.42528137423864;1800
