Ident;X;Y;Transfers;InjectedTransfers;PodsHandled;PodHandlingTimeAvg;PodHandlingTimeVar;PodHandlingTimeMin;PodHandlingTimeMax;PileOn;IdleTime;UpTime
InputStation0;0.50;12.50;0;0;0;0;0;0;0;0;1800;1800
OutputStation0;35.50;3.50;267;201;30;35.913512265757845;403.99066434460303;4.166298693939098;80.93064934696848;8.9;777.9846975673338;1800
OutputStation1;35.50;9.50;254;192;31;33.201144159905375;482.49068626160505;4.04444444444448;80.01342712474707;8.193548387096774;826.5901009843282;1800
OutputStation2;0.50;6.50;209;155;33;25.704264725620018;397.3968788253171;4.04444444444448;67.39222222222216;6.333333333333333;999.4999712283002;1800
