Ident;X;Y;Transfers;InjectedTransfers;PodsHandled;PodHandlingTimeAvg;PodHandlingTimeVar;PodHandlingTimeMin;PodHandlingTimeMax;PileOn;IdleTime;UpTime
InputStation0;0.50;12.50;0;0;0;0;0;0;0;0;1800;1800
OutputStation0;35.50;3.50;268;200;30;36.742808562053874;624.2217210401631;4.2526839863649;80.51805915201578;8.933333333333334;773.7433477191805;1800
OutputStation1;35.50;9.50;253;186;32;32.36028927692564;554.5122505294088;4.27111111111094;79.41536797272829;7.90625;831.009011451988;1800
OutputStation2;0.50;6.50;265;191;32;33.780289052146784;390.9916236959982;4.08055555555552;80.85555555555561;8.28125;787.6475179822926;1800
