Ident;X;Y;Transfers;InjectedTransfers;PodsHandled;PodHandlingTimeAvg;PodHandlingTimeVar;PodHandlingTimeMin;PodHandlingTimeMax;PileOn;IdleTime;UpTime
InputStation0;0.50;12.50;0;0;0;0;0;0;0;0;1800;1800
OutputStation0;35.50;3.50;297;218;31;38.66586067911331;666.4016661069855;4.06555555555542;81.37500000000045;9.580645161290322;665.3097042399246;1800
OutputStation1;35.50;9.50;318;251;27;48.121588102300436;718.6181032017869;4.04444444444448;83.85953823585726;11.777777777777779;584.6063418514971;1800
OutputStation2;0.50;6.50;249;175;33;30.9746917213036;523.8278410746533;4.04444444444448;85.84555555555562;7.545454545454546;847.5614646979891;1800
