Ident;X;Y;Transfers;InjectedTransfers;PodsHandled;PodHandlingTimeAvg;PodHandlingTimeVar;PodHandlingTimeMin;PodHandlingTimeMax;PileOn;IdleTime;UpTime
InputStation0;0.50;12.50;0;0;0;0;0;0;0;0;1800;1800
OutputStation0;35.50;3.50;231;169;33;28.728311622813937;261.6643123029616;4.04444444444448;69.50944444444531;7;914.0899503176306;1800
OutputStation1;35.50;9.50;242;180;34;28.731745417656075;373.669034849688;4.04444444444448;81.28444444444585;7.117647058823529;867.8675542303548;1800
OutputStation2;0.50;6.50;251;186;31;32.93445631453234;447.6386340746;4.04444444444448;77.47046176414261;8.096774193548388;835.9402597954739;1800
