Ident;X;Y;Transfers;InjectedTransfers;PodsHandled;PodHandlingTimeAvg;PodHandlingTimeVar;PodHandlingTimeMin;PodHandlingTimeMax;PileOn;IdleTime;UpTime
InputStation0;0.50;12.50;0;0;0;0;0;0;0;0;1800;1800
OutputStation0;35.50;3.50;256;195;34;30.955910784877034;359.74613512623654;4.092871569190947;81.1694444444446;7.529411764705882;819.7566376115503;1800
OutputStation1;35.50;9.50;227;162;33;28.18956577703966;513.3047840080146;4.04444444444448;81.37038955149444;6.878787878787879;933.2610967252676;1800
OutputStation2;0.50;6.50;258;190;32;33.202913510906306;493.14166539301647;4.201111111111004;81.81509379141323;8.0625;809.3153380673705;1800
