Ident;X;Y;Transfers;InjectedTransfers;PodsHandled;PodHandlingTimeAvg;PodHandlingTimeVar;PodHandlingTimeMin;PodHandlingTimeMax;PileOn;IdleTime;UpTime
InputStation0;0.50;12.50;0;0;0;0;0;0;0;0;1800;1800
OutputStation0;35.50;3.50;257;196;32;33.196103666839285;447.0149815742886;4.044444444444423;75.49120490252412;8.03125;815.841890214105;1800
OutputStation1;35.50;9.50;262;188;31;34.81398616989098;340.81053289322654;4.04444444444448;70.82833333333406;8.451612903225806;795.8678787621075;1800
OutputStation2;0.50;6.50;271;199;31;35.806487919256746;304.1405543217437;4.04444444444448;76.26666666666642;8.741935483870968;758.9778356045393;1800
