Ident;X;Y;Transfers;InjectedTransfers;PodsHandled;PodHandlingTimeAvg;PodHandlingTimeVar;PodHandlingTimeMin;PodHandlingTimeMax;PileOn;IdleTime;UpTime
InputStation0;0.50;12.50;0;0;0;0;0;0;0;0;1800;1800
OutputStation0;35.50;3.50;285;212;31;37.49314597339438;395.96707029814627;16.472777777777992;85.24564934696889;9.193548387096774;708.4235137232307;1800
OutputStation1;35.50;9.50;266;192;32;34.08422754294515;533.8327750721132;4.04444444444448;81.48176045807998;8.3125;780.686305603461;1800
OutputStation2;0.50;6.50;271;197;29;38.51606359043864;589.6112624624108;8.08888888888896;82.83064934696847;9.344827586206897;768.3796392201922;1800
