Ident;X;Y;Transfers;InjectedTransfers;PodsHandled;PodHandlingTimeAvg;PodHandlingTimeVar;PodHandlingTimeMin;PodHandlingTimeMax;PileOn;IdleTime;UpTime
InputStation0;0.50;12.50;0;0;0;0;0;0;0;0;1800;1800
OutputStation0;35.50;3.50;254;192;30;33.88457767998285;501.7726135109124;4.04444444444448;80.16388888888918;8.466666666666667;826.5824313838336;1800
OutputStation1;35.50;9.50;252;196;34;30.476724173544085;373.52963171828685;4.04444444444448;62.60898268030235;7.411764705882353;838.6673954192147;1800
OutputStation2;0.50;6.50;252;187;31;32.15166387316708;359.43768267961576;4.167222222222335;80.85777777777832;8.129032258064516;838.2629725535257;1800
