Ident;X;Y;Transfers;InjectedTransfers;PodsHandled;PodHandlingTimeAvg;PodHandlingTimeVar;PodHandlingTimeMin;PodHandlingTimeMax;PileOn;IdleTime;UpTime
InputStation0;0.50;12.50;0;0;0;0;0;0;0;0;1800;1800
OutputStation0;35.50;3.50;270;201;32;34.71916418524272;437.69479472748054;4.16833333333193;79.3567604580796;8.4375;769.2793506530224;1800
OutputStation1;35.50;9.50;271;198;32;34.79675888462799;527.0220649823775;4.069444444444343;84.0399062085861;8.46875;760.3967532651595;1800
OutputStation2;0.50;6.50;248;182;33;30.649974638491244;221.7273631497955;4.129256861618387;69.46222222222224;7.515151515151516;849.1761039181888;1800
