Ident;X;Y;Transfers;InjectedTransfers;PodsHandled;PodHandlingTimeAvg;PodHandlingTimeVar;PodHandlingTimeMin;PodHandlingTimeMax;PileOn;IdleTime;UpTime
InputStation0;0.50;12.50;0;0;0;0;0;0;0;0;1800;1800
OutputStation0;35.50;3.50;238;169;36;27.17100929607111;304.0032612297213;4.101204902523932;63.42898268030194;6.611111111111111;885.21710600183;1800
OutputStation1;35.50;9.50;248;183;33;31.208929123707993;361.4022525690023;4.212965360602766;75.63018758282601;7.515151515151516;847.0146685586842;1800
OutputStation2;0.50;6.50;239;180;34;29.0868217896465;459.38135784743747;4.04444444444448;80.15277777777777;7.029411764705882;884.1953901182842;1800
