Ident;X;Y;Transfers;InjectedTransfers;PodsHandled;PodHandlingTimeAvg;PodHandlingTimeVar;PodHandlingTimeMin;PodHandlingTimeMax;PileOn;IdleTime;UpTime
InputStation0;0.50;12.50;0;0;0;0;0;0;0;0;1800;1800
OutputStation0;35.50;3.50;271;208;31;35.442237117839795;545.7252206729784;4.04444444444448;77.58500000000095;8.741935483870968;758.8960751465092;1800
OutputStation1;35.50;9.50;261;201;31;34.44052576432055;595.7555515526648;4.047871569189965;81.19111111111101;8.419354838709678;800.3713637136573;1800
OutputStation2;0.50;6.50;251;193;32;32.307528860259026;415.8591264516915;4.04444444444448;68.5638888888891;7.84375;836.1367604580753;1800
