Ident;X;Y;Transfers;InjectedTransfers;PodsHandled;PodHandlingTimeAvg;PodHandlingTimeVar;PodHandlingTimeMin;PodHandlingTimeMax;PileOn;IdleTime;UpTime
InputStation0;0.50;12.50;0;0;0;0;0;0;0;0;1800;1800
OutputStation0;35.50;3.50;247;180;32;31.89540471796115;409.68779446689314;4.044444444444423;63.11944444444498;7.71875;853.946904599949;1800
OutputStation1;35.50;9.50;233;173;36;26.698907126108267;219.37664876782776;4.04444444444448;71.68703463939755;6.472222222222222;911.3125686161837;1800
OutputStation2;0.50;6.50;245;188;33;30.529512002479294;326.08688632825636;4.172316013635282;78.37833333333367;7.424242424242424;861.6620924661986;1800
