Ident;X;Y;Transfers;InjectedTransfers;PodsHandled;PodHandlingTimeAvg;PodHandlingTimeVar;PodHandlingTimeMin;PodHandlingTimeMax;PileOn;IdleTime;UpTime
InputStation0;0.50;12.50;0;0;0;0;0;0;0;0;1800;1800
OutputStation0;35.50;3.50;268;199;33;33.405406446633464;510.0708622798352;8.04444444444448;84.59796536060355;8.121212121212121;778.1911470757184;1800
OutputStation1;35.50;9.50;255;194;33;31.185800208217888;432.626479053516;4.113333333333003;80.9881457505079;7.7272727272727275;825.6479006243085;1800
OutputStation2;0.50;6.50;244;180;34;29.277004286779714;453.8927408879126;4.04444444444448;76.075093791413;7.176470588235294;867.3957937722695;1800
