Ident;X;Y;Transfers;InjectedTransfers;PodsHandled;PodHandlingTimeAvg;PodHandlingTimeVar;PodHandlingTimeMin;PodHandlingTimeMax;PileOn;IdleTime;UpTime
InputStation0;0.50;12.50;0;0;0;0;0;0;0;0;1800;1800
OutputStation0;35.50;3.50;257;185;33;31.33224714779647;458.82102468655773;4.04444444444448;82.72509379141283;7.787878787878788;817.6902091615791;1800
OutputStation1;35.50;9.50;284;226;31;37.48739817613258;386.44955324238987;4.328333333333148;75.45759019495222;9.161290322580646;716.4881817151082;1800
OutputStation2;0.50;6.50;231;164;34;27.59381567681196;389.7111298870362;4.107222222222617;73.48176045807986;6.794117647058823;916.8981457505049;1800
