Ident;X;Y;Transfers;InjectedTransfers;PodsHandled;PodHandlingTimeAvg;PodHandlingTimeVar;PodHandlingTimeMin;PodHandlingTimeMax;PileOn;IdleTime;UpTime
InputStation0;0.50;12.50;0;0;0;0;0;0;0;0;1800;1800
OutputStation0;35.50;3.50;239;165;31;31.750832521228872;380.8470602793762;4.231111111110749;75.89888888888893;7.709677419354839;885.9871718717383;1800
OutputStation1;35.50;9.50;244;182;34;29.721353662135975;316.3788647878526;4.04444444444448;76.35712843080933;7.176470588235294;862.8198121337671;1800
OutputStation2;0.50;6.50;251;189;31;33.45517851538018;464.606363333995;4.073888888888973;85.49787156919137;8.096774193548388;837.2955195909329;1800
