Ident;X;Y;Transfers;InjectedTransfers;PodsHandled;PodHandlingTimeAvg;PodHandlingTimeVar;PodHandlingTimeMin;PodHandlingTimeMax;PileOn;IdleTime;UpTime
InputStation0;0.50;12.50;0;0;0;0;0;0;0;0;1800;1800
OutputStation0;35.50;3.50;241;177;34;27.721258593047654;346.2016791836948;4.149444444444271;83.67999999999961;7.088235294117647;879.7449938036766;1800
OutputStation1;35.50;9.50;241;174;34;28.97270414258795;273.6906466759618;4.04444444444448;67.74277777777758;7.088235294117647;874.309323562144;1800
OutputStation2;0.50;6.50;216;154;32;27.762922528629908;387.44832738306235;4.04444444444448;72.82000000000028;6.75;975.2768336673392;1800
