Ident;X;Y;Transfers;InjectedTransfers;PodsHandled;PodHandlingTimeAvg;PodHandlingTimeVar;PodHandlingTimeMin;PodHandlingTimeMax;PileOn;IdleTime;UpTime
InputStation0;0.50;12.50;0;0;0;0;0;0;0;0;1800;1800
OutputStation0;35.50;3.50;272;193;33;33.83323013497029;378.05175188711934;4.315649346968257;76.01472581868308;8.242424242424242;757.0369549503966;1800
OutputStation1;35.50;9.50;264;195;32;33.776863276073364;307.94704053776144;4.391017319698221;76.13963202727018;8.25;788.2303461105431;1800
OutputStation2;0.50;6.50;250;177;32;32.234278727162994;338.8429840169294;4.04444444444448;71.32444444444454;7.8125;838.4661039181844;1800
