Ident;X;Y;Transfers;InjectedTransfers;PodsHandled;PodHandlingTimeAvg;PodHandlingTimeVar;PodHandlingTimeMin;PodHandlingTimeMax;PileOn;IdleTime;UpTime
InputStation0;0.50;12.50;0;0;0;0;0;0;0;0;1800;1800
OutputStation0;35.50;3.50;237;176;32;30.795448457907344;526.0227195812643;4.04444444444448;81.68953823585764;7.40625;888.2599062085781;1800
OutputStation1;35.50;9.50;240;174;33;29.613518518518703;469.8294452687656;4.275555555555684;80.29305195909467;7.2727272727272725;881.9993434601158;1800
OutputStation2;0.50;6.50;221;156;37;24.039737140035644;193.32973126355364;4.2272222222220535;66.2255555555555;5.972972972972973;954.7279509747343;1800
