Ident;X;Y;Transfers;InjectedTransfers;PodsHandled;PodHandlingTimeAvg;PodHandlingTimeVar;PodHandlingTimeMin;PodHandlingTimeMax;PileOn;IdleTime;UpTime
InputStation0;0.50;12.50;0;0;0;0;0;0;0;0;1800;1800
OutputStation0;35.50;3.50;237;171;36;26.767975989548095;311.6134482163872;4.04444444444448;69.65888888888898;6.583333333333333;889.54653691063;1800
OutputStation1;35.50;9.50;222;168;37;24.79321028950348;228.55604856062288;4.044444444444451;75.90777777777771;6;949.5630519590786;1800
OutputStation2;0.50;6.50;238;169;34;28.98390289330046;425.0414074275732;4.147409805048255;76.30842712474623;7;889.087142816655;1800
