Ident;X;Y;Transfers;InjectedTransfers;PodsHandled;PodHandlingTimeAvg;PodHandlingTimeVar;PodHandlingTimeMin;PodHandlingTimeMax;PileOn;IdleTime;UpTime
InputStation0;0.50;12.50;0;0;0;0;0;0;0;0;1800;1800
OutputStation0;35.50;3.50;247;187;30;33.685972581868356;428.6037053537968;4.089906208586626;82.01176045807944;8.233333333333333;849.760115370201;1800
OutputStation1;35.50;9.50;238;172;35;27.60029581676808;310.8224346493874;4.04849933738592;84.3611111111112;6.8;890.1473519782421;1800
OutputStation2;0.50;6.50;243;176;34;29.41198773535369;391.896795055672;4.04444444444448;79.35898268030172;7.147058823529412;871.3539829637147;1800
