Ident;X;Y;Transfers;InjectedTransfers;PodsHandled;PodHandlingTimeAvg;PodHandlingTimeVar;PodHandlingTimeMin;PodHandlingTimeMax;PileOn;IdleTime;UpTime
InputStation0;0.50;12.50;0;0;0;0;0;0;0;0;1800;1800
OutputStation0;35.50;3.50;249;180;33;30.782441077441113;477.00555672736766;4.04444444444448;80.5183333333334;7.545454545454546;846.5523519782598;1800
OutputStation1;35.50;9.50;282;213;31;37.50283084512932;303.0396351774678;4.235555555555038;84.82074313838115;9.096774193548388;718.9061398827891;1800
OutputStation2;0.50;6.50;275;211;31;36.50486291391311;421.5994420976334;4.130093791412946;81.17434346010805;8.870967741935484;748.1877777777817;1800
