Ident;X;Y;Transfers;InjectedTransfers;PodsHandled;PodHandlingTimeAvg;PodHandlingTimeVar;PodHandlingTimeMin;PodHandlingTimeMax;PileOn;IdleTime;UpTime
InputStation0;0.50;12.50;0;0;0;0;0;0;0;0;1800;1800
OutputStation0;35.50;3.50;232;160;34;28.21778775427903;357.8091066394182;4.08055555555552;67.7532395419205;6.823529411764706;912.1508081581012;1800
OutputStation1;35.50;9.50;244;184;33;30.624710526614887;290.7374140789635;4.069906208586872;69.38277777777535;7.393939393939394;863.7567676509841;1800
OutputStation2;0.50;6.50;223;166;34;26.910716195677402;309.4649412496351;4.085000000000036;79.15222222222212;6.5588235294117645;943.7023375923969;1800
