Ident;X;Y;Transfers;InjectedTransfers;PodsHandled;PodHandlingTimeAvg;PodHandlingTimeVar;PodHandlingTimeMin;PodHandlingTimeMax;PileOn;IdleTime;UpTime
InputStation0;0.50;12.50;0;0;0;0;0;0;0;0;1800;1800
OutputStation0;35.50;3.50;250;176;32;31.41439122836039;386.04203161512976;4.04444444444448;71.5012986939372;7.8125;837.8713056034503;1800
OutputStation1;35.50;9.50;264;191;35;30.899031746031635;341.7346412686412;8.044444444444423;78.16046176414284;7.542857142857143;790.7643506530142;1800
OutputStation2;0.50;6.50;274;206;32;35.422313307432596;480.3461199263478;4.348239541920748;83.76722222222213;8.5625;748.631212095441;1800
