Ident;X;Y;Transfers;InjectedTransfers;PodsHandled;PodHandlingTimeAvg;PodHandlingTimeVar;PodHandlingTimeMin;PodHandlingTimeMax;PileOn;IdleTime;UpTime
InputStation0;0.50;12.50;0;0;0;0;0;0;0;0;1800;1800
OutputStation0;35.50;3.50;245;174;34;29.05660151874614;478.63685554508686;4.04444444444448;81.19435065303153;7.205882352941177;858.1931169788179;1800
OutputStation1;35.50;9.50;270;197;34;32.68332994009264;485.25164432882644;4.04444444444448;79.99009379141319;7.9411764705882355;766.7781023095431;1800
OutputStation2;0.50;6.50;256;186;33;32.090776599036346;276.75765952857404;4.205000000000041;66.78240980504779;7.757575757575758;820.7660319889528;1800
