Ident;X;Y;Transfers;InjectedTransfers;PodsHandled;PodHandlingTimeAvg;PodHandlingTimeVar;PodHandlingTimeMin;PodHandlingTimeMax;PileOn;IdleTime;UpTime
InputStation0;0.50;12.50;0;0;0;0;0;0;0;0;1800;1800
OutputStation0;35.50;3.50;240;173;35;28.200510410750272;360.49602926508385;4.086111111110995;69.86055555555544;6.857142857142857;882.3370418323163;1800
OutputStation1;35.50;9.50;227;168;34;27.432734698424646;302.31680916706944;4.08055555555552;72.75222222222146;6.676470588235294;929.6439826802982;1800
OutputStation2;0.50;6.50;233;172;35;27.332056069335767;350.1806064339536;4.04444444444448;81.70777777777789;6.6571428571428575;908.6511977096063;1800
