Ident;X;Y;Transfers;InjectedTransfers;PodsHandled;PodHandlingTimeAvg;PodHandlingTimeVar;PodHandlingTimeMin;PodHandlingTimeMax;PileOn;IdleTime;UpTime
InputStation0;0.50;12.50;0;0;0;0;0;0;0;0;1800;1800
OutputStation0;35.50;3.50;242;179;32;31.031230157465032;350.44437399994507;8.086111111111116;83.38499999999999;7.5625;868.9331817151223;1800
OutputStation1;35.50;9.50;248;187;34;29.492619684670522;327.68447664087216;4.0615728752541145;62.73999999999978;7.294117647058823;850.6195022712383;1800
OutputStation2;0.50;6.50;228;168;33;28.49387533197088;302.25499456171246;4.044444444444451;63.03166666666674;6.909090909090909;923.9685568807654;1800
