Ident;X;Y;Transfers;InjectedTransfers;PodsHandled;PodHandlingTimeAvg;PodHandlingTimeVar;PodHandlingTimeMin;PodHandlingTimeMax;PileOn;IdleTime;UpTime
InputStation0;0.50;12.50;0;0;0;0;0;0;0;0;1800;1800
OutputStation0;35.50;3.50;253;185;31;33.73274677603859;444.3108707859167;4.04444444444448;80.19833333333395;8.161290322580646;837.7295577332346;1800
OutputStation1;35.50;9.50;276;214;33;34.04943284205306;275.4972578488449;4.04444444444448;62.92453823585765;8.363636363636363;742.613999667836;1800
OutputStation2;0.50;6.50;251;185;30;34.599148130803684;456.9290599902677;4.32222222222299;76.1373160136352;8.366666666666667;838.2348769165746;1800
