Ident;X;Y;Transfers;InjectedTransfers;PodsHandled;PodHandlingTimeAvg;PodHandlingTimeVar;PodHandlingTimeMin;PodHandlingTimeMax;PileOn;IdleTime;UpTime
InputStation0;0.50;12.50;0;0;0;0;0;0;0;0;1800;1800
OutputStation0;35.50;3.50;251;180;32;32.48186643183383;366.66484650314936;4.044444444444423;84.46352091615915;7.84375;836.2504545712154;1800
OutputStation1;35.50;9.50;250;185;34;30.133551268776102;221.81167789076216;8.83055555555552;63.302683986365764;7.352941176470588;845.2610895323606;1800
OutputStation2;0.50;6.50;231;177;34;28.24054770295584;410.01721914710436;4.0744444444444525;84.06398268030186;6.794117647058823;916.2956781186508;1800
