Ident;X;Y;Transfers;InjectedTransfers;PodsHandled;PodHandlingTimeAvg;PodHandlingTimeVar;PodHandlingTimeMin;PodHandlingTimeMax;PileOn;IdleTime;UpTime
InputStation0;0.50;12.50;0;0;0;0;0;0;0;0;1800;1800
OutputStation0;35.50;3.50;236;170;33;29.478138249907396;521.441884620532;4.04444444444448;83.46731601363604;7.151515151515151;897.9157287525259;1800
OutputStation1;35.50;9.50;254;200;34;30.66423499627138;340.8861692286708;4.04444444444448;73.61444444444373;7.470588235294118;825.2544548933724;1800
OutputStation2;0.50;6.50;270;205;30;36.93335161208769;279.6504345558599;4.04444444444448;62.83388888888919;9;769.6884735382677;1800
