Ident;X;Y;Transfers;InjectedTransfers;PodsHandled;PodHandlingTimeAvg;PodHandlingTimeVar;PodHandlingTimeMin;PodHandlingTimeMax;PileOn;IdleTime;UpTime
InputStation0;0.50;12.50;0;0;0;0;0;0;0;0;1800;1800
OutputStation0;35.50;3.50;288;214;30;39.516370849898905;472.0168025254004;4.04444444444448;77.22963202727016;9.6;695.3038814125704;1800
OutputStation1;35.50;9.50;236;179;32;29.722332026073538;456.1925240870776;4.080000000000041;82.26156568233239;7.375;893.7912986939803;1800
OutputStation2;0.50;6.50;253;192;32;32.05254982668836;449.5034051054314;4.04444444444448;76.93277777777803;7.90625;834.7292208970009;1800
