Ident;X;Y;Transfers;InjectedTransfers;PodsHandled;PodHandlingTimeAvg;PodHandlingTimeVar;PodHandlingTimeMin;PodHandlingTimeMax;PileOn;IdleTime;UpTime
InputStation0;0.50;12.50;0;0;0;0;0;0;0;0;1800;1800
OutputStation0;35.50;3.50;286;214;29;40.59870428244476;659.3298888751583;4.061774843928561;82.14777777777783;9.862068965517242;701.5239898732158;1800
OutputStation1;35.50;9.50;266;198;33;33.00613384842336;402.16258496717893;8.461017319698385;80.92417745605076;8.06060606060606;779.1967820368466;1800
OutputStation2;0.50;6.50;237;163;34;28.745294752316667;515.3218068209611;4.08055555555552;84.03287156919191;6.970588235294118;893.2794585468732;1800
