Ident;X;Y;Transfers;InjectedTransfers;PodsHandled;PodHandlingTimeAvg;PodHandlingTimeVar;PodHandlingTimeMin;PodHandlingTimeMax;PileOn;IdleTime;UpTime
InputStation0;0.50;12.50;0;0;0;0;0;0;0;0;1800;1800
OutputStation0;35.50;3.50;226;169;35;26.732749533548997;284.8730451330656;4.137316013634745;75.8841702631264;6.457142857142857;934.5000002834078;1800
OutputStation1;35.50;9.50;237;169;33;29.74798045188203;313.00864687722594;4.04444444444448;67.93611111111147;7.181818181818182;895.1710676701698;1800
OutputStation2;0.50;6.50;228;172;35;26.54996619075007;379.87701650037224;4.04444444444448;77.05064934696804;6.514285714285714;931.0322872419398;1800
