Ident;X;Y;Transfers;InjectedTransfers;PodsHandled;PodHandlingTimeAvg;PodHandlingTimeVar;PodHandlingTimeMin;PodHandlingTimeMax;PileOn;IdleTime;UpTime
InputStation0;0.50;12.50;0;0;0;0;0;0;0;0;1800;1800
OutputStation0;35.50;3.50;229;161;34;27.632622224172096;361.2896637785713;4.04444444444448;72;6.735294117647059;925.8813706511392;1800
OutputStation1;35.50;9.50;227;163;34;26.99656926212067;385.3505623581206;4.0800000000000125;76.28000000000013;6.676470588235294;933.2268683798975;1800
OutputStation2;0.50;6.50;234;165;33;29.276127510193355;248.98035552474406;4.281291501013129;71.63509379141306;7.090909090909091;905.2188958263712;1800
