Ident;X;Y;Transfers;InjectedTransfers;PodsHandled;PodHandlingTimeAvg;PodHandlingTimeVar;PodHandlingTimeMin;PodHandlingTimeMax;PileOn;IdleTime;UpTime
InputStation0;0.50;12.50;0;0;0;0;0;0;0;0;1800;1800
OutputStation0;35.50;3.50;217;153;37;23.999699699699725;232.2525637651373;4.08055555555552;80.02333333333468;5.864864864864865;966.3077418131702;1800
OutputStation1;35.50;9.50;264;195;31;34.606322907315395;445.27531187386097;4.04444444444448;80.33453104293568;8.516129032258064;786.4117026312689;1800
OutputStation2;0.50;6.50;257;193;33;32.22308671037631;438.8874848982844;4.090461764142688;76.30777777777871;7.787878787878788;819.864826803013;1800
