Ident;X;Y;Transfers;InjectedTransfers;PodsHandled;PodHandlingTimeAvg;PodHandlingTimeVar;PodHandlingTimeMin;PodHandlingTimeMax;PileOn;IdleTime;UpTime
InputStation0;0.50;12.50;0;0;0;0;0;0;0;0;1800;1800
OutputStation0;35.50;3.50;270;201;30;36.120854978232174;492.3876852784633;4.249444444444521;85.82500000000073;9;766.6365872610992;1800
OutputStation1;35.50;9.50;281;214;32;36.40667275340889;436.1980541472359;4.070555555555302;80.69787156919074;8.78125;723.8464503121329;1800
OutputStation2;0.50;6.50;222;156;34;27.079599567424342;470.94645840313495;4.04444444444448;79.87277777777831;6.529411764705882;950.9406349611315;1800
