Ident;X;Y;Transfers;InjectedTransfers;PodsHandled;PodHandlingTimeAvg;PodHandlingTimeVar;PodHandlingTimeMin;PodHandlingTimeMax;PileOn;IdleTime;UpTime
InputStation0;0.50;12.50;0;0;0;0;0;0;0;0;1800;1800
OutputStation0;35.50;3.50;243;174;33;30.495911933072964;243.6714957125624;8.686111111110677;81.01342712474661;7.363636363636363;869.7300722126438;1800
OutputStation1;35.50;9.50;242;179;35;28.472809523809584;268.41563322608283;4.148888888888678;75.48601731969848;6.914285714285715;871.1093144050192;1800
OutputStation2;0.50;6.50;233;173;34;28.272082804441904;449.66892737545436;4.04444444444448;80.82435065303144;6.852941176470588;908.6366666666745;1800
