Ident;X;Y;Transfers;InjectedTransfers;PodsHandled;PodHandlingTimeAvg;PodHandlingTimeVar;PodHandlingTimeMin;PodHandlingTimeMax;PileOn;IdleTime;UpTime
InputStation0;0.50;12.50;0;0;0;0;0;0;0;0;1800;1800
OutputStation0;35.50;3.50;278;208;31;36.59231159592734;377.83836357117957;4.04444444444448;76.84500000000071;8.96774193548387;737.9826189666079;1800
OutputStation1;35.50;9.50;209;154;35;24.56953927151558;296.7227721201325;4.04444444444448;79.48055555555584;5.9714285714285715;998.6240836646408;1800
OutputStation2;0.50;6.50;224;157;34;26.8983604959301;426.48021720114855;4.16111111111104;69.61888888889007;6.588235294117647;943.8431385575886;1800
