Ident;X;Y;Transfers;InjectedTransfers;PodsHandled;PodHandlingTimeAvg;PodHandlingTimeVar;PodHandlingTimeMin;PodHandlingTimeMax;PileOn;IdleTime;UpTime
InputStation0;0.50;12.50;0;0;0;0;0;0;0;0;1800;1800
OutputStation0;35.50;3.50;207;144;36;23.72251322638858;211.70979731372645;4.04444444444448;58.84898268029997;5.75;1007.9520706040056;1800
OutputStation1;35.50;9.50;241;170;34;29.19069667412415;295.0483562728486;8.565461764143038;68.5127777777783;7.088235294117647;877.5889176605815;1800
OutputStation2;0.50;6.50;227;165;33;27.769267785751396;320.98935524494254;4.048333333333403;71.74009379141285;6.878787878787879;931.9350503504481;1800
