Ident;X;Y;Transfers;InjectedTransfers;PodsHandled;PodHandlingTimeAvg;PodHandlingTimeVar;PodHandlingTimeMin;PodHandlingTimeMax;PileOn;IdleTime;UpTime
InputStation0;0.50;12.50;0;0;0;0;0;0;0;0;1800;1800
OutputStation0;35.50;3.50;251;186;33;31.07475797153397;376.19306026520957;4.061204902523514;73.77750359646097;7.606060606060606;837.3943722317911;1800
OutputStation1;35.50;9.50;253;194;31;33.69023669652932;418.83538942866045;4.04444444444448;75.19083692979427;8.161290322580646;832.8769261787561;1800
OutputStation2;0.50;6.50;266;205;31;35.34918912153693;331.4915962743233;4.29055555555567;71.78787156919054;8.580645161290322;779.9262555363844;1800
