Ident;X;Y;Transfers;InjectedTransfers;PodsHandled;PodHandlingTimeAvg;PodHandlingTimeVar;PodHandlingTimeMin;PodHandlingTimeMax;PileOn;IdleTime;UpTime
InputStation0;0.50;12.50;0;0;0;0;0;0;0;0;1800;1800
OutputStation0;35.50;3.50;223;154;34;26.34060075880965;406.66244012683615;4.3216666666666015;80.15166666666687;6.5588235294117645;946.6883048450611;1800
OutputStation1;35.50;9.50;232;171;35;27.375991755223897;510.0933594038403;4.04444444444448;82.23941567275529;6.628571428571429;913.2071934505589;1800
OutputStation2;0.50;6.50;287;222;30;39.534576720926346;406.5907505572336;8.123239541920384;84.8783333333331;9.566666666666666;699.8592059443451;1800
