Ident;X;Y;Transfers;InjectedTransfers;PodsHandled;PodHandlingTimeAvg;PodHandlingTimeVar;PodHandlingTimeMin;PodHandlingTimeMax;PileOn;IdleTime;UpTime
InputStation0;0.50;12.50;0;0;0;0;0;0;0;0;1800;1800
OutputStation0;35.50;3.50;241;172;33;29.352095850611903;487.3033871586023;4.04444444444448;81.28222222222234;7.303030303030303;880.4097252518116;1800
OutputStation1;35.50;9.50;252;185;34;29.99124543486253;387.31254048017934;4.04444444444448;80.24787156919069;7.411764705882353;834.3169477574814;1800
OutputStation2;0.50;6.50;245;177;33;30.55616664658783;459.22123097435826;4.0444444444445935;84.04953823585714;7.424242424242424;859.8452968938449;1800
