Ident;X;Y;Transfers;InjectedTransfers;PodsHandled;PodHandlingTimeAvg;PodHandlingTimeVar;PodHandlingTimeMin;PodHandlingTimeMax;PileOn;IdleTime;UpTime
InputStation0;0.50;12.50;0;0;0;0;0;0;0;0;1800;1800
OutputStation0;35.50;3.50;253;186;32;32.60838586622439;352.11269573190066;4.063239541919984;77.4306493469683;7.90625;832.3152597954679;1800
OutputStation1;35.50;9.50;231;162;34;28.165144300252727;362.8545983911903;4.271111111111054;81.8084271247476;6.794117647058823;914.437864376262;1800
OutputStation2;0.50;6.50;236;170;32;30.405451613667825;391.7186699495343;4.3091774560514295;71.5134271247473;7.375;896.5607575242259;1800
