Ident;X;Y;Transfers;InjectedTransfers;PodsHandled;PodHandlingTimeAvg;PodHandlingTimeVar;PodHandlingTimeMin;PodHandlingTimeMax;PileOn;IdleTime;UpTime
InputStation0;0.50;12.50;0;0;0;0;0;0;0;0;1800;1800
OutputStation0;35.50;3.50;221;159;37;24.345726179333408;355.56620556151984;4.067222222222213;74.84676045807966;5.972972972972973;954.8390258378345;1800
OutputStation1;35.50;9.50;243;183;35;28.386092763852798;243.93077476040747;4.04444444444448;57.05351372323662;6.942857142857143;871.4316378949718;1800
OutputStation2;0.50;6.50;246;180;35;28.792201811745844;235.5079956355317;4.04444444444448;62.58055555555546;7.0285714285714285;860.235634961128;1800
