Ident;X;Y;Transfers;InjectedTransfers;PodsHandled;PodHandlingTimeAvg;PodHandlingTimeVar;PodHandlingTimeMin;PodHandlingTimeMax;PileOn;IdleTime;UpTime
InputStation0;0.50;12.50;0;0;0;0;0;0;0;0;1800;1800
OutputStation0;35.50;3.50;225;167;35;26.488155639379986;383.2717832543708;4.04444444444448;84.49999999999955;6.428571428571429;936.2555336933103;1800
OutputStation1;35.50;9.50;279;215;32;35.03233766325809;515.4459206234721;4.04444444444448;84.96342712474609;8.71875;729.9977058485605;1800
OutputStation2;0.50;6.50;245;184;34;29.372610351175492;345.9256201160018;4.044444444444451;70.18879509747603;7.205882352941177;862.5921068520543;1800
