Ident;X;Y;Transfers;InjectedTransfers;PodsHandled;PodHandlingTimeAvg;PodHandlingTimeVar;PodHandlingTimeMin;PodHandlingTimeMax;PileOn;IdleTime;UpTime
InputStation0;0.50;12.50;0;0;0;0;0;0;0;0;1800;1800
OutputStation0;35.50;3.50;298;224;29;41.91781932614069;535.0967836606816;4.203239541920311;78.46953823585739;10.275862068965518;661.1215944540075;1800
OutputStation1;35.50;9.50;237;171;32;30.518466585037636;407.53425251993934;4.04444444444448;74.08593072120658;7.40625;893.7716378949641;1800
OutputStation2;0.50;6.50;262;194;32;33.53508206748657;369.0507610443096;4.116955233827412;83.59981961009596;8.1875;799.3217101076293;1800
