Ident;X;Y;Transfers;InjectedTransfers;PodsHandled;PodHandlingTimeAvg;PodHandlingTimeVar;PodHandlingTimeMin;PodHandlingTimeMax;PileOn;IdleTime;UpTime
InputStation0;0.50;12.50;0;0;0;0;0;0;0;0;1800;1800
OutputStation0;35.50;3.50;270;203;31;35.771170693581034;596.3761708270322;4.04444444444448;85.63638529242814;8.709677419354838;767.5581169788061;1800
OutputStation1;35.50;9.50;201;139;36;22.91797839506164;412.4701746665505;4.044444444444423;85.39074313838216;5.583333333333333;1030.5433405262543;1800
OutputStation2;0.50;6.50;245;187;32;31.547230790388184;456.0388329641442;4.167034639393933;82.08944444444546;7.65625;862.6274313838048;1800
