Ident;X;Y;Transfers;InjectedTransfers;PodsHandled;PodHandlingTimeAvg;PodHandlingTimeVar;PodHandlingTimeMin;PodHandlingTimeMax;PileOn;IdleTime;UpTime
InputStation0;0.50;12.50;0;0;0;0;0;0;0;0;1800;1800
OutputStation0;35.50;3.50;217;155;35;25.492102455310977;299.400818633821;4.04444444444448;81.78601731969707;6.2;968.3938529242852;1800
OutputStation1;35.50;9.50;231;156;36;26.40680295023846;257.3675326279778;4.08888888888896;85.7394444444443;6.416666666666667;916.2961686544975;1800
OutputStation2;0.50;6.50;275;206;33;34.57764615777452;268.896879779862;4.04444444444448;84.18166666666457;8.333333333333334;747.241717300542;1800
