Ident;X;Y;Transfers;InjectedTransfers;PodsHandled;PodHandlingTimeAvg;PodHandlingTimeVar;PodHandlingTimeMin;PodHandlingTimeMax;PileOn;IdleTime;UpTime
InputStation0;0.50;12.50;0;0;0;0;0;0;0;0;1800;1800
OutputStation0;35.50;3.50;268;195;31;35.616890797018435;258.30214044065957;8.220461764142783;71.60583692979407;8.64516129032258;771.567720234382;1800
OutputStation1;35.50;9.50;253;185;33;31.467971925389836;283.0290100431119;4.293333333333294;68.33538235857623;7.666666666666667;831.8312120954512;1800
OutputStation2;0.50;6.50;254;190;30;35.0087409805048;243.02850605266136;4.336666666666815;75.14231601363622;8.466666666666667;827.4345672909559;1800
