Ident;X;Y;Transfers;InjectedTransfers;PodsHandled;PodHandlingTimeAvg;PodHandlingTimeVar;PodHandlingTimeMin;PodHandlingTimeMax;PileOn;IdleTime;UpTime
InputStation0;0.50;12.50;0;0;0;0;0;0;0;0;1800;1800
OutputStation0;35.50;3.50;257;191;32;32.87687274335494;328.95171554869745;4.04444444444448;66.61277777777786;8.03125;815.5063924853505;1800
OutputStation1;35.50;9.50;259;182;36;29.353811528591685;287.51248469800305;8.058975487375847;79.56398268030125;7.194444444444445;803.7366813359233;1800
OutputStation2;0.50;6.50;237;170;34;28.739731555718187;191.19399519316033;4.074444444444509;67.22944444444443;6.970588235294118;891.524552621685;1800
