Ident;X;Y;Transfers;InjectedTransfers;PodsHandled;PodHandlingTimeAvg;PodHandlingTimeVar;PodHandlingTimeMin;PodHandlingTimeMax;PileOn;IdleTime;UpTime
InputStation0;0.50;12.50;0;0;0;0;0;0;0;0;1800;1800
OutputStation0;35.50;3.50;249;184;32;31.809928748467932;420.6242287202931;4.233333333333121;79.46583692979448;7.78125;849.4643287908397;1800
OutputStation1;35.50;9.50;275;206;31;36.43281710966067;509.3038389140138;4.146572875253241;79.84129869393688;8.870967741935484;748.144667991895;1800
OutputStation2;0.50;6.50;258;195;32;33.22239943865149;308.67969762389987;4.170555555555666;66.71787156919072;8.0625;814.5570205369884;1800
