Ident;X;Y;Transfers;InjectedTransfers;PodsHandled;PodHandlingTimeAvg;PodHandlingTimeVar;PodHandlingTimeMin;PodHandlingTimeMax;PileOn;IdleTime;UpTime
InputStation0;0.50;12.50;0;0;0;0;0;0;0;0;1800;1800
OutputStation0;35.50;3.50;214;151;35;24.62934323030336;274.0307980308352;4.04444444444448;76.46888888888941;6.114285714285714;981.2041265387919;1800
OutputStation1;35.50;9.50;236;172;35;27.972583586175052;248.42383724124238;8.464444444444439;79.86935065303192;6.742857142857143;895.021305603462;1800
OutputStation2;0.50;6.50;226;167;34;26.590666964512906;283.5543490810049;4.045000000000073;63.69666666666785;6.647058823529412;936.4975971044782;1800
