Ident;X;Y;Transfers;InjectedTransfers;PodsHandled;PodHandlingTimeAvg;PodHandlingTimeVar;PodHandlingTimeMin;PodHandlingTimeMax;PileOn;IdleTime;UpTime
InputStation0;0.50;12.50;0;0;0;0;0;0;0;0;1800;1800
OutputStation0;35.50;3.50;247;182;33;30.702668895086852;359.8619627369298;4.04444444444448;76.71833333333325;7.484848484848484;849.8336293768073;1800
OutputStation1;35.50;9.50;246;183;33;30.56095916002481;430.687824180343;4.102496403537771;82.95333333333372;7.454545454545454;854.5175686161792;1800
OutputStation2;0.50;6.50;259;192;32;32.77380253289129;464.9808995780095;4.04444444444448;76.95944444444478;8.09375;807.3882467348552;1800
