Ident;X;Y;Transfers;InjectedTransfers;PodsHandled;PodHandlingTimeAvg;PodHandlingTimeVar;PodHandlingTimeMin;PodHandlingTimeMax;PileOn;IdleTime;UpTime
InputStation0;0.50;12.50;0;0;0;0;0;0;0;0;1800;1800
OutputStation0;35.50;3.50;236;167;34;28.170471943864445;329.41228034619536;4.075367972729282;80.98101731969844;6.9411764705882355;898.3569117928671;1800
OutputStation1;35.50;9.50;242;173;34;28.876871443924106;263.28787220766014;4.17277777777781;71.02287156919101;7.117647058823529;875.0756637328175;1800
OutputStation2;0.50;6.50;254;189;32;32.40250563718453;349.6612816337895;4.411666666666633;70.5473160136352;7.9375;828.9207862959005;1800
