Ident;X;Y;Transfers;InjectedTransfers;PodsHandled;PodHandlingTimeAvg;PodHandlingTimeVar;PodHandlingTimeMin;PodHandlingTimeMax;PileOn;IdleTime;UpTime
InputStation0;0.50;12.50;0;0;0;0;0;0;0;0;1800;1800
OutputStation0;35.50;3.50;277;203;28;40.08140898704896;722.3134493401492;4.311760458079107;83.6705555555559;9.892857142857142;737.8510173197143;1800
OutputStation1;35.50;9.50;293;218;30;40.1420836929798;591.9085572959508;8.04444444444448;82.78638529242858;9.766666666666667;680.6258369297925;1800
OutputStation2;0.50;6.50;300;215;26;45.86006104850393;549.6666454320252;16.200555555555752;84.04055555555561;11.538461538461538;654.4812627293213;1800
