Ident;X;Y;Transfers;InjectedTransfers;PodsHandled;PodHandlingTimeAvg;PodHandlingTimeVar;PodHandlingTimeMin;PodHandlingTimeMax;PileOn;IdleTime;UpTime
InputStation0;0.50;12.50;0;0;0;0;0;0;0;0;1800;1800
OutputStation0;35.50;3.50;242;178;35;28.05981302561249;288.5997723990171;4.091767651002101;64.46444444444546;6.914285714285715;870.1953682561787;1800
OutputStation1;35.50;9.50;232;164;35;25.962741083260767;232.49470507968394;4.04444444444448;71.13815294342908;6.628571428571429;913.3756781186216;1800
OutputStation2;0.50;6.50;231;161;32;29.65000315576053;277.845636737072;4.04444444444448;77.68333333333317;7.21875;917.1669120763024;1800
