Ident;X;Y;Transfers;InjectedTransfers;PodsHandled;PodHandlingTimeAvg;PodHandlingTimeVar;PodHandlingTimeMin;PodHandlingTimeMax;PileOn;IdleTime;UpTime
InputStation0;0.50;12.50;0;0;0;0;0;0;0;0;1800;1800
OutputStation0;35.50;3.50;258;195;32;32.34241319444449;423.4785131081459;4.14222222222179;80.83509379141276;8.0625;809.2294861733686;1800
OutputStation1;35.50;9.50;258;185;32;32.57746924701483;369.77552299454203;8.127777777777737;81.97194804090498;8.0625;809.7525224347689;1800
OutputStation2;0.50;6.50;233;167;31;30.75193050455974;459.7416199536696;4.24037961813292;77.60888888888917;7.516129032258065;906.97711849746;1800
