Ident;X;Y;Transfers;InjectedTransfers;PodsHandled;PodHandlingTimeAvg;PodHandlingTimeVar;PodHandlingTimeMin;PodHandlingTimeMax;PileOn;IdleTime;UpTime
InputStation0;0.50;12.50;0;0;0;0;0;0;0;0;1800;1800
OutputStation0;35.50;3.50;220;160;35;25.742292725989476;281.92012093638743;4.04444444444448;84.94639248534963;6.285714285714286;958.8311324064363;1800
OutputStation1;35.50;9.50;242;180;36;27.532564133908505;216.5204583515773;4.227128430809273;67.22064934696868;6.722222222222222;874.8497117162441;1800
OutputStation2;0.50;6.50;239;168;34;27.628551268776057;366.5888424128832;4.04444444444448;74.44815294342925;7.029411764705882;882.4422288482799;1800
