Ident;X;Y;Transfers;InjectedTransfers;PodsHandled;PodHandlingTimeAvg;PodHandlingTimeVar;PodHandlingTimeMin;PodHandlingTimeMax;PileOn;IdleTime;UpTime
InputStation0;0.50;12.50;0;0;0;0;0;0;0;0;1800;1800
OutputStation0;35.50;3.50;225;172;33;26.685103634297743;389.50991121658035;4.044444444444444;83.77111111111162;6.818181818181818;938.772756199013;1800
OutputStation1;35.50;9.50;243;181;35;28.768388786132963;235.13724695292535;8.052777777778147;73.29380229039742;6.942857142857143;869.8080303803166;1800
OutputStation2;0.50;6.50;236;181;33;29.644153000764863;417.99592474843246;4.058333333333337;80.07277777777836;7.151515151515151;896.4144228656867;1800
