Ident;X;Y;Transfers;InjectedTransfers;PodsHandled;PodHandlingTimeAvg;PodHandlingTimeVar;PodHandlingTimeMin;PodHandlingTimeMax;PileOn;IdleTime;UpTime
InputStation0;0.50;12.50;0;0;0;0;0;0;0;0;1800;1800
OutputStation0;35.50;3.50;274;215;28;40.19122990184007;402.30155547278275;12.159444444444262;82.92555555555566;9.785714285714286;748.0657143666774;1800
OutputStation1;35.50;9.50;261;188;33;32.091346365411994;359.67151071581344;4.071666666666715;68.49564934696849;7.909090909090909;796.8468323872918;1800
OutputStation2;0.50;6.50;214;153;35;24.946069057085;388.8663874740463;4.044444444444423;77.05888888888921;6.114285714285714;983.1654186066294;1800
