Ident;X;Y;Transfers;InjectedTransfers;PodsHandled;PodHandlingTimeAvg;PodHandlingTimeVar;PodHandlingTimeMin;PodHandlingTimeMax;PileOn;IdleTime;UpTime
InputStation0;0.50;12.50;0;0;0;0;0;0;0;0;1800;1800
OutputStation0;35.50;3.50;247;181;32;31.43631944444453;385.62677126450797;4.04444444444448;74.40277058485583;7.71875;851.5019408479411;1800
OutputStation1;35.50;9.50;290;228;30;39.39305892170009;552.6317786796873;4.117409805055331;82.3291702631276;9.666666666666666;690.2527561990033;1800
OutputStation2;0.50;6.50;229;169;35;27.152968048456056;351.01243570604964;4.16944444444448;79.29546176414294;6.542857142857143;924.5167460721973;1800
