Ident;X;Y;Transfers;InjectedTransfers;PodsHandled;PodHandlingTimeAvg;PodHandlingTimeVar;PodHandlingTimeMin;PodHandlingTimeMax;PileOn;IdleTime;UpTime
InputStation0;0.50;12.50;0;0;0;0;0;0;0;0;1800;1800
OutputStation0;35.50;3.50;281;212;31;37.2857226649073;569.5590595414584;4.04444444444448;76.7155483626334;9.064516129032258;725.3498196101127;1800
OutputStation1;35.50;9.50;252;188;35;28.807052978556953;455.6498008038347;4.04444444444448;84.57777777777801;7.2;835.5859741621507;1800
OutputStation2;0.50;6.50;231;162;32;29.180506627982833;406.1188056941129;4.06555555555542;77.7133333333336;7.21875;916.2625758091035;1800
