Ident;X;Y;Transfers;InjectedTransfers;PodsHandled;PodHandlingTimeAvg;PodHandlingTimeVar;PodHandlingTimeMin;PodHandlingTimeMax;PileOn;IdleTime;UpTime
InputStation0;0.50;12.50;0;0;0;0;0;0;0;0;1800;1800
OutputStation0;35.50;3.50;227;159;34;27.35494036922146;491.17767209259085;4.04444444444448;79.62398268030165;6.676470588235294;932.5837950974853;1800
OutputStation1;35.50;9.50;261;186;33;31.996778391521882;519.8275534351789;8.04444444444448;84.12342712474629;7.909090909090909;803.0766376115689;1800
OutputStation2;0.50;6.50;232;167;35;27.089807049566787;323.6334450813793;4.070555555555302;82.63082254395061;6.628571428571429;916.0323810333767;1800
