Ident;X;Y;Transfers;InjectedTransfers;PodsHandled;PodHandlingTimeAvg;PodHandlingTimeVar;PodHandlingTimeMin;PodHandlingTimeMax;PileOn;IdleTime;UpTime
InputStation0;0.50;12.50;0;0;0;0;0;0;0;0;1800;1800
OutputStation0;35.50;3.50;222;161;34;26.864949068047345;438.50940663440105;4.044444444444451;84.3206493469686;6.529411764705882;950.4214431192231;1800
OutputStation1;35.50;9.50;249;180;33;30.991952643985417;478.7018862531497;4.04444444444448;73.79333333333375;7.545454545454546;846.9646248343421;1800
OutputStation2;0.50;6.50;232;174;36;26.357324836476202;368.0796277809873;4.04444444444448;78.5632395419218;6.444444444444445;911.1586650580196;1800
