Ident;X;Y;Transfers;InjectedTransfers;PodsHandled;PodHandlingTimeAvg;PodHandlingTimeVar;PodHandlingTimeMin;PodHandlingTimeMax;PileOn;IdleTime;UpTime
InputStation0;0.50;12.50;0;0;0;0;0;0;0;0;1800;1800
OutputStation0;35.50;3.50;255;188;34;31.145927979308475;338.0509540365657;4.118239541920474;76.09398268030282;7.5;829.87475430696;1800
OutputStation1;35.50;9.50;223;166;33;27.82897328194035;412.2476102877327;4.04444444444448;71.28268398636556;6.757575757575758;947.1216522808116;1800
OutputStation2;0.50;6.50;189;126;40;19.4454305555556;114.4616693530355;4.110000000000014;46.014718625761475;4.725;1075.882135623745;1800
