Ident;X;Y;Transfers;InjectedTransfers;PodsHandled;PodHandlingTimeAvg;PodHandlingTimeVar;PodHandlingTimeMin;PodHandlingTimeMax;PileOn;IdleTime;UpTime
InputStation0;0.50;12.50;0;0;0;0;0;0;0;0;1800;1800
OutputStation0;35.50;3.50;253;189;31;33.56781385210146;444.8808548277347;4.116111111110968;81.45731601363485;8.161290322580646;828.6331817151201;1800
OutputStation1;35.50;9.50;265;204;33;33.16743495717821;281.60210214649186;4.04444444444448;65.59555555555558;8.030303030303031;787.2773741238282;1800
OutputStation2;0.50;6.50;262;202;30;35.13180206952882;598.7520003323777;4.081572875252732;86.02100293385229;8.733333333333333;797.6851081772573;1800
