Ident;X;Y;Transfers;InjectedTransfers;PodsHandled;PodHandlingTimeAvg;PodHandlingTimeVar;PodHandlingTimeMin;PodHandlingTimeMax;PileOn;IdleTime;UpTime
InputStation0;0.50;12.50;0;0;0;0;0;0;0;0;1800;1800
OutputStation0;35.50;3.50;251;185;32;32.32730902777789;443.6189805191367;4.04444444444448;81.2147186257618;7.84375;838.1284558964323;1800
OutputStation1;35.50;9.50;261;205;32;33.46063108674227;422.74622445894244;4.16111111111104;76.94888888888909;8.15625;799.2812843080826;1800
OutputStation2;0.50;6.50;256;188;33;30.92234902976712;377.89142337493854;4.04444444444448;75.570093791413;7.757575757575758;823.6612264813164;1800
