Ident;X;Y;Transfers;InjectedTransfers;PodsHandled;PodHandlingTimeAvg;PodHandlingTimeVar;PodHandlingTimeMin;PodHandlingTimeMax;PileOn;IdleTime;UpTime
InputStation0;0.50;12.50;0;0;0;0;0;0;0;0;1800;1800
OutputStation0;35.50;3.50;257;195;34;30.998091840091746;350.957777388633;4.106760458080998;74.44398268030204;7.5588235294117645;816.0120274464709;1800
OutputStation1;35.50;9.50;244;185;34;29.71556743606624;378.50087823809844;4.124545428785268;80.94055555555656;7.176470588235294;863.6987950974767;1800
OutputStation2;0.50;6.50;211;151;37;23.398262356047425;278.0679689465142;4.04444444444448;69.17082973687258;5.702702702702703;991.3185643570994;1800
