Ident;X;Y;Transfers;InjectedTransfers;PodsHandled;PodHandlingTimeAvg;PodHandlingTimeVar;PodHandlingTimeMin;PodHandlingTimeMax;PileOn;IdleTime;UpTime
InputStation0;0.50;12.50;0;0;0;0;0;0;0;0;1800;1800
OutputStation0;35.50;3.50;215;149;35;25.228481344473487;283.8002246893943;4.04444444444448;72.95333333333417;6.142857142857143;976.420367972755;1800
OutputStation1;35.50;9.50;245;184;32;31.335193678425423;561.3075033278259;4.051854249492862;79.20231601363488;7.65625;866.0397186257729;1800
OutputStation2;0.50;6.50;234;168;36;26.61016714776943;158.59436213698115;4.400555555555229;63.015649346968644;6.5;900.9636725343852;1800
