Ident;X;Y;Transfers;InjectedTransfers;PodsHandled;PodHandlingTimeAvg;PodHandlingTimeVar;PodHandlingTimeMin;PodHandlingTimeMax;PileOn;IdleTime;UpTime
InputStation0;0.50;12.50;0;0;0;0;0;0;0;0;1800;1800
OutputStation0;35.50;3.50;231;161;34;28.11441473483323;454.79711334568924;4.04444444444448;80.65509379141315;6.794117647058823;918.1701444252783;1800
OutputStation1;35.50;9.50;264;195;32;33.94433441581444;452.18199771301863;4.0645310429308665;79.20453823585785;8.25;789.1937879045396;1800
OutputStation2;0.50;6.50;274;202;28;40.19056869743871;355.3071441149393;8.4350000000004;81.20453823585785;9.785714285714286;752.2260463747987;1800
