Ident;X;Y;Transfers;InjectedTransfers;PodsHandled;PodHandlingTimeAvg;PodHandlingTimeVar;PodHandlingTimeMin;PodHandlingTimeMax;PileOn;IdleTime;UpTime
InputStation0;0.50;12.50;0;0;0;0;0;0;0;0;1800;1800
OutputStation0;35.50;3.50;242;180;29;34.20316689184992;477.79495019938145;4.22879509747554;78.96916307020456;8.344827586206897;873.9949062085816;1800
OutputStation1;35.50;9.50;236;172;34;28.675103344801023;274.567082546615;8.292222222222335;74.48333333333198;6.9411764705882355;897.6801300394595;1800
OutputStation2;0.50;6.50;269;197;30;36.81248172124567;445.704157184409;4.377777777777737;77.95722222222366;8.966666666666667;770.8900794055442;1800
