Ident;X;Y;Transfers;InjectedTransfers;PodsHandled;PodHandlingTimeAvg;PodHandlingTimeVar;PodHandlingTimeMin;PodHandlingTimeMax;PileOn;IdleTime;UpTime
InputStation0;0.50;12.50;0;0;0;0;0;0;0;0;1800;1800
OutputStation0;35.50;3.50;248;172;31;32.26017618594022;416.5049735832679;4.142871569191584;81.49722222222272;8;849.9470202535383;1800
OutputStation1;35.50;9.50;264;188;33;32.97421181434026;362.42391657706867;8.384444444444625;84.49666666666678;8;788.187344785319;1800
OutputStation2;0.50;6.50;270;204;31;35.886392262463104;663.555424292809;4.044444444444423;84.01833333333312;8.709677419354838;765.8333980696345;1800
