Ident;X;Y;Transfers;InjectedTransfers;PodsHandled;PodHandlingTimeAvg;PodHandlingTimeVar;PodHandlingTimeMin;PodHandlingTimeMax;PileOn;IdleTime;UpTime
InputStation0;0.50;12.50;0;0;0;0;0;0;0;0;1800;1800
OutputStation0;35.50;3.50;239;171;33;29.817621014232866;543.3907894988781;4.04444444444448;81.90611111111119;7.242424242424242;882.3947836929711;1800
OutputStation1;35.50;9.50;303;243;31;40.18351580236216;355.99724561447357;8.154906208586908;75.11832614041077;9.774193548387096;635.8697983622101;1800
OutputStation2;0.50;6.50;241;176;32;30.71307652198508;367.9394881778167;4.04444444444448;76.91722222222234;7.53125;879.8725827186136;1800
