Ident;X;Y;Transfers;InjectedTransfers;PodsHandled;PodHandlingTimeAvg;PodHandlingTimeVar;PodHandlingTimeMin;PodHandlingTimeMax;PileOn;IdleTime;UpTime
InputStation0;0.50;12.50;0;0;0;0;0;0;0;0;1800;1800
OutputStation0;31.50;3.50;173;141;20;85.08816702631303;2464.6327851327023;11.948888888888973;185.83314575050758;8.65;109.72784999043853;1800
OutputStation1;31.50;9.50;174;141;25;72.19682972553537;1177.7462306887037;11.653888888889128;144.6028715691907;6.96;98.7752669883921;1800
OutputStation2;0.50;6.50;171;137;21;83.88803373804699;2567.338926463621;11.796111111110804;176.65138529242813;8.142857142857142;125.1723882262701;1800
