Ident;X;Y;Transfers;InjectedTransfers;PodsHandled;PodHandlingTimeAvg;PodHandlingTimeVar;PodHandlingTimeMin;PodHandlingTimeMax;PileOn;IdleTime;UpTime
InputStation0;0.50;12.50;0;0;0;0;0;0;0;0;1800;1800
OutputStation0;35.50;3.50;243;179;32;31.400030161848232;445.42286809590263;4.04444444444448;84.27555555555682;7.59375;868.4022199764734;1800
OutputStation1;35.50;9.50;232;170;34;27.702731582792538;335.67019193440547;4.348333333333812;75.00833333333298;6.823529411764706;912.4688673101069;1800
OutputStation2;0.50;6.50;233;173;34;28.06045297752738;294.2549822687559;4.04444444444448;65.70453823585763;6.852941176470588;907.1683899654047;1800
