Ident;X;Y;Transfers;InjectedTransfers;PodsHandled;PodHandlingTimeAvg;PodHandlingTimeVar;PodHandlingTimeMin;PodHandlingTimeMax;PileOn;IdleTime;UpTime
InputStation0;0.50;12.50;0;0;0;0;0;0;0;0;1800;1800
OutputStation0;35.50;3.50;225;155;35;26.4482329412408;434.65244290742635;4.04444444444448;84.58222222222224;6.428571428571429;936.3035931288068;1800
OutputStation1;35.50;9.50;253;192;34;30.89872315473829;499.2100862774083;4.1400000000001;79.84287156919049;7.4411764705882355;827.3999709449081;1800
OutputStation2;0.50;6.50;215;155;35;25.02177056056226;389.003979256312;4.044444444444451;79.47055555555568;6.142857142857143;975.1965006626308;1800
