Ident;X;Y;Transfers;InjectedTransfers;PodsHandled;PodHandlingTimeAvg;PodHandlingTimeVar;PodHandlingTimeMin;PodHandlingTimeMax;PileOn;IdleTime;UpTime
InputStation0;0.50;12.50;0;0;0;0;0;0;0;0;1800;1800
OutputStation0;39.50;3.50;257;196;31;42.04869687921208;536.8173602760993;5.187777777777455;83.53055555555545;8.290322580645162;568.4511977096182;1800
OutputStation1;39.50;9.50;273;210;28;50.40094928814949;760.7860745433148;5.04444444444448;103.64500000000021;9.75;495.1133048449903;1800
OutputStation2;0.50;6.50;257;195;27;47.84742050321766;928.4676401813986;5.04444444444448;98.93574313838121;9.518518518518519;570.4089895898437;1800
