Ident;X;Y;Transfers;InjectedTransfers;PodsHandled;PodHandlingTimeAvg;PodHandlingTimeVar;PodHandlingTimeMin;PodHandlingTimeMax;PileOn;IdleTime;UpTime
InputStation0;0.50;12.50;0;0;0;0;0;0;0;0;1800;1800
OutputStation0;35.50;3.50;251;183;32;32.275147232276176;366.73921705056273;4.078333333333148;73.12444444444421;7.84375;835.9062699222552;1800
OutputStation1;35.50;9.50;244;180;32;31.375917207907186;443.25934622996533;4.04444444444448;85.2739826803022;7.625;863.73001438583;1800
OutputStation2;0.50;6.50;262;195;31;34.44925638841645;381.3822861728984;4.04444444444448;77.07620490252395;8.451612903225806;794.9015512964862;1800
