Ident;X;Y;Transfers;InjectedTransfers;PodsHandled;PodHandlingTimeAvg;PodHandlingTimeVar;PodHandlingTimeMin;PodHandlingTimeMax;PileOn;IdleTime;UpTime
InputStation0;0.50;12.50;0;0;0;0;0;0;0;0;1800;1800
OutputStation0;35.50;3.50;253;192;32;32.62016481816618;432.28168715050333;4.04444444444448;85.20166666666728;7.90625;829.8876333525105;1800
OutputStation1;35.50;9.50;258;196;31;33.5952001581461;489.57834995519204;4.145000000000039;83.81444444444469;8.32258064516129;811.2455771343358;1800
OutputStation2;0.50;6.50;274;218;29;38.395724983194;478.79785867108734;4.201111111111004;79.5144444444444;9.448275862068966;748.3747692596053;1800
