Ident;X;Y;Transfers;InjectedTransfers;PodsHandled;PodHandlingTimeAvg;PodHandlingTimeVar;PodHandlingTimeMin;PodHandlingTimeMax;PileOn;IdleTime;UpTime
InputStation0;0.50;12.50;0;0;0;0;0;0;0;0;1800;1800
OutputStation0;35.50;3.50;174;132;29;60.73489998824515;947.4418786718836;11.943427124746222;114.60120490252405;6;92.25803066369545;1800
OutputStation1;35.50;9.50;173;130;29;61.01792531020503;935.296008810536;11.613888888888823;123.21296536060333;5.9655172413793105;102.99423528283192;1800
OutputStation2;0.50;6.50;172;127;31;57.12715984625259;1077.788330611473;11.824444444444453;134.08111111111157;5.548387096774194;108.02357126663384;1800
