Ident;X;Y;Transfers;InjectedTransfers;PodsHandled;PodHandlingTimeAvg;PodHandlingTimeVar;PodHandlingTimeMin;PodHandlingTimeMax;PileOn;IdleTime;UpTime
InputStation0;0.50;12.50;0;0;0;0;0;0;0;0;1800;1800
OutputStation0;35.50;3.50;272;209;30;37.14408201463028;571.1326795703824;4.04444444444448;81.03323954192038;9.066666666666666;759.1518976904426;1800
OutputStation1;35.50;9.50;232;159;35;26.955101008629036;297.9534864722471;8.04444444444448;82.53388888888895;6.628571428571429;914.8594444444441;1800
OutputStation2;0.50;6.50;280;205;30;36.617873496750654;402.88134984287086;4.0622222222218625;81.4509235282867;9.333333333333334;729.2220706040339;1800
