Ident;X;Y;Transfers;InjectedTransfers;PodsHandled;PodHandlingTimeAvg;PodHandlingTimeVar;PodHandlingTimeMin;PodHandlingTimeMax;PileOn;IdleTime;UpTime
InputStation0;0.50;12.50;0;0;0;0;0;0;0;0;1800;1800
OutputStation0;35.50;3.50;228;162;34;27.2972799559602;307.1746531480792;4.053427124746577;68.9743506530312;6.705882352941177;926.5397330115899;1800
OutputStation1;35.50;9.50;270;196;30;36.64674986277318;475.10545179926714;4.166009606436319;74.78074313838158;9;767.0250855578192;1800
OutputStation2;0.50;6.50;245;190;35;28.770018362125242;299.8608769812735;4.059170263127726;63.63435836628946;7;861.0065308262137;1800
