Ident;X;Y;Transfers;InjectedTransfers;PodsHandled;PodHandlingTimeAvg;PodHandlingTimeVar;PodHandlingTimeMin;PodHandlingTimeMax;PileOn;IdleTime;UpTime
InputStation0;0.50;12.50;0;0;0;0;0;0;0;0;1800;1800
OutputStation0;35.50;3.50;258;192;33;32.04824084972451;417.54203218919184;4.04444444444448;84.43898268030193;7.818181818181818;809.7064575050667;1800
OutputStation1;35.50;9.50;227;165;37;25.217512382910318;216.05918936722162;4.125;75.96222222222264;6.135135135135135;935.3948990156669;1800
OutputStation2;0.50;6.50;279;217;32;35.433687091855234;430.8222046997586;4.04444444444448;83.86204902523889;8.71875;729.847229131698;1800
