Ident;X;Y;Transfers;InjectedTransfers;PodsHandled;PodHandlingTimeAvg;PodHandlingTimeVar;PodHandlingTimeMin;PodHandlingTimeMax;PileOn;IdleTime;UpTime
InputStation0;0.50;12.50;0;0;0;0;0;0;0;0;1800;1800
OutputStation0;35.50;3.50;240;174;32;30.296776920075505;305.7479790317855;4.04444444444448;77.80601731969887;7.5;879.1824098050583;1800
OutputStation1;35.50;9.50;221;154;36;24.764794371885504;287.53497050315445;8.04444444444448;81.55740980504822;6.138888888888889;957.0255483626447;1800
OutputStation2;0.50;6.50;241;185;34;29.009613148722774;223.75314014759027;4.288888888888778;71.07111111111135;7.088235294117647;876.739235282849;1800
