Ident;X;Y;Transfers;InjectedTransfers;PodsHandled;PodHandlingTimeAvg;PodHandlingTimeVar;PodHandlingTimeMin;PodHandlingTimeMax;PileOn;IdleTime;UpTime
InputStation0;0.50;12.50;0;0;0;0;0;0;0;0;1800;1800
OutputStation0;35.50;3.50;240;170;32;30.913267494207457;612.461186523866;4.116111111110968;84.908051959094;7.5;879.1824529625862;1800
OutputStation1;35.50;9.50;239;172;33;29.74198915618315;506.0143962858622;4.048427124746468;79.17166666666645;7.242424242424242;885.9783261403993;1800
OutputStation2;0.50;6.50;265;194;33;32.7664876017445;525.4375365720658;4.0716666666666015;77.34685424949231;8.030303030303031;786.6955483626145;1800
