Ident;X;Y;Transfers;InjectedTransfers;PodsHandled;PodHandlingTimeAvg;PodHandlingTimeVar;PodHandlingTimeMin;PodHandlingTimeMax;PileOn;IdleTime;UpTime
InputStation0;0.50;12.50;0;0;0;0;0;0;0;0;1800;1800
OutputStation0;35.50;3.50;173;138;23;77.14072902830465;3243.497899396845;10.209538235857302;206.43139248535067;7.521739130434782;109.19202025354653;1800
OutputStation1;35.50;9.50;173;137;20;82.51528679727292;4398.096921093602;10.044444444444444;208.3549999999999;8.65;106.83209965911657;1800
OutputStation2;0.50;6.50;173;133;28;63.98030715434714;1247.5900161024274;22.103333333333694;166.74518758282716;6.178571428571429;106.86911271971496;1800
