Ident;X;Y;Transfers;InjectedTransfers;PodsHandled;PodHandlingTimeAvg;PodHandlingTimeVar;PodHandlingTimeMin;PodHandlingTimeMax;PileOn;IdleTime;UpTime
InputStation0;0.50;12.50;0;0;0;0;0;0;0;0;1800;1800
OutputStation0;35.50;3.50;227;159;32;29.04129644614907;491.64665254867833;4.04444444444448;84.75833333333458;7.09375;935.1256996974128;1800
OutputStation1;35.50;9.50;241;174;34;29.39009825077208;455.0725317080624;4.04444444444448;77.02398268030163;7.088235294117647;876.4294372515544;1800
OutputStation2;0.50;6.50;237;169;34;28.54345068254612;291.1459051546272;4.123333333333221;61.939999999999884;6.970588235294118;893.3957359454573;1800
