Ident;X;Y;Transfers;InjectedTransfers;PodsHandled;PodHandlingTimeAvg;PodHandlingTimeVar;PodHandlingTimeMin;PodHandlingTimeMax;PileOn;IdleTime;UpTime
InputStation0;0.50;12.50;0;0;0;0;0;0;0;0;1800;1800
OutputStation0;31.50;3.50;173;141;17;103.16730371001205;2347.443673294499;31.925461764142938;207.98842712474766;10.176470588235293;110.18069278790989;1800
OutputStation1;31.50;9.50;173;142;18;94.52266955328281;2152.542930964611;11.542683986363272;175.39388888888905;9.61111111111111;107.7302669883829;1800
OutputStation2;0.50;6.50;173;144;16;107.61862824744347;2782.824739909758;32.83888888888896;194.95870849898517;10.8125;101.33260458081061;1800
