Ident;X;Y;Transfers;InjectedTransfers;PodsHandled;PodHandlingTimeAvg;PodHandlingTimeVar;PodHandlingTimeMin;PodHandlingTimeMax;PileOn;IdleTime;UpTime
InputStation0;0.50;12.50;0;0;0;0;0;0;0;0;1800;1800
OutputStation0;35.50;3.50;225;169;33;27.696621627976704;495.68137515604883;4.195555555555984;78.61944444444454;6.818181818181818;940.3452528299622;1800
OutputStation1;35.50;9.50;288;225;30;39.63595671020223;594.6452943499447;8.066666666666677;85.57574313838165;9.6;701.6422656632053;1800
OutputStation2;0.50;6.50;249;181;30;33.69963300428817;397.43370515478694;4.091111111111331;79.95176045808;8.3;848.674552621695;1800
