Ident;X;Y;Transfers;InjectedTransfers;PodsHandled;PodHandlingTimeAvg;PodHandlingTimeVar;PodHandlingTimeMin;PodHandlingTimeMax;PileOn;IdleTime;UpTime
InputStation0;0.50;12.50;0;0;0;0;0;0;0;0;1800;1800
OutputStation0;35.50;3.50;280;206;30;38.20685786484845;500.837434590388;4.04444444444448;84.43388888889012;9.333333333333334;731.5168182848713;1800
OutputStation1;35.50;9.50;262;191;31;34.828972907624426;771.5790912688906;4.04444444444448;85.47185424949305;8.451612903225806;795.2049062086047;1800
OutputStation2;0.50;6.50;278;201;30;37.26473785412456;410.603168227944;4.04444444444448;80.61240980504863;9.266666666666667;735.2377490060966;1800
