Ident;X;Y;Transfers;InjectedTransfers;PodsHandled;PodHandlingTimeAvg;PodHandlingTimeVar;PodHandlingTimeMin;PodHandlingTimeMax;PileOn;IdleTime;UpTime
InputStation0;0.50;12.50;0;0;0;0;0;0;0;0;1800;1800
OutputStation0;35.50;3.50;209;146;34;25.20651642615909;320.92709050322713;4.044444444444423;64.95196242675343;6.147058823529412;999.1595816767999;1800
OutputStation1;35.50;9.50;223;164;35;26.142723969075053;414.14276586511943;4.04444444444448;83.87500000000091;6.371428571428571;944.176096441857;1800
OutputStation2;0.50;6.50;276;216;33;34.25178516568676;345.9847562578243;4.04444444444448;73.1811111111117;8.363636363636363;744.6184199318247;1800
