Ident;X;Y;Transfers;InjectedTransfers;PodsHandled;PodHandlingTimeAvg;PodHandlingTimeVar;PodHandlingTimeMin;PodHandlingTimeMax;PileOn;IdleTime;UpTime
InputStation0;0.50;12.50;0;0;0;0;0;0;0;0;1800;1800
OutputStation0;35.50;3.50;265;191;30;36.44700264685193;488.205328262778;4.0649999999996;81.44102451261938;8.833333333333334;782.7736368532214;1800
OutputStation1;35.50;9.50;272;209;31;35.56206023581024;365.4820136829593;4.04444444444448;80.65111111111082;8.774193548387096;756.7678497069562;1800
OutputStation2;0.50;6.50;262;201;30;35.50508393274353;343.40761800133254;8.21750359646353;84.17018758282546;8.733333333333333;799.2685137232338;1800
