Ident;X;Y;Transfers;InjectedTransfers;PodsHandled;PodHandlingTimeAvg;PodHandlingTimeVar;PodHandlingTimeMin;PodHandlingTimeMax;PileOn;IdleTime;UpTime
InputStation0;0.50;12.50;0;0;0;0;0;0;0;0;1800;1800
OutputStation0;35.50;3.50;261;185;32;33.22163194444469;288.13414843655096;4.04444444444448;74.87074313838124;8.15625;799.0088238692114;1800
OutputStation1;35.50;9.50;223;159;36;25.07519300113645;224.93301840959137;4.251204902523966;57.965000000000714;6.194444444444445;943.5003607797973;1800
OutputStation2;0.50;6.50;213;154;35;25.029634920635008;397.8002658357886;4.060555555555652;82.2234271247471;6.085714285714285;985.8906568233117;1800
