Ident;X;Y;Transfers;InjectedTransfers;PodsHandled;PodHandlingTimeAvg;PodHandlingTimeVar;PodHandlingTimeMin;PodHandlingTimeMax;PileOn;IdleTime;UpTime
InputStation0;0.50;12.50;0;0;0;0;0;0;0;0;1800;1800
OutputStation0;35.50;3.50;214;148;37;23.557183024597112;139.9292733838016;4.4166666666667425;63.624264054540504;5.783783783783784;978.6822944348548;1800
OutputStation1;35.50;9.50;245;180;34;29.240778373469944;367.95403791597806;4.056017319698412;75.48944444444442;7.205882352941177;866.6080879236904;1800
OutputStation2;0.50;6.50;263;194;30;36.0806544009094;352.75898184988125;4.407777777777795;79.75120490252493;8.766666666666667;795.0194375348976;1800
