Ident;X;Y;Transfers;InjectedTransfers;PodsHandled;PodHandlingTimeAvg;PodHandlingTimeVar;PodHandlingTimeMin;PodHandlingTimeMax;PileOn;IdleTime;UpTime
InputStation0;0.50;12.50;0;0;0;0;0;0;0;0;1800;1800
OutputStation0;35.50;3.50;236;175;34;27.67772621115552;320.32769061422414;4.04444444444448;80.45500000000001;6.9411764705882355;897.4900578267768;1800
OutputStation1;35.50;9.50;270;213;32;34.983576838446666;367.92201796421995;4.130555555555702;76.35120490252427;8.4375;768.1675323681633;1800
OutputStation2;0.50;6.50;246;174;33;30.289851544979882;367.5156764406918;8.04444444444448;80.85333333333347;7.454545454545454;859.5867242100595;1800
