Ident;X;Y;Transfers;InjectedTransfers;PodsHandled;PodHandlingTimeAvg;PodHandlingTimeVar;PodHandlingTimeMin;PodHandlingTimeMax;PileOn;IdleTime;UpTime
InputStation0;0.50;12.50;0;0;0;0;0;0;0;0;1800;1800
OutputStation0;35.50;3.50;251;181;34;30.540109496612715;316.1564092837155;4.070461764142522;71.67658726110176;7.382352941176471;843.1740261212456;1800
OutputStation1;35.50;9.50;226;168;35;26.791792409623916;358.61673382030057;4.044444444444423;81.29129869393739;6.457142857142857;932.3243072120827;1800
OutputStation2;0.50;6.50;252;191;32;32.26360862968716;324.14253599214635;8.329437251517902;76.7917604580798;7.875;834.1112049025365;1800
