Ident;X;Y;Transfers;InjectedTransfers;PodsHandled;PodHandlingTimeAvg;PodHandlingTimeVar;PodHandlingTimeMin;PodHandlingTimeMax;PileOn;IdleTime;UpTime
InputStation0;0.50;12.50;0;0;0;0;0;0;0;0;1800;1800
OutputStation0;35.50;3.50;280;209;31;36.98115067502377;327.40394279012895;4.329999999999927;77.4149062085872;9.03225806451613;723.2164143475499;1800
OutputStation1;35.50;9.50;234;173;33;28.993949672759218;542.6955759940217;4.08055555555552;81.15676045807993;7.090909090909091;906.8162848749253;1800
OutputStation2;0.50;6.50;253;183;31;33.70208397598684;500.1306475231869;4.0592568616170865;81.06953823585695;8.161290322580646;828.9945603815038;1800
