Ident;X;Y;Transfers;InjectedTransfers;PodsHandled;PodHandlingTimeAvg;PodHandlingTimeVar;PodHandlingTimeMin;PodHandlingTimeMax;PileOn;IdleTime;UpTime
InputStation0;0.50;12.50;0;0;0;0;0;0;0;0;1800;1800
OutputStation0;35.50;3.50;234;159;34;27.942574058303027;355.0136726955904;4.129538235857353;77.32629869393688;6.882352941176471;904.8309235282834;1800
OutputStation1;35.50;9.50;248;189;33;30.756977943060757;474.900874488818;4.0854617641426785;78.96055555555586;7.515151515151516;850.1657513796258;1800
OutputStation2;0.50;6.50;234;169;33;28.94100485261675;498.44280759170067;4.04444444444448;84.06953823585724;7.090909090909091;904.2450575433725;1800
