Ident;X;Y;Transfers;InjectedTransfers;PodsHandled;PodHandlingTimeAvg;PodHandlingTimeVar;PodHandlingTimeMin;PodHandlingTimeMax;PileOn;IdleTime;UpTime
InputStation0;0.50;12.50;0;0;0;0;0;0;0;0;1800;1800
OutputStation0;35.50;3.50;239;171;35;28.147326527142223;316.92295965826986;4.04444444444448;67.29834771918763;6.828571428571428;884.72875165653;1800
OutputStation1;35.50;9.50;238;178;34;28.074101518746303;359.4281439427488;4.107871569191275;74.98769117928623;7;890.8008872802403;1800
OutputStation2;0.50;6.50;227;168;35;26.473522781963727;313.128594067749;4.044444444444451;80.06833333333316;6.485714285714286;925.3278787621022;1800
