Ident;X;Y;Transfers;InjectedTransfers;PodsHandled;PodHandlingTimeAvg;PodHandlingTimeVar;PodHandlingTimeMin;PodHandlingTimeMax;PileOn;IdleTime;UpTime
InputStation0;0.50;12.50;0;0;0;0;0;0;0;0;1800;1800
OutputStation0;35.50;3.50;226;159;35;26.399759225007283;183.0490950944055;4.04444444444448;50.99176045808008;6.457142857142857;931.9830882070935;1800
OutputStation1;35.50;9.50;260;191;33;32.48971730077991;377.0382465417457;4.081847056563674;80.4839826803017;7.878787878787879;807.8256709257275;1800
OutputStation2;0.50;6.50;247;188;33;30.537713279874666;335.4750925502409;4.138333333333776;69.63842712474627;7.484848484848484;850.6781169788176;1800
