Ident;X;Y;Transfers;InjectedTransfers;PodsHandled;PodHandlingTimeAvg;PodHandlingTimeVar;PodHandlingTimeMin;PodHandlingTimeMax;PileOn;IdleTime;UpTime
InputStation0;0.50;12.50;0;0;0;0;0;0;0;0;1800;1800
OutputStation0;35.50;3.50;252;180;32;32.24516819870538;585.8811856478667;4.122222222222035;82.72814575050751;7.875;839.4538382550173;1800
OutputStation1;35.50;9.50;258;193;33;31.723810398132834;253.40276031379545;4.390000000000327;73.66176045807961;7.818181818181818;809.9330231873998;1800
OutputStation2;0.50;6.50;230;168;35;26.757196041211877;400.17606013281176;4.04444444444448;76.78620490252388;6.571428571428571;916.123961101517;1800
