Ident;X;Y;Transfers;InjectedTransfers;PodsHandled;PodHandlingTimeAvg;PodHandlingTimeVar;PodHandlingTimeMin;PodHandlingTimeMax;PileOn;IdleTime;UpTime
InputStation0;0.50;12.50;0;0;0;0;0;0;0;0;1800;1800
OutputStation0;35.50;3.50;228;167;33;28.48259521678897;447.46346499513146;4.04444444444448;70.61157287525361;6.909090909090909;928.7373810333512;1800
OutputStation1;35.50;9.50;265;203;31;33.449534050179125;295.3933481406955;4.04444444444448;76.23944444444442;8.548387096774194;787.7438094833319;1800
OutputStation2;0.50;6.50;231;176;32;29.8370427491478;358.0564101656428;4.04444444444448;71.11833333333334;7.21875;915.5060173197093;1800
