Ident;X;Y;Transfers;InjectedTransfers;PodsHandled;PodHandlingTimeAvg;PodHandlingTimeVar;PodHandlingTimeMin;PodHandlingTimeMax;PileOn;IdleTime;UpTime
InputStation0;0.50;12.50;0;0;0;0;0;0;0;0;1800;1800
OutputStation0;35.50;3.50;216;141;34;25.42133159356805;350.1345294730742;4.04444444444448;80.38352091615707;6.352941176470588;973.1229725535161;1800
OutputStation1;35.50;9.50;258;199;32;31.65023200596558;427.0480274168851;4.251486276761852;80.02759019495488;8.0625;811.404790838415;1800
OutputStation2;0.50;6.50;240;181;35;27.865968253968386;254.9111445057749;4.102777777777874;59.22861470757198;6.857142857142857;882.8949712283036;1800
