Ident;X;Y;Transfers;InjectedTransfers;PodsHandled;PodHandlingTimeAvg;PodHandlingTimeVar;PodHandlingTimeMin;PodHandlingTimeMax;PileOn;IdleTime;UpTime
InputStation0;0.50;12.50;0;0;0;0;0;0;0;0;1800;1800
OutputStation0;35.50;3.50;226;168;31;29.968852350505454;446.4094807893451;4.04444444444448;69.52786437626764;7.290322580645161;934.8995457121772;1800
OutputStation1;35.50;9.50;229;160;36;25.870486610619515;185.82703557656657;4.231111111111204;63.94222222222197;6.361111111111111;925.4245960626434;1800
OutputStation2;0.50;6.50;219;156;34;25.827145828461322;234.67207896055965;4.04444444444448;63.13176045807961;6.4411764705882355;961.4383621050191;1800
