Ident;X;Y;Transfers;InjectedTransfers;PodsHandled;PodHandlingTimeAvg;PodHandlingTimeVar;PodHandlingTimeMin;PodHandlingTimeMax;PileOn;IdleTime;UpTime
InputStation0;0.50;12.50;0;0;0;0;0;0;0;0;1800;1800
OutputStation0;35.50;3.50;226;152;36;24.954843073695372;280.55301875051117;4.04444444444448;65.40564934696852;6.277777777777778;937.8545960626532;1800
OutputStation1;35.50;9.50;267;194;31;33.75446562315082;423.02036987711153;8.143701306063349;81.22953823585794;8.612903225806452;774.6497162335821;1800
OutputStation2;0.50;6.50;234;174;35;27.61229334252543;366.5816382074598;4.044444444444451;75.56231601363515;6.685714285714286;904.0549568424786;1800
