Ident;X;Y;Transfers;InjectedTransfers;PodsHandled;PodHandlingTimeAvg;PodHandlingTimeVar;PodHandlingTimeMin;PodHandlingTimeMax;PileOn;IdleTime;UpTime
InputStation0;0.50;12.50;0;0;0;0;0;0;0;0;1800;1800
OutputStation0;35.50;3.50;244;180;32;31.376801500679488;320.16285441022745;4.231111111110749;73.23018758282603;7.625;866.5834055459693;1800
OutputStation1;35.50;9.50;252;190;34;30.316375519147137;414.952482154009;4.116111111111195;75.20472581868307;7.411764705882353;835.6860391819013;1800
OutputStation2;0.50;6.50;230;166;35;27.229290046234453;273.41717179904776;4.193888888889433;77.1474964035383;6.571428571428571;923.8492059443696;1800
