Ident;X;Y;Transfers;InjectedTransfers;PodsHandled;PodHandlingTimeAvg;PodHandlingTimeVar;PodHandlingTimeMin;PodHandlingTimeMax;PileOn;IdleTime;UpTime
InputStation0;0.50;12.50;0;0;0;0;0;0;0;0;1800;1800
OutputStation0;35.50;3.50;210;141;37;23.030878281176637;224.21346333363456;4.0815728752536415;75.66120490252388;5.675675675675675;998.1668254778057;1800
OutputStation1;35.50;9.50;239;180;36;27.261952460199115;200.28072682352428;4.0551009843377415;67.3194444444448;6.638888888888889;889.809487601977;1800
OutputStation2;0.50;6.50;217;151;35;25.49721645168885;385.8386294760135;4.0763852924280854;77.59611111111121;6.2;972.9989323298503;1800
