Ident;X;Y;Transfers;InjectedTransfers;PodsHandled;PodHandlingTimeAvg;PodHandlingTimeVar;PodHandlingTimeMin;PodHandlingTimeMax;PileOn;IdleTime;UpTime
InputStation0;0.50;12.50;0;0;0;0;0;0;0;0;1800;1800
OutputStation0;35.50;3.50;263;195;32;33.65150636179036;450.67322088806344;4.04444444444448;71.38833333333315;8.21875;795.5055558389247;1800
OutputStation1;35.50;9.50;269;209;31;35.51742284442767;428.56783961843394;4.118239541920275;77.11055555555564;8.67741935483871;769.1973810333493;1800
OutputStation2;0.50;6.50;287;221;31;37.583676387453224;376.86545344576683;4.292777777777928;73.18833333333373;9.258064516129032;701.6694588302994;1800
