Ident;X;Y;Transfers;InjectedTransfers;PodsHandled;PodHandlingTimeAvg;PodHandlingTimeVar;PodHandlingTimeMin;PodHandlingTimeMax;PileOn;IdleTime;UpTime
InputStation0;0.50;12.50;0;0;0;0;0;0;0;0;1800;1800
OutputStation0;35.50;3.50;239;170;33;28.940131184068765;440.11952597919225;4.070555555555302;68.8138888888891;7.242424242424242;887.5741127197437;1800
OutputStation1;35.50;9.50;271;218;32;35.04984149335457;371.0783465944474;4.044444444444444;79.50889608180967;8.46875;765.631926745594;1800
OutputStation2;0.50;6.50;231;172;31;30.35340757939131;386.2284522385801;4.044444444444451;70.90333333333353;7.451612903225806;913.0702597954581;1800
