Ident;X;Y;Transfers;InjectedTransfers;PodsHandled;PodHandlingTimeAvg;PodHandlingTimeVar;PodHandlingTimeMin;PodHandlingTimeMax;PileOn;IdleTime;UpTime
InputStation0;0.50;12.50;0;0;0;0;0;0;0;0;1800;1800
OutputStation0;35.50;3.50;244;179;31;32.427395614662686;508.22501621222665;4.124444444444407;77.86564934696867;7.870967741935484;867.675656539898;1800
OutputStation1;35.50;9.50;258;198;33;32.18468275887679;482.8412345686165;4.04444444444448;78.79036797272931;7.818181818181818;810.2774892106141;1800
OutputStation2;0.50;6.50;283;220;27;41.51469803913228;521.2169505848623;8.08888888888896;81.07360751464887;10.481481481481481;716.8994012869082;1800
