Ident;X;Y;Transfers;InjectedTransfers;PodsHandled;PodHandlingTimeAvg;PodHandlingTimeVar;PodHandlingTimeMin;PodHandlingTimeMax;PileOn;IdleTime;UpTime
InputStation0;0.50;12.50;0;0;0;0;0;0;0;0;1800;1800
OutputStation0;35.50;3.50;295;226;30;40.04092472710493;583.0446167123347;4.0870346393965065;82.02296536060345;9.833333333333334;672.087720517783;1800
OutputStation1;35.50;9.50;261;189;33;32.03152018194077;329.3451439118413;12.135093791413055;79.46740980504842;7.909090909090909;799.6118955802599;1800
OutputStation2;0.50;6.50;243;174;33;30.363713102065596;524.7577669550783;4.04444444444448;78.09119770960228;7.363636363636363;872.5760119535378;1800
