Ident;X;Y;Transfers;InjectedTransfers;PodsHandled;PodHandlingTimeAvg;PodHandlingTimeVar;PodHandlingTimeMin;PodHandlingTimeMax;PileOn;IdleTime;UpTime
InputStation0;0.50;12.50;0;0;0;0;0;0;0;0;1800;1800
OutputStation0;35.50;3.50;258;184;33;31.79716625081099;416.45656200345854;4.04444444444448;81.67722222222204;7.818181818181818;814.2864934696809;1800
OutputStation1;35.50;9.50;268;204;32;34.48570864979496;305.6569955682668;8.55444444444447;68.12202025355123;8.375;774.2358585085658;1800
OutputStation2;0.50;6.50;255;190;35;30.002626881370936;339.2693187635295;4.132316013636682;76.78443725152269;7.285714285714286;821.3014865601708;1800
