Ident;X;Y;Transfers;InjectedTransfers;PodsHandled;PodHandlingTimeAvg;PodHandlingTimeVar;PodHandlingTimeMin;PodHandlingTimeMax;PileOn;IdleTime;UpTime
InputStation0;0.50;12.50;0;0;0;0;0;0;0;0;1800;1800
OutputStation0;35.50;3.50;255;195;35;29.62677221275642;384.6998932773857;4.04444444444448;70.44129869393703;7.285714285714286;824.069018928359;1800
OutputStation1;35.50;9.50;247;187;34;29.537317502867065;369.78833700707094;4.04444444444448;71.20287156919062;7.264705882352941;852.2348196100891;1800
OutputStation2;0.50;6.50;251;188;33;31.19811032814647;269.03519481736964;4.330000000000041;73.01953823585836;7.606060606060606;842.6247332950246;1800
