Ident;X;Y;Transfers;InjectedTransfers;PodsHandled;PodHandlingTimeAvg;PodHandlingTimeVar;PodHandlingTimeMin;PodHandlingTimeMax;PileOn;IdleTime;UpTime
InputStation0;0.50;12.50;0;0;0;0;0;0;0;0;1800;1800
OutputStation0;35.50;3.50;227;156;35;26.78367140964;305.69393191203295;4.170555555555666;73.12582254395085;6.485714285714286;930.1729222030832;1800
OutputStation1;35.50;9.50;245;173;35;28.266859822612034;323.17956119191734;4.214718625762316;79.48564934697015;7;858.2410388984774;1800
OutputStation2;0.50;6.50;244;181;33;29.618305565595186;327.37447495839893;4.04444444444448;73.19222222222237;7.393939393939394;868.0251009843191;1800
