Ident;X;Y;Transfers;InjectedTransfers;PodsHandled;PodHandlingTimeAvg;PodHandlingTimeVar;PodHandlingTimeMin;PodHandlingTimeMax;PileOn;IdleTime;UpTime
InputStation0;0.50;12.50;0;0;0;0;0;0;0;0;1800;1800
OutputStation0;35.50;3.50;234;165;34;28.307075163398657;414.8028051355246;4.04444444444448;81.15111111111094;6.882352941176471;904.7364284499724;1800
OutputStation1;35.50;9.50;266;195;30;36.11883669947808;380.86940456247044;4.248888888888814;76.24999999999966;8.866666666666667;782.9322800489995;1800
OutputStation2;0.50;6.50;252;187;31;33.095791323965564;564.1196359553135;4.317222222221972;79.37666666666644;8.129032258064516;829.2795382358383;1800
