Ident;X;Y;Transfers;InjectedTransfers;PodsHandled;PodHandlingTimeAvg;PodHandlingTimeVar;PodHandlingTimeMin;PodHandlingTimeMax;PileOn;IdleTime;UpTime
InputStation0;0.50;12.50;0;0;0;0;0;0;0;0;1800;1800
OutputStation0;35.50;3.50;221;157;39;23.226581381015173;219.47169292535506;4.171948040905477;66.16333333333387;5.666666666666667;957.4112049025275;1800
OutputStation1;35.50;9.50;243;174;35;28.627061017821106;262.0992344694121;4.044444444444423;71.80510098434297;6.942857142857143;872.6755339767958;1800
OutputStation2;0.50;6.50;217;160;36;24.72472202241867;231.64082477906993;4.04444444444448;65.11101731969808;6.027777777777778;966.0197114328378;1800
