Ident;X;Y;Transfers;InjectedTransfers;PodsHandled;PodHandlingTimeAvg;PodHandlingTimeVar;PodHandlingTimeMin;PodHandlingTimeMax;PileOn;IdleTime;UpTime
InputStation0;0.50;12.50;0;0;0;0;0;0;0;0;1800;1800
OutputStation0;35.50;3.50;269;204;32;33.98819444444439;326.76398899821845;4.04444444444448;69.9119480409056;8.40625;772.1534055459795;1800
OutputStation1;35.50;9.50;247;174;35;28.63902164354945;258.0737803785544;8.368888888888705;81.5095382358578;7.057142857142857;852.5080660615263;1800
OutputStation2;0.50;6.50;226;164;36;25.943020080134172;264.98522729121686;4.160555555555561;82.14833333333337;6.277777777777778;932.6707431383758;1800
