Ident;X;Y;Transfers;InjectedTransfers;PodsHandled;PodHandlingTimeAvg;PodHandlingTimeVar;PodHandlingTimeMin;PodHandlingTimeMax;PileOn;IdleTime;UpTime
InputStation0;0.50;12.50;0;0;0;0;0;0;0;0;1800;1800
OutputStation0;35.50;3.50;265;202;32;33.96279784509185;325.9218579075796;8.04444444444448;83.0466666666673;8.28125;784.8496898540561;1800
OutputStation1;35.50;9.50;242;185;35;27.353843949595962;332.3271664963978;4.04444444444448;70.09898268030236;6.914285714285715;871.1534055459792;1800
OutputStation2;0.50;6.50;239;183;34;29.18427849873722;279.46232389731944;4.04444444444448;67.74981961009644;7.029411764705882;884.5698268030078;1800
