Ident;X;Y;Transfers;InjectedTransfers;PodsHandled;PodHandlingTimeAvg;PodHandlingTimeVar;PodHandlingTimeMin;PodHandlingTimeMax;PileOn;IdleTime;UpTime
InputStation0;0.50;12.50;0;0;0;0;0;0;0;0;1800;1800
OutputStation0;35.50;3.50;269;198;29;37.49044086105866;389.002975385712;8.48277777777821;82.00398268030168;9.275862068965518;766.4136075146571;1800
OutputStation1;35.50;9.50;252;178;33;31.382381609963648;343.77763144351275;8.10833333333332;80.61721502929913;7.636363636363637;836.1332755065255;1800
OutputStation2;0.50;6.50;270;197;30;36.62257744021858;407.9608151704164;8.114350653029987;72.39879509747607;9;764.624538235856;1800
