Ident;X;Y;Transfers;InjectedTransfers;PodsHandled;PodHandlingTimeAvg;PodHandlingTimeVar;PodHandlingTimeMin;PodHandlingTimeMax;PileOn;IdleTime;UpTime
InputStation0;0.50;12.50;0;0;0;0;0;0;0;0;1800;1800
OutputStation0;35.50;3.50;213;151;34;25.773809736556792;347.75558739544044;4.048888888888769;69.41500000000042;6.264705882352941;984.6444660232064;1800
OutputStation1;35.50;9.50;252;188;34;30.573273490998147;414.5395294597815;4.04444444444448;75.65342712474671;7.411764705882353;836.2204545712322;1800
OutputStation2;0.50;6.50;228;169;33;28.63278040197437;487.68068198050133;4.150461764143074;79.54287156919065;6.909090909090909;933.4786008885613;1800
