Ident;X;Y;Transfers;InjectedTransfers;PodsHandled;PodHandlingTimeAvg;PodHandlingTimeVar;PodHandlingTimeMin;PodHandlingTimeMax;PileOn;IdleTime;UpTime
InputStation0;0.50;12.50;0;0;0;0;0;0;0;0;1800;1800
OutputStation0;35.50;3.50;268;199;29;37.99410682932712;485.61942880983287;4.126305886862383;74.03944444444528;9.241379310344827;774.1302669883812;1800
OutputStation1;35.50;9.50;242;181;33;29.67344243399151;486.7898246252323;4.04444444444448;76.31815294342982;7.333333333333333;872.6296392201925;1800
OutputStation2;0.50;6.50;250;192;31;33.05347693453878;614.4991499223926;4.04444444444448;84.6273160136351;8.064516129032258;837.7950937914216;1800
