Ident;X;Y;Transfers;InjectedTransfers;PodsHandled;PodHandlingTimeAvg;PodHandlingTimeVar;PodHandlingTimeMin;PodHandlingTimeMax;PileOn;IdleTime;UpTime
InputStation0;0.50;12.50;0;0;0;0;0;0;0;0;1800;1800
OutputStation0;35.50;3.50;251;187;33;31.276416983578365;503.97792153770024;4.04444444444448;84.2877777777785;7.606060606060606;840.6542496686799;1800
OutputStation1;35.50;9.50;269;209;34;32.39922396198743;327.0675850003997;4.414444444444371;73.18777777777836;7.911764705882353;767.8671862575678;1800
OutputStation2;0.50;6.50;218;147;34;26.322609073499954;232.48654622383415;4.238888888888823;69.66111111111104;6.411764705882353;964.3821356237339;1800
