Ident;X;Y;Transfers;InjectedTransfers;PodsHandled;PodHandlingTimeAvg;PodHandlingTimeVar;PodHandlingTimeMin;PodHandlingTimeMax;PileOn;IdleTime;UpTime
InputStation0;0.50;12.50;0;0;0;0;0;0;0;0;1800;1800
OutputStation0;35.50;3.50;222;159;32;28.25563356816627;321.47733734303233;4.070555555555643;75.62602451262012;6.9375;948.4502795651113;1800
OutputStation1;35.50;9.50;242;186;35;28.526314780562842;405.524758755867;4.072316013635145;74.43277777777814;6.914285714285715;870.5509756878739;1800
OutputStation2;0.50;6.50;225;170;33;27.97071319096989;507.96897604780116;4.172691179286403;82.11722222222193;6.818181818181818;938.5724748247678;1800
