Ident;X;Y;Transfers;InjectedTransfers;PodsHandled;PodHandlingTimeAvg;PodHandlingTimeVar;PodHandlingTimeMin;PodHandlingTimeMax;PileOn;IdleTime;UpTime
InputStation0;0.50;12.50;0;0;0;0;0;0;0;0;1800;1800
OutputStation0;35.50;3.50;201;134;38;21.657807963980982;184.22407980225938;4.04444444444448;62.72722222222296;5.2894736842105265;1029.464430342032;1800
OutputStation1;35.50;9.50;229;164;35;26.991876106651887;300.8475853475308;4.04444444444448;75.49269117928759;6.542857142857143;924.1207575242441;1800
OutputStation2;0.50;6.50;244;176;32;31.17417027198514;474.9269366738031;4.04444444444448;74.69398268030193;7.625;869.4924673484495;1800
