Ident;X;Y;Transfers;InjectedTransfers;PodsHandled;PodHandlingTimeAvg;PodHandlingTimeVar;PodHandlingTimeMin;PodHandlingTimeMax;PileOn;IdleTime;UpTime
InputStation0;0.50;12.50;0;0;0;0;0;0;0;0;1800;1800
OutputStation0;35.50;3.50;262;192;30;35.392901873938655;431.3434540494216;8.239999999999782;80.85093072120708;8.733333333333333;796.3216013635033;1800
OutputStation1;35.50;9.50;248;185;33;30.701964230608752;223.31550001969205;8.121486276762653;64.13944444444041;7.515151515151516;847.2894228656783;1800
OutputStation2;0.50;6.50;252;183;31;32.35115229158966;443.14153004592254;4.311666666666611;79.3141702631275;8.129032258064516;835.1251793492282;1800
