Ident;X;Y;Transfers;InjectedTransfers;PodsHandled;PodHandlingTimeAvg;PodHandlingTimeVar;PodHandlingTimeMin;PodHandlingTimeMax;PileOn;IdleTime;UpTime
InputStation0;0.50;12.50;0;0;0;0;0;0;0;0;1800;1800
OutputStation0;35.50;3.50;240;178;33;29.299700465763042;408.5764580473892;4.110461764142201;75.39444444444484;7.2727272727272725;883.3750287716942;1800
OutputStation1;35.50;9.50;239;182;33;29.605183214890623;305.1379513187899;4.046572875253787;63.10333333333335;7.242424242424242;885.7037084989769;1800
OutputStation2;0.50;6.50;257;189;30;34.9486077449666;373.6914563784962;4.04444444444448;65.36352091615981;8.566666666666666;815.8416522808051;1800
