Ident;X;Y;Transfers;InjectedTransfers;PodsHandled;PodHandlingTimeAvg;PodHandlingTimeVar;PodHandlingTimeMin;PodHandlingTimeMax;PileOn;IdleTime;UpTime
InputStation0;0.50;12.50;0;0;0;0;0;0;0;0;1800;1800
OutputStation0;35.50;3.50;240;169;33;29.43692224766363;482.71048325706437;4.082222222222754;81.7377777777778;7.2727272727272725;887.5767029146994;1800
OutputStation1;35.50;9.50;281;213;29;38.94459770114953;761.598831840409;4.04444444444448;85.85777777777889;9.689655172413794;725.0960173196918;1800
OutputStation2;0.50;6.50;265;186;32;34.17548069870552;487.2228662847873;4.125;81.63453823585758;8.28125;780.6128065494566;1800
