Ident;X;Y;Transfers;InjectedTransfers;PodsHandled;PodHandlingTimeAvg;PodHandlingTimeVar;PodHandlingTimeMin;PodHandlingTimeMax;PileOn;IdleTime;UpTime
InputStation0;0.50;12.50;0;0;0;0;0;0;0;0;1800;1800
OutputStation0;35.50;3.50;256;184;33;32.007569419345394;287.98090325600253;8.04444444444448;68.63083692979467;7.757575757575758;822.2238894556942;1800
OutputStation1;35.50;9.50;236;173;34;28.2661321135613;318.7937078970725;4.062222222222232;74.52240980504939;6.9411764705882355;896.9002738979119;1800
OutputStation2;0.50;6.50;235;173;33;28.733710259901393;427.72316493761247;4.069632027270245;77.20833333333343;7.121212121212121;903.587445769665;1800
