Ident;X;Y;Transfers;InjectedTransfers;PodsHandled;PodHandlingTimeAvg;PodHandlingTimeVar;PodHandlingTimeMin;PodHandlingTimeMax;PileOn;IdleTime;UpTime
InputStation0;0.50;12.50;0;0;0;0;0;0;0;0;1800;1800
OutputStation0;35.50;3.50;227;165;34;27.163262456714104;416.13646494859955;4.0449999999999875;67.54526698839481;6.676470588235294;927.7451007009148;1800
OutputStation1;35.50;9.50;246;176;33;30.61251431980378;334.8374921631907;4.04444444444448;72.01722222222259;7.454545454545454;855.8426045807739;1800
OutputStation2;0.50;6.50;198;135;36;22.607889814282633;180.92366915757066;4.079444444444334;62.337777777778;5.5;1041.036551579915;1800
