Ident;X;Y;Transfers;InjectedTransfers;PodsHandled;PodHandlingTimeAvg;PodHandlingTimeVar;PodHandlingTimeMin;PodHandlingTimeMax;PileOn;IdleTime;UpTime
InputStation0;0.50;12.50;0;0;0;0;0;0;0;0;1800;1800
OutputStation0;35.50;3.50;260;202;30;35.364769075918964;475.6668460716239;4.04444444444448;80.22333333333336;8.666666666666666;809.4899709448778;1800
OutputStation1;35.50;9.50;273;210;32;34.619564141815566;460.9454360516859;4.125;78.03010098433435;8.53125;754.4724167680339;1800
OutputStation2;0.50;6.50;278;209;30;38.21112505519306;564.361626780468;4.379906208586817;83.60361470757202;9.266666666666667;731.9827944535438;1800
