Ident;X;Y;Transfers;InjectedTransfers;PodsHandled;PodHandlingTimeAvg;PodHandlingTimeVar;PodHandlingTimeMin;PodHandlingTimeMax;PileOn;IdleTime;UpTime
InputStation0;0.50;12.50;0;0;0;0;0;0;0;0;1800;1800
OutputStation0;35.50;3.50;189;130;38;20.348673383850247;304.08569079687237;4.04444444444448;79.30525260255195;4.973684210526316;1078.0333408096726;1800
OutputStation1;35.50;9.50;276;222;34;32.872449914273716;372.86162803807764;4.27262615955965;83.75009379141807;8.117647058823529;736.7538238691707;1800
OutputStation2;0.50;6.50;213;152;35;24.901156666940008;388.1520564549066;4.123333333332766;72.39777777777817;6.085714285714285;980.018737554074;1800
