Ident;X;Y;Transfers;InjectedTransfers;PodsHandled;PodHandlingTimeAvg;PodHandlingTimeVar;PodHandlingTimeMin;PodHandlingTimeMax;PileOn;IdleTime;UpTime
InputStation0;0.50;12.50;0;0;0;0;0;0;0;0;1800;1800
OutputStation0;35.50;3.50;247;178;34;29.670901028268343;388.42240852189053;4.04444444444448;71.59591633536456;7.264705882352941;857.2919624267448;1800
OutputStation1;35.50;9.50;233;169;35;27.50638404315968;301.876063586544;4.04444444444448;75.95944444444439;6.6571428571428575;910.4156130989229;1800
OutputStation2;0.50;6.50;250;181;34;29.989074144592983;309.2707173257319;4.116111111110968;75.46935065303194;7.352941176470588;842.4204617641542;1800
