Ident;X;Y;Transfers;InjectedTransfers;PodsHandled;PodHandlingTimeAvg;PodHandlingTimeVar;PodHandlingTimeMin;PodHandlingTimeMax;PileOn;IdleTime;UpTime
InputStation0;0.50;12.50;0;0;0;0;0;0;0;0;1800;1800
OutputStation0;35.50;3.50;258;188;35;30.167550401558383;400.0442034183944;4.08055555555552;81.21555555555642;7.371428571428571;814.6734127389057;1800
OutputStation1;35.50;9.50;233;181;34;28.30335264333027;444.7910741114955;4.04444444444448;78.54111111111183;6.852941176470588;908.176017319673;1800
OutputStation2;0.50;6.50;241;180;34;29.400849884759314;247.8212560957787;4.04444444444448;63.201760458079775;7.088235294117647;878.0549568424617;1800
