Ident;X;Y;Transfers;InjectedTransfers;PodsHandled;PodHandlingTimeAvg;PodHandlingTimeVar;PodHandlingTimeMin;PodHandlingTimeMax;PileOn;IdleTime;UpTime
InputStation0;0.50;12.50;0;0;0;0;0;0;0;0;1800;1800
OutputStation0;35.50;3.50;237;166;34;28.48298743750738;335.18433651645734;8.154906208587363;73.67444444444368;6.970588235294118;892.5842424757778;1800
OutputStation1;35.50;9.50;265;193;31;34.11800795918844;353.61661052127533;4.170555555555609;77.25194084798329;8.548387096774194;780.8145670075351;1800
OutputStation2;0.50;6.50;248;189;31;32.791777219077545;574.0412154246889;4.125555555555593;81.27407647171458;8;845.0670780803435;1800
