Ident;X;Y;Transfers;InjectedTransfers;PodsHandled;PodHandlingTimeAvg;PodHandlingTimeVar;PodHandlingTimeMin;PodHandlingTimeMax;PileOn;IdleTime;UpTime
InputStation0;0.50;12.50;0;0;0;0;0;0;0;0;1800;1800
OutputStation0;35.50;3.50;248;179;32;31.920989583333387;279.20190324603016;4.04444444444448;66.05120490252406;7.75;846.4942280899343;1800
OutputStation1;35.50;9.50;291;220;32;36.81124391325777;452.4150878809971;4.093795097475322;74.90518038990103;9.09375;686.4447977479118;1800
OutputStation2;0.50;6.50;273;208;30;37.08477176478114;415.6625396224058;8.464444444444553;83.93574313838133;9.1;752.6360245126141;1800
