Ident;X;Y;Transfers;InjectedTransfers;PodsHandled;PodHandlingTimeAvg;PodHandlingTimeVar;PodHandlingTimeMin;PodHandlingTimeMax;PileOn;IdleTime;UpTime
InputStation0;0.50;12.50;0;0;0;0;0;0;0;0;1800;1800
OutputStation0;35.50;3.50;218;157;35;25.337417646897848;413.7102327064519;4.069444444444116;76.73509379141282;6.228571428571429;962.8473016277887;1800
OutputStation1;35.50;9.50;245;180;33;30.70061721129488;326.8641242920294;4.188427124746795;74.383795097476;7.424242424242424;861.028196384375;1800
OutputStation2;0.50;6.50;203;136;35;23.899330448066596;316.4675798180728;4.04444444444448;71.39490620858749;5.8;1024.916854249489;1800
