Ident;X;Y;Transfers;InjectedTransfers;PodsHandled;PodHandlingTimeAvg;PodHandlingTimeVar;PodHandlingTimeMin;PodHandlingTimeMax;PileOn;IdleTime;UpTime
InputStation0;0.50;12.50;0;0;0;0;0;0;0;0;1800;1800
OutputStation0;35.50;3.50;251;185;33;31.478919716758515;380.0664048852094;4.1010173196987125;79.37222222222294;7.606060606060606;838.4060751465;1800
OutputStation1;35.50;9.50;211;146;36;23.54826158327716;230.70647211863545;4.04444444444448;70.42564934696838;5.861111111111111;991.6968830211802;1800
OutputStation2;0.50;6.50;246;182;33;30.690436838567937;420.83270193497566;4.044444444444423;80.17860751464934;7.454545454545454;856.8452022520645;1800
