Ident;X;Y;Transfers;InjectedTransfers;PodsHandled;PodHandlingTimeAvg;PodHandlingTimeVar;PodHandlingTimeMin;PodHandlingTimeMax;PileOn;IdleTime;UpTime
InputStation0;0.50;12.50;0;0;0;0;0;0;0;0;1800;1800
OutputStation0;35.50;3.50;241;166;35;27.444838590086448;315.15346043829555;4.04444444444448;71.74676045807928;6.885714285714286;876.2145888697099;1800
OutputStation1;35.50;9.50;267;203;31;35.70873364962525;470.2252048351487;4.160555555555447;82.09990620858753;8.612903225806452;776.2280519590936;1800
OutputStation2;0.50;6.50;253;188;33;31.381464428497107;295.61550951208915;4.239256861618287;76.20157287525376;7.666666666666667;829.4796392201938;1800
