Ident;X;Y;Transfers;InjectedTransfers;PodsHandled;PodHandlingTimeAvg;PodHandlingTimeVar;PodHandlingTimeMin;PodHandlingTimeMax;PileOn;IdleTime;UpTime
InputStation0;0.50;12.50;0;0;0;0;0;0;0;0;1800;1800
OutputStation0;35.50;3.50;246;183;34;29.830079566929147;348.7717365684763;4.077316013635027;73.287871569191;7.235294117647059;860.0789613910912;1800
OutputStation1;35.50;9.50;253;202;33;30.877943285782198;435.8227464364016;4.0588888888887595;81.61888888888916;7.666666666666667;834.4719552338407;1800
OutputStation2;0.50;6.50;243;186;32;31.304779947264425;428.9826583065859;4.246847201343371;78.96842712474643;7.59375;870.7381096472693;1800
