Ident;X;Y;Transfers;InjectedTransfers;PodsHandled;PodHandlingTimeAvg;PodHandlingTimeVar;PodHandlingTimeMin;PodHandlingTimeMax;PileOn;IdleTime;UpTime
InputStation0;0.50;12.50;0;0;0;0;0;0;0;0;1800;1800
OutputStation0;35.50;3.50;230;159;35;26.970111316623285;319.4354152371594;4.04444444444448;76.00842712474662;6.571428571428571;921.773975487379;1800
OutputStation1;35.50;9.50;252;189;33;31.575156109642986;427.52454503792677;4.04444444444448;75.6686147075718;7.636363636363637;835.1129869393544;1800
OutputStation2;0.50;6.50;236;171;32;30.694087754940984;285.51648543827446;4.073427124746104;84.53867972729893;7.375;897.7616519973957;1800
