Ident;X;Y;Transfers;InjectedTransfers;PodsHandled;PodHandlingTimeAvg;PodHandlingTimeVar;PodHandlingTimeMin;PodHandlingTimeMax;PileOn;IdleTime;UpTime
InputStation0;0.50;12.50;0;0;0;0;0;0;0;0;1800;1800
OutputStation0;35.50;3.50;245;172;32;31.546348754260915;435.402624431823;4.04444444444448;81.65222222222337;7.65625;866.0352813742519;1800
OutputStation1;35.50;9.50;240;182;34;29.043232535546633;344.72824404252975;4.072871569190738;80.8911111111122;7.0588235294117645;884.9642928262301;1800
OutputStation2;0.50;6.50;211;147;34;24.798259909699723;284.27287346171465;4.143888888889251;79.76777777777806;6.205882352941177;995.5388745030518;1800
