Ident;X;Y;Transfers;InjectedTransfers;PodsHandled;PodHandlingTimeAvg;PodHandlingTimeVar;PodHandlingTimeMin;PodHandlingTimeMax;PileOn;IdleTime;UpTime
InputStation0;0.50;12.50;0;0;0;0;0;0;0;0;1800;1800
OutputStation0;35.50;3.50;226;161;32;28.697405075835977;249.76975314008982;4.064076471714316;59.13926405454117;7.0625;933.6615872610932;1800
OutputStation1;35.50;9.50;218;157;36;25.00965287767956;286.1853347196452;4.086111111110995;79.02009379141373;6.055555555555555;966.7665656823289;1800
OutputStation2;0.50;6.50;222;166;33;27.264761903535042;428.01353626838585;4.044444444444423;77.70620490252406;6.7272727272727275;947.5247764525541;1800
