Ident;X;Y;Transfers;InjectedTransfers;PodsHandled;PodHandlingTimeAvg;PodHandlingTimeVar;PodHandlingTimeMin;PodHandlingTimeMax;PileOn;IdleTime;UpTime
InputStation0;0.50;12.50;0;0;0;0;0;0;0;0;1800;1800
OutputStation0;35.50;3.50;250;183;34;30.131404382531674;444.8540766912392;4.207222222222413;84.16759019495208;7.352941176470588;842.2788598337967;1800
OutputStation1;35.50;9.50;256;193;33;31.54658795794317;456.5964180503753;4.195555555555302;80.41722222222225;7.757575757575758;821.1865872611036;1800
OutputStation2;0.50;6.50;250;190;31;32.71154401213777;563.3781950944164;4.04444444444448;83.09388888888898;8.064516129032258;841.5420565015768;1800
