Ident;X;Y;Transfers;InjectedTransfers;PodsHandled;PodHandlingTimeAvg;PodHandlingTimeVar;PodHandlingTimeMin;PodHandlingTimeMax;PileOn;IdleTime;UpTime
InputStation0;0.50;12.50;0;0;0;0;0;0;0;0;1800;1800
OutputStation0;35.50;3.50;246;186;34;29.45201532106361;209.06795098239797;4.411659473743839;68.74277777777843;7.235294117647059;860.1480591520242;1800
OutputStation1;35.50;9.50;247;181;33;30.522606367477994;446.64324675484954;4.04444444444448;73.5094444444444;7.484848484848484;858.3562771151646;1800
OutputStation2;0.50;6.50;225;162;33;27.73164742542059;388.80700660844747;8.096111111110531;74.32176045807952;6.818181818181818;940.5615728752464;1800
