Ident;X;Y;Transfers;InjectedTransfers;PodsHandled;PodHandlingTimeAvg;PodHandlingTimeVar;PodHandlingTimeMin;PodHandlingTimeMax;PileOn;IdleTime;UpTime
InputStation0;0.50;12.50;0;0;0;0;0;0;0;0;1800;1800
OutputStation0;35.50;3.50;250;180;33;31.402220033960468;483.81581189615156;4.071111111110895;79.47120490252382;7.575757575757576;846.1528065494624;1800
OutputStation1;35.50;9.50;209;151;36;23.770105019767527;354.20232704588176;4.053333333333512;76.98629869393682;5.805555555555555;1001.1260967252525;1800
OutputStation2;0.50;6.50;235;172;30;32.07358681936012;487.4113002541551;4.04444444444448;81.20333333333335;7.833333333333333;897.9080231874011;1800
