Ident;X;Y;Transfers;InjectedTransfers;PodsHandled;PodHandlingTimeAvg;PodHandlingTimeVar;PodHandlingTimeMin;PodHandlingTimeMax;PileOn;IdleTime;UpTime
InputStation0;0.50;12.50;0;0;0;0;0;0;0;0;1800;1800
OutputStation0;35.50;3.50;254;185;33;31.395813547168796;509.28221941227514;4.04444444444448;81.39212843080936;7.696969696969697;826.1707721934924;1800
OutputStation1;35.50;9.50;250;179;34;29.58930035574844;425.1777902659122;4.183145750507265;82.87731601363515;7.352941176470588;839.62502877169;1800
OutputStation2;0.50;6.50;249;184;35;29.083685630461424;317.9765744463528;4.04444444444448;76.21222222222218;7.114285714285714;847.9267964226908;1800
