Ident;X;Y;Transfers;InjectedTransfers;PodsHandled;PodHandlingTimeAvg;PodHandlingTimeVar;PodHandlingTimeMin;PodHandlingTimeMax;PileOn;IdleTime;UpTime
InputStation0;0.50;12.50;0;0;0;0;0;0;0;0;1800;1800
OutputStation0;35.50;3.50;282;194;30;38.898718856077686;632.3447991906262;8.21388888888896;84.25129869393652;9.4;718.2964068711885;1800
OutputStation1;35.50;9.50;268;195;31;35.5946411130014;820.1501909671937;4.04444444444448;81.09342712474665;8.64516129032258;774.8726986556306;1800
OutputStation2;0.50;6.50;277;193;31;36.2521356420169;546.6176358138624;4.068888888888523;85.11388888888894;8.935483870967742;740.0262192883712;1800
