Ident;X;Y;Transfers;InjectedTransfers;PodsHandled;PodHandlingTimeAvg;PodHandlingTimeVar;PodHandlingTimeMin;PodHandlingTimeMax;PileOn;IdleTime;UpTime
InputStation0;0.50;12.50;0;0;0;0;0;0;0;0;1800;1800
OutputStation0;35.50;3.50;239;171;35;27.9714263026983;285.0303759650937;4.162229415144793;63.36740261212651;6.828571428571428;884.5728140258028;1800
OutputStation1;35.50;9.50;251;196;32;31.546050234832745;454.5072006727941;4.143795097475902;80.94444444444446;7.84375;840.6834271247462;1800
OutputStation2;0.50;6.50;237;179;35;28.08852587274211;330.99886041637615;4.04444444444448;79.0339826803031;6.771428571428571;893.5044804090462;1800
