Ident;X;Y;Transfers;InjectedTransfers;PodsHandled;PodHandlingTimeAvg;PodHandlingTimeVar;PodHandlingTimeMin;PodHandlingTimeMax;PileOn;IdleTime;UpTime
InputStation0;0.50;12.50;0;0;0;0;0;0;0;0;1800;1800
OutputStation0;35.50;3.50;228;163;35;26.94020587789162;277.64416762079344;4.053787904559385;68.3112049025242;6.514285714285714;928.3664068711656;1800
OutputStation1;35.50;9.50;227;171;36;25.634714006664506;196.05311073844882;4.17277777777781;55.581204902524064;6.305555555555555;929.667770301465;1800
OutputStation2;0.50;6.50;251;183;33;31.2393687958524;264.9671970114431;4.36333333333323;63.69944444444449;7.606060606060606;840.7527903368648;1800
