Ident;X;Y;Transfers;InjectedTransfers;PodsHandled;PodHandlingTimeAvg;PodHandlingTimeVar;PodHandlingTimeMin;PodHandlingTimeMax;PileOn;IdleTime;UpTime
InputStation0;0.50;12.50;0;0;0;0;0;0;0;0;1800;1800
OutputStation0;35.50;3.50;258;189;32;33.10702695859713;391.19006549930856;4.04444444444448;66.7196320272709;8.0625;812.9599518930938;1800
OutputStation1;35.50;9.50;286;222;31;37.65250186687288;505.9155729469601;4.220000000000255;80.40509379141298;9.225806451612904;698.8533405262464;1800
OutputStation2;0.50;6.50;251;192;30;34.62085914924604;390.1973769838389;4.104116778734806;75.61611111111108;8.366666666666667;837.5658159120237;1800
