Ident;X;Y;Transfers;InjectedTransfers;PodsHandled;PodHandlingTimeAvg;PodHandlingTimeVar;PodHandlingTimeMin;PodHandlingTimeMax;PileOn;IdleTime;UpTime
InputStation0;0.50;12.50;0;0;0;0;0;0;0;0;1800;1800
OutputStation0;35.50;3.50;234;169;34;28.238439436705374;260.37674779635995;4.054538235856967;63.159444444444034;6.882352941176471;904.0014575050698;1800
OutputStation1;35.50;9.50;249;181;34;29.97964052287592;392.6011757029104;4.04444444444448;75.50601731969812;7.323529411764706;847.124567007543;1800
OutputStation2;0.50;6.50;225;159;35;26.171804369812232;302.9700889609067;4.20555555555552;77.696666666667;6.428571428571429;934.050281374231;1800
