Ident;X;Y;Transfers;InjectedTransfers;PodsHandled;PodHandlingTimeAvg;PodHandlingTimeVar;PodHandlingTimeMin;PodHandlingTimeMax;PileOn;IdleTime;UpTime
InputStation0;0.50;12.50;0;0;0;0;0;0;0;0;1800;1800
OutputStation0;35.50;3.50;251;184;31;33.22343201565645;391.3868310678334;4.22453823585829;78.33990620858754;8.096774193548388;839.2300575433828;1800
OutputStation1;35.50;9.50;258;200;35;30.22220346393957;350.65068618597525;4.311017319697385;83.13935065303224;7.371428571428571;810.6587228848327;1800
OutputStation2;0.50;6.50;229;167;34;27.732532468181933;307.0151335514452;4.1828715691905245;68.12991340151234;6.735294117647059;919.3261542686558;1800
