Ident;X;Y;Transfers;InjectedTransfers;PodsHandled;PodHandlingTimeAvg;PodHandlingTimeVar;PodHandlingTimeMin;PodHandlingTimeMax;PileOn;IdleTime;UpTime
InputStation0;0.50;12.50;0;0;0;0;0;0;0;0;1800;1800
OutputStation0;35.50;3.50;261;192;29;36.523848279843236;768.6578728934126;4.281900379454328;83.57231601363583;9;802.3881007780626;1800
OutputStation1;35.50;9.50;272;210;29;37.94478479686711;691.2276818086737;4.04444444444448;83.62398268030279;9.379310344827585;754.6926752156203;1800
OutputStation2;0.50;6.50;217;159;31;28.70987989870116;438.76892396166926;4.114357845955965;75.67518758282677;7;963.7393963906769;1800
