Ident;X;Y;Transfers;InjectedTransfers;PodsHandled;PodHandlingTimeAvg;PodHandlingTimeVar;PodHandlingTimeMin;PodHandlingTimeMax;PileOn;IdleTime;UpTime
InputStation0;0.50;12.50;0;0;0;0;0;0;0;0;1800;1800
OutputStation0;35.50;3.50;257;192;32;33.0952398997949;395.69970933155815;4.044444444444423;75.12564934696866;8.03125;811.081457505052;1800
OutputStation1;35.50;9.50;246;186;34;29.606778287180703;362.033490249612;4.04444444444448;82.83435065303252;7.235294117647059;857.5369552338348;1800
OutputStation2;0.50;6.50;242;174;32;31.171923927572774;225.35294956144705;12.526666666666415;70.35620490252415;7.5625;869.9180591520073;1800
