Ident;X;Y;Transfers;InjectedTransfers;PodsHandled;PodHandlingTimeAvg;PodHandlingTimeVar;PodHandlingTimeMin;PodHandlingTimeMax;PileOn;IdleTime;UpTime
InputStation0;0.50;12.50;0;0;0;0;0;0;0;0;1800;1800
OutputStation0;35.50;3.50;231;167;35;27.355823333607116;223.29785998467358;4.04444444444448;80.11620490252471;6.6;913.8305822171035;1800
OutputStation1;35.50;9.50;225;163;37;25.05707928797449;228.00877937907077;4.04444444444448;63.07388888888897;6.081081081081081;940.8877127580572;1800
OutputStation2;0.50;6.50;210;149;36;24.043606300083884;252.8247564202197;4.159538235858236;78.03564934696897;5.833333333333333;997.5213346585656;1800
