Ident;X;Y;Transfers;InjectedTransfers;PodsHandled;PodHandlingTimeAvg;PodHandlingTimeVar;PodHandlingTimeMin;PodHandlingTimeMax;PileOn;IdleTime;UpTime
InputStation0;0.50;12.50;0;0;0;0;0;0;0;0;1800;1800
OutputStation0;35.50;3.50;286;210;29;40.721517636275635;470.58719830357575;16.57555555555564;80.929891822743;9.862068965517242;700.3977708682754;1800
OutputStation1;35.50;9.50;244;180;34;29.691175201248935;255.32852236460053;8.125;71.73159445401973;7.176470588235294;862.8795667241003;1800
OutputStation2;0.50;6.50;254;182;32;32.401982106505386;551.2615507779844;4.044444444444423;75.12620490252425;7.9375;824.792316863923;1800
