Ident;X;Y;Transfers;InjectedTransfers;PodsHandled;PodHandlingTimeAvg;PodHandlingTimeVar;PodHandlingTimeMin;PodHandlingTimeMax;PileOn;IdleTime;UpTime
InputStation0;0.50;12.50;0;0;0;0;0;0;0;0;1800;1800
OutputStation0;35.50;3.50;267;200;32;33.889667207907436;408.1197587322348;4.134076471715616;75.02666666666671;8.34375;775.7811966689467;1800
OutputStation1;35.50;9.50;264;191;33;32.98199987093738;534.1947618886162;4.106572875252823;76.52166666666722;8;791.7657572873197;1800
OutputStation2;0.50;6.50;255;188;34;30.938099042717322;330.21575003979245;8.08888888888896;80.36407647171495;7.5;826.1471657195088;1800
