Ident;X;Y;Transfers;InjectedTransfers;PodsHandled;PodHandlingTimeAvg;PodHandlingTimeVar;PodHandlingTimeMin;PodHandlingTimeMax;PileOn;IdleTime;UpTime
InputStation0;0.50;12.50;0;0;0;0;0;0;0;0;1800;1800
OutputStation0;35.50;3.50;262;197;33;32.103120162442586;395.38240791496355;4.04444444444448;83.08777777777783;7.9393939393939394;793.8370490252472;1800
OutputStation1;35.50;9.50;251;183;34;30.204923394682343;349.25813780165885;4.136385292419163;74.8295382358574;7.382352941176471;843.1008009651778;1800
OutputStation2;0.50;6.50;257;193;30;35.15083333333342;476.43769549943096;4.126572875253032;72.4135209161609;8.566666666666666;812.5227633919335;1800
