Ident;X;Y;Transfers;InjectedTransfers;PodsHandled;PodHandlingTimeAvg;PodHandlingTimeVar;PodHandlingTimeMin;PodHandlingTimeMax;PileOn;IdleTime;UpTime
InputStation0;0.50;12.50;0;0;0;0;0;0;0;0;1800;1800
OutputStation0;35.50;3.50;274;216;32;35.17735547392661;261.8378054527157;4.04444444444448;65.07953823585626;8.5625;752.832287241939;1800
OutputStation1;35.50;9.50;241;183;35;27.384272726536285;298.37971197677354;4.044444444444451;64.53333333333376;6.885714285714286;874.6024026121145;1800
OutputStation2;0.50;6.50;224;164;31;29.797233164190725;238.545596478628;4.132222222222282;62.56388888888921;7.225806451612903;941.631544103547;1800
