Ident;X;Y;Transfers;InjectedTransfers;PodsHandled;PodHandlingTimeAvg;PodHandlingTimeVar;PodHandlingTimeMin;PodHandlingTimeMax;PileOn;IdleTime;UpTime
InputStation0;0.50;12.50;0;0;0;0;0;0;0;0;1800;1800
OutputStation0;35.50;3.50;233;162;36;26.32098043778015;152.47803270811792;4.413333333333412;64.45621209544709;6.472222222222222;906.5569552338349;1800
OutputStation1;35.50;9.50;261;193;33;32.558490314845535;398.9251757955853;4.056017319698242;76.16500719292287;7.909090909090909;798.2905267838717;1800
OutputStation2;0.50;6.50;236;172;36;25.419112354615958;223.83900908730195;4.04444444444448;65.0966666666668;6.555555555555555;895.197879045525;1800
