Ident;X;Y;Transfers;InjectedTransfers;PodsHandled;PodHandlingTimeAvg;PodHandlingTimeVar;PodHandlingTimeMin;PodHandlingTimeMax;PileOn;IdleTime;UpTime
InputStation0;0.50;12.50;0;0;0;0;0;0;0;0;1800;1800
OutputStation0;35.50;3.50;250;185;32;31.999656383095903;223.56256297915638;8.200743138381085;61.159444444444716;7.8125;842.7968326707189;1800
OutputStation1;35.50;9.50;241;178;34;29.083660342275564;386.68712067139876;4.04444444444448;75.84000000000083;7.088235294117647;876.9203029530065;1800
OutputStation2;0.50;6.50;245;186;33;29.55132471793668;326.44315313644927;4.04444444444448;71.86555555555562;7.424242424242424;863.0479222030677;1800
