Ident;X;Y;Transfers;InjectedTransfers;PodsHandled;PodHandlingTimeAvg;PodHandlingTimeVar;PodHandlingTimeMin;PodHandlingTimeMax;PileOn;IdleTime;UpTime
InputStation0;0.50;12.50;0;0;0;0;0;0;0;0;1800;1800
OutputStation0;35.50;3.50;290;214;30;39.17103486971311;395.5504703782363;4.1945382358571806;76.96777777777748;9.666666666666666;689.1880447661698;1800
OutputStation1;35.50;9.50;257;193;34;31.133870425118324;532.6830480258981;4.04444444444448;80.12277777777831;7.5588235294117645;813.419718625751;1800
OutputStation2;0.50;6.50;232;168;36;26.229585539043534;349.1856775113197;4.04444444444448;73.59055555555597;6.444444444444445;910.5081457504987;1800
