Ident;X;Y;Transfers;InjectedTransfers;PodsHandled;PodHandlingTimeAvg;PodHandlingTimeVar;PodHandlingTimeMin;PodHandlingTimeMax;PileOn;IdleTime;UpTime
InputStation0;0.50;12.50;0;0;0;0;0;0;0;0;1800;1800
OutputStation0;35.50;3.50;241;171;34;29.201151855006046;305.0846807265029;4.04444444444448;71.56277777777802;7.088235294117647;876.0413058868539;1800
OutputStation1;35.50;9.50;257;198;34;30.896732237700313;487.3623652904158;4.3232395419204295;83.7140692787907;7.5588235294117645;811.1612699222446;1800
OutputStation2;0.50;6.50;192;137;36;22.043338743770796;200.53473923495844;4.067496403538371;63.00333333333322;5.333333333333333;1063.9423016277851;1800
