Ident;X;Y;Transfers;InjectedTransfers;PodsHandled;PodHandlingTimeAvg;PodHandlingTimeVar;PodHandlingTimeMin;PodHandlingTimeMax;PileOn;IdleTime;UpTime
InputStation0;0.50;12.50;0;0;0;0;0;0;0;0;1800;1800
OutputStation0;35.50;3.50;260;189;33;31.52779504872933;453.92293827527055;4.04444444444448;78.05185424949241;7.878787878787879;806.0052885671782;1800
OutputStation1;35.50;9.50;261;199;34;31.503020540359078;324.16726380288816;4.116111111110968;80.10185424949213;7.676470588235294;799.5319117928558;1800
OutputStation2;0.50;6.50;266;197;32;34.0831193628156;364.67631079924695;4.1872222222222035;76.63166666666679;8.3125;785.2774892106341;1800
