Ident;X;Y;Transfers;InjectedTransfers;PodsHandled;PodHandlingTimeAvg;PodHandlingTimeVar;PodHandlingTimeMin;PodHandlingTimeMax;PileOn;IdleTime;UpTime
InputStation0;0.50;12.50;0;0;0;0;0;0;0;0;1800;1800
OutputStation0;35.50;3.50;304;226;28;44.343653629563754;805.5584774040523;4.060093791412328;84.08287156919141;10.857142857142858;642.1094300585848;1800
OutputStation1;35.50;9.50;294;213;29;41.725306265378165;528.7147733736042;4.275555555555229;82.58731601363519;10.137931034482758;671.5025976713052;1800
OutputStation2;0.50;6.50;251;189;30;34.298521405134835;557.8535577435132;4.04444444444448;76.01722222222236;8.366666666666667;837.4521428166473;1800
