Ident;X;Y;Transfers;InjectedTransfers;PodsHandled;PodHandlingTimeAvg;PodHandlingTimeVar;PodHandlingTimeMin;PodHandlingTimeMax;PileOn;IdleTime;UpTime
InputStation0;0.50;12.50;0;0;0;0;0;0;0;0;1800;1800
OutputStation0;35.50;3.50;228;154;35;26.453486703982716;329.46741017884057;4.04444444444448;76.01833333333332;6.514285714285714;924.5409019495196;1800
OutputStation1;35.50;9.50;247;198;32;32.11079252436922;432.0205522199921;8.497222222222263;84.23388169596774;7.71875;852.1031961009636;1800
OutputStation2;0.50;6.50;229;168;34;26.93021517687174;375.6383423442851;4.04444444444448;80.98028137423836;6.735294117647059;921.7010317055369;1800
