Ident;X;Y;Transfers;InjectedTransfers;PodsHandled;PodHandlingTimeAvg;PodHandlingTimeVar;PodHandlingTimeMin;PodHandlingTimeMax;PileOn;IdleTime;UpTime
InputStation0;0.50;12.50;0;0;0;0;0;0;0;0;1800;1800
OutputStation0;35.50;3.50;239;174;35;27.63120387496386;346.34025603752104;4.070555555555302;66.47064215404555;6.828571428571428;886.9472078363705;1800
OutputStation1;35.50;9.50;223;160;35;25.636505051241247;333.7087827704111;4.04444444444448;66.03730882071159;6.371428571428571;942.154704239921;1800
OutputStation2;0.50;6.50;258;196;33;31.856117231374085;344.3530204787106;4.092777777777883;78.20074313838143;7.818181818181818;813.2843434601054;1800
