Ident;X;Y;Transfers;InjectedTransfers;PodsHandled;PodHandlingTimeAvg;PodHandlingTimeVar;PodHandlingTimeMin;PodHandlingTimeMax;PileOn;IdleTime;UpTime
InputStation0;0.50;12.50;0;0;0;0;0;0;0;0;1800;1800
OutputStation0;35.50;3.50;240;172;33;30.011834362932756;216.52423310420215;8.268888888888874;62.214617641423274;7.2727272727272725;880.6952597954619;1800
OutputStation1;35.50;9.50;245;182;34;29.780136447652815;202.5236854812783;4.044444444444423;59.45231601363571;7.205882352941177;861.0664212570451;1800
OutputStation2;0.50;6.50;258;195;31;34.354307358357474;391.04877402139886;4.151111111110822;67.54111111111183;8.32258064516129;809.3166232257133;1800
