Ident;X;Y;Transfers;InjectedTransfers;PodsHandled;PodHandlingTimeAvg;PodHandlingTimeVar;PodHandlingTimeMin;PodHandlingTimeMax;PileOn;IdleTime;UpTime
InputStation0;0.50;12.50;0;0;0;0;0;0;0;0;1800;1800
OutputStation0;35.50;3.50;230;159;33;28.627673925512738;426.88965894890873;4.195555555555302;78.93064934696986;6.96969696969697;918.9456565398864;1800
OutputStation1;35.50;9.50;242;179;34;29.448406968523386;560.0439939433235;4.224906208586617;82.62444444444475;7.117647058823529;870.7414503121457;1800
OutputStation2;0.50;6.50;236;174;33;29.493440027762514;330.000878915797;4.04444444444448;66.5444444444446;7.151515151515151;894.8945454287855;1800
