Ident;X;Y;Transfers;InjectedTransfers;PodsHandled;PodHandlingTimeAvg;PodHandlingTimeVar;PodHandlingTimeMin;PodHandlingTimeMax;PileOn;IdleTime;UpTime
InputStation0;0.50;12.50;0;0;0;0;0;0;0;0;1800;1800
OutputStation0;35.50;3.50;208;146;36;23.370922052701555;297.6844540390538;4.0604617641425875;79.36879509747564;5.777777777777778;1004.2941752523355;1800
OutputStation1;35.50;9.50;209;147;36;23.9516784253444;158.62227836854575;4.044444444444444;63.97898268030144;5.805555555555555;1000.8778809508437;1800
OutputStation2;0.50;6.50;218;155;35;25.729719582687817;252.59594026836356;4.04444444444448;58.58575033130239;6.228571428571429;963.8046663998917;1800
