Ident;X;Y;Transfers;InjectedTransfers;PodsHandled;PodHandlingTimeAvg;PodHandlingTimeVar;PodHandlingTimeMin;PodHandlingTimeMax;PileOn;IdleTime;UpTime
InputStation0;0.50;12.50;0;0;0;0;0;0;0;0;1800;1800
OutputStation0;35.50;3.50;212;148;37;23.516203736104483;390.884727238457;4.080555555555065;84.42000000000098;5.72972972972973;987.4080882071381;1800
OutputStation1;35.50;9.50;261;199;32;33.29322014894305;369.36935595356243;12.127222222222144;76.21166666666653;8.15625;800.4823232065586;1800
OutputStation2;0.50;6.50;266;201;32;33.50334843779966;428.8384485067262;4.04444444444448;83.69842712474633;8.3125;787.2416088398808;1800
