Ident;X;Y;Transfers;InjectedTransfers;PodsHandled;PodHandlingTimeAvg;PodHandlingTimeVar;PodHandlingTimeMin;PodHandlingTimeMax;PileOn;IdleTime;UpTime
InputStation0;0.50;12.50;0;0;0;0;0;0;0;0;1800;1800
OutputStation0;35.50;3.50;244;184;34;29.52081720502053;435.422044602221;4.073795097475795;82.96992059443062;7.176470588235294;862.4422440844203;1800
OutputStation1;35.50;9.50;237;172;34;28.711013706565122;377.04014669859214;4.04444444444448;66.35722222222222;6.970588235294118;892.1754039373251;1800
OutputStation2;0.50;6.50;270;204;31;35.67535213985053;421.1432856116615;8.377222222222372;78.73471862576167;8.709677419354838;765.679191841884;1800
