Ident;X;Y;Transfers;InjectedTransfers;PodsHandled;PodHandlingTimeAvg;PodHandlingTimeVar;PodHandlingTimeMin;PodHandlingTimeMax;PileOn;IdleTime;UpTime
InputStation0;0.50;12.50;0;0;0;0;0;0;0;0;1800;1800
OutputStation0;35.50;3.50;223;153;32;28.14800617842507;432.45578652828135;4.161479083841186;78.28184705657043;6.96875;944.9183045616402;1800
OutputStation1;35.50;9.50;258;186;34;31.412990619191678;355.23588377410084;4.401666666666415;75.43722222222277;7.588235294117647;810.6746299669458;1800
OutputStation2;0.50;6.50;227;160;35;26.724174808686726;351.48582796705654;4.044444444444423;67.4339826803016;6.485714285714286;928.3653461105599;1800
