Ident;X;Y;Transfers;InjectedTransfers;PodsHandled;PodHandlingTimeAvg;PodHandlingTimeVar;PodHandlingTimeMin;PodHandlingTimeMax;PileOn;IdleTime;UpTime
InputStation0;0.50;12.50;0;0;0;0;0;0;0;0;1800;1800
OutputStation0;35.50;3.50;240;169;33;29.684860289439243;519.8944494214659;4.08055555555552;79.91120490252403;7.2727272727272725;879.7079150101315;1800
OutputStation1;35.50;9.50;226;160;35;26.038034425786517;291.85351441372563;4.25333333333333;67.6244444444444;6.457142857142857;933.0893218813447;1800
OutputStation2;0.50;6.50;269;205;32;34.48936214332239;453.320649683281;4.04444444444448;69.52546176414296;8.40625;769.8573522616593;1800
